id,targets,clutter_per_sensor,p_detect,spacing,sigma_bearing,feasible,tuples,has_gap,optimum_equals_truth,optimum,lp_bound,greedy_valid,greedy_optimal,greedy_gap,greedy_equals_truth,greedy_seconds,greedy_normalised_valid,greedy_normalised_optimal,greedy_normalised_gap,greedy_normalised_equals_truth,greedy_normalised_seconds,lagrangian_valid,lagrangian_optimal,lagrangian_gap,lagrangian_equals_truth,lagrangian_seconds,annealing_valid,annealing_optimal,annealing_gap,annealing_equals_truth,annealing_seconds
p2-000-0,2,0.0,0.8,25.0,0.005,True,11,False,True,31.14341102582532,31.14341102582532,True,False,8.40742669492857,False,6.009999196976423e-05,True,True,0.0,True,8.630001684650779e-05,True,True,0.0,True,0.00042260001646354795,True,True,0.0,True,0.012531599990325049
p2-000-1,2,0.0,0.8,25.0,0.005,True,21,False,True,43.49026729734362,43.49026729734362,True,False,15.838183644865765,False,0.0001170000177808106,True,False,2.7785036108028294,False,0.00014109999756328762,True,True,0.0,True,0.0001868000254034996,True,False,2.7785036108028294,False,0.024727400013944134
p2-000-2,2,0.0,0.8,25.0,0.005,True,26,False,True,44.78255504677806,44.78255504677806,True,False,14.538929182773245,False,4.800001624971628e-05,True,False,0.6388854486851869,False,0.00013780000153928995,True,True,0.0,True,0.00034779999987222254,True,False,0.6388854486851869,False,0.030764900002395734
p2-001-0,2,0.0,0.8,25.0,0.01,True,11,False,True,32.97544752467418,32.97544752467418,True,False,9.347374021749289,False,3.5999983083456755e-05,True,False,0.13898037019374954,False,8.399999933317304e-05,True,True,0.0,True,0.00048630000674165785,True,True,0.0,True,0.018624500022269785
p2-001-1,2,0.0,0.8,25.0,0.01,True,17,False,True,42.3610175956196,42.3610175956196,True,False,10.542098473946396,False,3.6200013710185885e-05,True,False,1.6322400394998056,False,7.999999797903001e-05,True,True,0.0,True,0.00023559998953714967,True,True,0.0,True,0.02209670000593178
p2-001-2,2,0.0,0.8,25.0,0.01,True,11,False,False,33.5807669431109,33.5807669431109,True,False,8.731376104636205,False,3.120000474154949e-05,True,True,0.0,False,6.46000262349844e-05,True,True,0.0,False,0.00019000002066604793,True,True,0.0,False,0.012462900020182133
p2-002-0,2,0.0,0.8,25.0,0.02,True,17,True,False,45.86486589629791,45.752414644517316,True,False,10.48465303284415,False,3.4500000765547156e-05,True,False,2.076412646898021,False,7.409998215734959e-05,True,True,0.0,False,0.005399599991505966,True,True,0.0,False,0.01854400002048351
p2-002-1,2,0.0,0.8,25.0,0.02,True,26,False,True,51.547962970842,51.547962970842,True,False,16.08521680736154,False,4.5500026317313313e-05,True,False,2.895463625203469,False,9.26000066101551e-05,True,True,0.0,True,0.00024500000290572643,True,False,2.2714561979041292,False,0.031147999980021268
p2-002-2,2,0.0,0.8,25.0,0.02,True,17,False,False,44.601495656461424,44.601495656461424,True,False,11.757623818088327,False,4.4800020987167954e-05,True,False,3.429593601488399,False,0.00010309999925084412,True,True,0.0,False,0.00018130001262761652,True,True,0.0,False,0.020825999992666766
p2-003-0,2,0.0,0.8,50.0,0.005,True,10,False,True,36.52560962126935,36.52560962126935,True,False,12.90295869257239,False,3.619998460635543e-05,True,True,0.0,True,8.610001532360911e-05,True,True,0.0,True,0.0001635999942664057,True,True,0.0,True,0.013013699994189665
p2-003-1,2,0.0,0.8,50.0,0.005,True,11,False,False,38.71810997504799,38.71810997504799,True,False,10.688810949258418,False,3.200001083314419e-05,True,False,2.4102807047859898,False,6.78999931551516e-05,True,True,0.0,False,0.00012729997979477048,True,True,0.0,False,0.012185300001874566
p2-003-2,2,0.0,0.8,50.0,0.005,True,10,False,True,36.212375681551386,36.212375681551386,True,False,13.215487352325923,False,3.1800009310245514e-05,True,True,0.0,True,7.479998748749495e-05,True,True,0.0,True,0.00013120000949129462,True,True,0.0,True,0.011053399997763336
p2-004-0,2,0.0,0.8,50.0,0.01,True,5,False,True,29.29109057101609,29.29109057101609,True,False,2.452935493597728,False,2.3600005079060793e-05,True,False,2.452935493597728,False,4.6200002543628216e-05,True,True,0.0,True,0.0013666000158991665,True,True,0.0,True,0.005558800010476261
p2-004-1,2,0.0,0.8,50.0,0.01,True,13,False,True,42.76078884822677,42.76078884822677,True,False,10.128035533197412,False,3.239998477511108e-05,True,False,1.5849527295657566,False,7.020001066848636e-05,True,True,0.0,True,0.00013520001084543765,True,True,0.0,True,0.013939399999799207
p2-004-2,2,0.0,0.8,50.0,0.01,True,26,False,True,45.94954673959255,45.94954673959255,True,False,17.52773030740549,False,4.120002267882228e-05,True,True,0.0,True,8.999998681247234e-05,True,True,0.0,True,0.00014489999739453197,True,False,3.94844586263946,False,0.02737860000343062
p2-005-0,2,0.0,0.8,50.0,0.02,True,17,False,True,43.73494544590844,43.73494544590844,True,False,12.60594112287201,False,3.500000457279384e-05,True,False,0.15062987854089016,False,7.829998503439128e-05,True,True,0.0,True,0.00018920001457445323,True,True,0.0,True,0.018471999996108934
p2-005-1,2,0.0,0.8,50.0,0.02,True,14,False,True,44.56310501367376,44.56310501367376,True,False,11.814761192960972,False,3.290001768618822e-05,True,True,0.0,True,6.829999620094895e-05,True,True,0.0,True,0.00015820001135580242,True,True,0.0,True,0.016800799989141524
p2-005-2,2,0.0,0.8,50.0,0.02,True,11,False,True,36.29204713351377,36.29204713351377,True,False,8.784688612444391,False,2.989999484270811e-05,True,False,4.2686327211470925,False,6.520000169984996e-05,True,True,0.0,True,0.00025350000942125916,True,True,0.0,True,0.012247699982253835
p2-006-0,2,0.0,0.8,100.0,0.005,True,14,False,True,41.72770914143288,41.72770914143288,True,False,17.575256346735074,False,3.329999162815511e-05,True,True,0.0,True,7.239999831654131e-05,True,True,0.0,True,0.00013210001634433866,True,True,0.0,True,0.01629020000109449
p2-006-1,2,0.0,0.8,100.0,0.005,True,10,False,True,40.45366512494414,40.45366512494414,True,False,8.99422621675545,False,3.789999755099416e-05,True,False,4.862104373258454,False,9.049999061971903e-05,True,True,0.0,True,0.00016560000949539244,True,True,0.0,True,0.013778699998511001
p2-006-2,2,0.0,0.8,100.0,0.005,True,4,False,True,24.9054493801813,24.9054493801813,True,False,4.736404989115957,False,2.3900007363408804e-05,True,True,0.0,True,4.680000711232424e-05,True,True,0.0,True,0.00012760001118294895,True,True,0.0,True,0.0046347999887075275
p2-007-0,2,0.0,0.8,100.0,0.01,True,10,False,True,43.72752438751549,43.72752438751549,True,False,9.173644346879271,False,2.8399983420968056e-05,True,False,0.7095996002491844,False,6.430002395063639e-05,True,True,0.0,True,0.00013020000187680125,True,True,0.0,True,0.011945900012506172
p2-007-1,2,0.0,0.8,100.0,0.01,True,14,False,True,48.16262082506202,48.16262082506202,True,False,15.322716694968378,False,3.320001997053623e-05,True,False,1.6635219170205673,False,7.239999831654131e-05,True,True,0.0,True,0.00018489998183213174,True,True,0.0,True,0.0176352999988012
p2-007-2,2,0.0,0.8,100.0,0.01,True,14,False,True,47.41143482548554,47.41143482548554,True,False,16.05256067042798,False,3.1899980967864394e-05,True,True,0.0,True,7.100001676008105e-05,True,True,0.0,True,0.00013380000018514693,True,True,0.0,True,0.015260699990903959
p2-008-0,2,0.0,0.8,100.0,0.02,True,11,False,True,46.99621394682312,46.99621394682312,True,False,9.328376249613612,False,2.9400020139291883e-05,True,False,9.328376249613612,False,7.320000440813601e-05,True,True,0.0,True,0.00014970000484026968,True,True,0.0,True,0.012337200023466721
p2-008-1,2,0.0,0.8,100.0,0.02,True,11,False,True,43.953952158722956,43.953952158722956,True,False,12.375642857871114,False,2.850001328624785e-05,True,True,0.0,True,6.78999931551516e-05,True,True,0.0,True,0.00012459998833946884,True,True,0.0,True,0.011768600001232699
p2-008-2,2,0.0,0.8,100.0,0.02,True,4,False,True,29.395963080436637,29.395963080436637,True,False,4.405242700088387,False,2.1199986804276705e-05,True,True,0.0,True,4.3100008042529225e-05,True,True,0.0,True,4.290000651963055e-05,True,True,0.0,True,0.004512300016358495
p2-009-0,2,0.0,0.9,25.0,0.005,True,15,False,False,38.49904974112812,38.49904974112812,True,False,17.273060385412037,False,3.100000321865082e-05,True,False,4.541119242747847,False,7.009998080320656e-05,True,True,0.0,False,0.00012499999138526618,True,True,0.0,False,0.01871689999825321
p2-009-1,2,0.0,0.9,25.0,0.005,True,15,False,True,36.19412396648794,36.19412396648794,True,False,19.575287470533247,False,3.209998249076307e-05,True,True,0.0,True,7.670000195503235e-05,True,True,0.0,True,9.180000051856041e-05,True,True,0.0,True,0.01630680001107976
p2-009-2,2,0.0,0.9,25.0,0.005,True,23,False,True,43.52218165495242,43.52218165495242,True,False,23.37875016912315,False,3.7699996028095484e-05,True,False,4.5805101040984795,False,8.259998867288232e-05,True,True,0.0,True,0.00017409998690709472,True,True,0.0,True,0.0260407000023406
p2-010-0,2,0.0,0.9,25.0,0.01,True,26,False,True,46.36849002977539,46.36849002977539,True,False,24.697142951170363,False,3.9000005926936865e-05,True,False,4.760707038470912,False,8.839997462928295e-05,True,True,0.0,True,0.00013909998233430088,True,False,1.724370249016033,False,0.028593800001544878
p2-010-1,2,0.0,0.9,25.0,0.01,True,14,False,True,40.11040617812055,40.11040617812055,True,False,19.112216145474683,False,3.259998629800975e-05,True,True,0.0,True,7.219999679364264e-05,True,True,0.0,True,0.00010030000703409314,True,True,0.0,True,0.01813909999327734
p2-010-2,2,0.0,0.9,25.0,0.01,True,17,False,False,40.33154856467196,40.33154856467196,True,False,18.90459907307129,False,3.3199990866705775e-05,True,True,0.0,False,6.930000381544232e-05,True,True,0.0,False,0.00012139999307692051,True,True,0.0,False,0.019369499990716577
p2-011-0,2,0.0,0.9,25.0,0.02,True,17,False,True,44.05013885137812,44.05013885137812,True,False,18.663448408020727,False,3.329999162815511e-05,True,False,0.4688061804799304,False,7.190002361312509e-05,True,True,0.0,True,0.00016150000737980008,True,True,0.0,True,0.01842820001184009
p2-011-1,2,0.0,0.9,25.0,0.02,True,17,False,True,45.73568241237422,45.73568241237422,True,False,16.99493464534327,False,3.279998782090843e-05,True,False,3.957963999564896,False,7.109998841769993e-05,True,True,0.0,True,0.00021540001034736633,True,True,0.0,True,0.018488600006094202
p2-011-2,2,0.0,0.9,25.0,0.02,True,26,False,False,50.70434676133628,50.70434676133628,True,False,24.53169832854043,False,3.969998215325177e-05,True,False,0.03373110004174862,True,8.589998469687998e-05,True,True,0.0,False,0.00017439998919144273,True,True,0.0,False,0.027974500000709668
p2-012-0,2,0.0,0.9,50.0,0.005,True,9,False,False,44.67355232060913,44.67355232060913,True,False,11.12484488711003,False,2.6399997295811772e-05,True,False,4.514652904098526,False,5.800000508315861e-05,True,True,0.0,False,0.00033019998227246106,True,True,0.0,False,0.011748499993700534
p2-012-1,2,0.0,0.9,50.0,0.005,True,11,False,True,39.83976325378501,39.83976325378501,True,False,15.942671136307318,False,2.8999987989664078e-05,True,False,4.325827011700653,False,6.500000017695129e-05,True,True,0.0,True,0.00015330000314861536,True,True,0.0,True,0.013918800017563626
p2-012-2,2,0.0,0.9,50.0,0.005,True,14,False,True,40.973120911114734,40.973120911114734,True,False,25.95052007349878,False,3.5699980799108744e-05,True,True,0.0,True,7.750000804662704e-05,True,True,0.0,True,9.14999982342124e-05,True,True,0.0,True,0.015240099979564548
p2-013-0,2,0.0,0.9,50.0,0.01,True,19,False,True,49.96715215088769,49.96715215088769,True,False,21.116591413217712,False,3.23000131174922e-05,True,False,4.379871987067737,False,8.379999781027436e-05,True,True,0.0,True,0.0001396999869029969,True,True,0.0,True,0.021672499977285042
p2-013-1,2,0.0,0.9,50.0,0.01,True,17,False,True,40.609862325141975,40.609862325141975,True,False,18.65481475626155,False,3.209998249076307e-05,True,True,0.0,True,7.020001066848636e-05,True,True,0.0,True,0.00013050000416114926,True,True,0.0,True,0.01935859999503009
p2-013-2,2,0.0,0.9,50.0,0.01,True,17,False,True,48.69466320835415,48.69466320835415,True,False,22.373798799078493,False,3.37999954354018e-05,True,False,3.8524929150746985,False,7.2900002123788e-05,True,True,0.0,True,0.00014519999967887998,True,True,0.0,True,0.018624399992404506
p2-014-0,2,0.0,0.9,50.0,0.02,True,23,False,False,51.45532729498889,51.45532729498889,True,False,23.77589179327947,False,3.600001218728721e-05,True,False,4.487133706677966,False,7.949999417178333e-05,True,True,0.0,False,0.00017790001584216952,True,True,0.0,False,0.025870000012218952
p2-014-1,2,0.0,0.9,50.0,0.02,True,19,False,True,53.33068429070994,53.33068429070994,True,False,21.91322739944485,False,3.399999695830047e-05,True,False,4.525984518478651,False,7.449998520314693e-05,True,True,0.0,True,0.0001461999781895429,True,True,0.0,True,0.02056479998282157
p2-014-2,2,0.0,0.9,50.0,0.02,True,26,False,True,48.32664744561799,48.32664744561799,True,False,26.917521023956724,False,4.749998333863914e-05,True,True,0.0,True,8.420000085607171e-05,True,True,0.0,True,9.980000322684646e-05,True,False,3.979443567265726,False,0.029710999981034547
p2-015-0,2,0.0,0.9,100.0,0.005,True,10,False,True,37.03429359411324,37.03429359411324,True,False,18.7217028650362,False,2.9000017093494534e-05,True,True,0.0,True,6.200000643730164e-05,True,True,0.0,True,8.81000014487654e-05,True,True,0.0,True,0.013014700001804158
p2-015-1,2,0.0,0.9,100.0,0.005,True,10,False,True,36.375095443363406,36.375095443363406,True,False,19.414639490046262,False,2.95999925583601e-05,True,True,0.0,True,6.379999103955925e-05,True,True,0.0,True,8.680002065375447e-05,True,True,0.0,True,0.010902600013650954
p2-015-2,2,0.0,0.9,100.0,0.005,True,10,False,True,38.71239536166077,38.71239536166077,True,False,17.053797143507808,False,2.8000009479001164e-05,True,False,4.12517122026631,False,6.650001159869134e-05,True,True,0.0,True,8.58000130392611e-05,True,True,0.0,True,0.010882799979299307
p2-016-0,2,0.0,0.9,100.0,0.01,True,14,False,True,46.62793434458108,46.62793434458108,True,False,24.466951723524744,False,3.070000093430281e-05,True,True,0.0,True,6.839999696239829e-05,True,True,0.0,True,0.00012730000889860094,True,True,0.0,True,0.015492700011236593
p2-016-1,2,0.0,0.9,100.0,0.01,True,14,False,True,45.99875911886099,45.99875911886099,True,False,25.0603516415496,False,4.2899977415800095e-05,True,True,0.0,True,7.130001904442906e-05,True,True,0.0,True,0.00014479999663308263,True,True,0.0,True,0.01602059998549521
p2-016-2,2,0.0,0.9,100.0,0.01,True,6,False,True,38.79947041157914,38.79947041157914,True,False,8.619653574689252,False,2.3500004317611456e-05,True,False,3.7695694913842175,False,4.919999628327787e-05,True,True,0.0,True,0.0001142999972216785,True,True,0.0,True,0.006713599985232577
p2-017-0,2,0.0,0.9,100.0,0.02,True,14,False,True,44.171024411603554,44.171024411603554,True,False,18.561521257791334,False,5.6899996707215905e-05,True,True,0.0,True,0.00012179999612271786,True,True,0.0,True,0.00025690000620670617,True,True,0.0,True,0.01751540001714602
p2-017-1,2,0.0,0.9,100.0,0.02,True,14,False,True,44.415319426017255,44.415319426017255,True,False,18.325247159293305,False,3.3100019209086895e-05,True,True,0.0,True,7.190002361312509e-05,True,True,0.0,True,0.0001660000125411898,True,True,0.0,True,0.015246299997670576
p2-017-2,2,0.0,0.9,100.0,0.02,True,17,False,True,43.977350954402986,43.977350954402986,True,False,18.66674533437361,False,3.160000778734684e-05,True,True,0.0,True,7.109998841769993e-05,True,True,0.0,True,0.00013749999925494194,True,True,0.0,True,0.020226499997079372
p2-018-0,2,0.0,1.0,25.0,0.005,True,8,False,True,43.425424098757745,43.425424098757745,True,True,0.0,True,2.6299996534362435e-05,True,True,0.0,True,6.189997657202184e-05,True,True,0.0,True,4.730001091957092e-05,True,True,0.0,True,0.00872230000095442
p2-018-1,2,0.0,1.0,25.0,0.005,True,2,False,True,41.32138888417626,41.32138888417626,True,True,0.0,True,2.710000262595713e-05,True,True,0.0,True,8.110000635497272e-05,True,True,0.0,True,5.709999823011458e-05,True,True,0.0,True,0.0027913999801967293
p2-018-2,2,0.0,1.0,25.0,0.005,True,8,False,True,39.72426114778233,39.72426114778233,True,True,0.0,True,3.070000093430281e-05,True,True,0.0,True,6.120000034570694e-05,True,True,0.0,True,4.849999095313251e-05,True,True,0.0,True,0.008513700013281778
p2-019-0,2,0.0,1.0,25.0,0.01,True,8,False,True,46.1799421446841,46.1799421446841,True,False,1.5598234947830676,False,2.5299988919869065e-05,True,False,1.5598234947830676,False,5.900001269765198e-05,True,True,0.0,True,8.369999704882503e-05,True,True,0.0,True,0.009179499989841133
p2-019-1,2,0.0,1.0,25.0,0.01,True,4,False,True,49.41633641780994,49.41633641780994,True,True,0.0,True,2.2299995180219412e-05,True,True,0.0,True,5.690002581104636e-05,True,True,0.0,True,4.39999857917428e-05,True,True,0.0,True,0.004875799990259111
p2-019-2,2,0.0,1.0,25.0,0.01,True,8,False,True,46.43975398555938,46.43975398555938,True,False,1.4349094991613,False,2.5399989681318402e-05,True,False,1.4349094991613,False,6.019999273121357e-05,True,True,0.0,True,4.7900015488266945e-05,True,True,0.0,True,0.00865559998783283
p2-020-0,2,0.0,1.0,25.0,0.02,True,8,False,True,50.11429326466907,50.11429326466907,True,True,0.0,True,2.4999986635521054e-05,True,True,0.0,True,6.0999998822808266e-05,True,True,0.0,True,4.6600005589425564e-05,True,True,0.0,True,0.008632700017187744
p2-020-1,2,0.0,1.0,25.0,0.02,True,8,False,True,48.95159785929598,48.95159785929598,True,True,0.0,True,3.270001616328955e-05,True,True,0.0,True,6.049999501556158e-05,True,True,0.0,True,4.700000863522291e-05,True,True,0.0,True,0.008923899993533269
p2-020-2,2,0.0,1.0,25.0,0.02,True,8,False,False,50.55403665236847,50.55403665236847,True,False,1.345449411459235,False,2.579999272711575e-05,True,False,1.345449411459235,False,6.419999408535659e-05,True,True,0.0,False,8.150000940077007e-05,True,True,0.0,False,0.008683199994266033
p2-021-0,2,0.0,1.0,50.0,0.005,True,2,False,True,41.8740944915901,41.8740944915901,True,True,0.0,True,1.990000600926578e-05,True,True,0.0,True,5.629999213851988e-05,True,True,0.0,True,4.600000102072954e-05,True,True,0.0,True,0.00242239999352023
p2-021-1,2,0.0,1.0,50.0,0.005,True,2,False,True,41.617255121635694,41.617255121635694,True,True,0.0,True,1.7299986211583018e-05,True,True,0.0,True,4.8999994760379195e-05,True,True,0.0,True,4.010001430287957e-05,True,True,0.0,True,0.0023446000122930855
p2-021-2,2,0.0,1.0,50.0,0.005,True,2,False,True,46.38746958404802,46.38746958404802,True,True,0.0,True,1.7399986973032355e-05,True,True,0.0,True,5.119998240843415e-05,True,True,0.0,True,4.049998824484646e-05,True,True,0.0,True,0.0023385999957099557
p2-022-0,2,0.0,1.0,50.0,0.01,True,5,False,True,50.0495083014266,50.0495083014266,True,True,0.0,True,2.2899999748915434e-05,True,True,0.0,True,5.6899996707215905e-05,True,True,0.0,True,4.4899992644786835e-05,True,True,0.0,True,0.0055305999994743615
p2-022-1,2,0.0,1.0,50.0,0.01,True,2,False,True,48.67111983160859,48.67111983160859,True,True,0.0,True,1.7799990018829703e-05,True,True,0.0,True,4.910002462565899e-05,True,True,0.0,True,4.099999205209315e-05,True,True,0.0,True,0.0023289999808184803
p2-022-2,2,0.0,1.0,50.0,0.01,True,2,False,True,47.4373952800971,47.4373952800971,True,True,0.0,True,1.990000600926578e-05,True,True,0.0,True,5.609999061562121e-05,True,True,0.0,True,6.489999941550195e-05,True,True,0.0,True,0.0027000999834854156
p2-023-0,2,0.0,1.0,50.0,0.02,True,6,False,True,49.462519888664026,49.462519888664026,True,True,0.0,True,2.400000812485814e-05,True,True,0.0,True,5.77000027988106e-05,True,True,0.0,True,4.67000063508749e-05,True,True,0.0,True,0.0064909000066109
p2-023-1,2,0.0,1.0,50.0,0.02,True,5,False,True,50.333118601706666,50.333118601706666,True,True,0.0,True,2.340000355616212e-05,True,True,0.0,True,5.9200014220550656e-05,True,True,0.0,True,4.640000406652689e-05,True,True,0.0,True,0.006101000006310642
p2-023-2,2,0.0,1.0,50.0,0.02,True,8,False,True,50.313500646883625,50.313500646883625,True,True,0.0,True,4.119999357499182e-05,True,True,0.0,True,8.150000940077007e-05,True,True,0.0,True,9.839999256655574e-05,True,True,0.0,True,0.009134699997957796
p2-024-0,2,0.0,1.0,100.0,0.005,True,2,False,True,42.81328960996125,42.81328960996125,True,True,0.0,True,1.8999999156221747e-05,True,True,0.0,True,5.299999611452222e-05,True,True,0.0,True,4.73999825771898e-05,True,True,0.0,True,0.002408800006378442
p2-024-1,2,0.0,1.0,100.0,0.005,True,2,False,True,42.58117999736355,42.58117999736355,True,True,0.0,True,2.0500010577961802e-05,True,True,0.0,True,5.810000584460795e-05,True,True,0.0,True,4.7999987145885825e-05,True,True,0.0,True,0.0023910000163596123
p2-024-2,2,0.0,1.0,100.0,0.005,True,2,False,True,44.47634607520976,44.47634607520976,True,True,0.0,True,1.9500002963468432e-05,True,True,0.0,True,6.089999806135893e-05,True,True,0.0,True,4.4599990360438824e-05,True,True,0.0,True,0.002668200002517551
p2-025-0,2,0.0,1.0,100.0,0.01,True,2,False,True,49.96684413110296,49.96684413110296,True,True,0.0,True,2.1500018192455173e-05,True,True,0.0,True,6.0399994254112244e-05,True,True,0.0,True,4.6699977247044444e-05,True,True,0.0,True,0.002366000000620261
p2-025-1,2,0.0,1.0,100.0,0.01,False,1,False,False,,,False,False,,False,,False,False,,False,,False,False,,False,,False,False,,False,
p2-025-2,2,0.0,1.0,100.0,0.01,True,2,False,True,49.042185884046354,49.042185884046354,True,True,0.0,True,1.829999382607639e-05,True,True,0.0,True,5.060000694356859e-05,True,True,0.0,True,4.1300023440271616e-05,True,True,0.0,True,0.0023185999889392406
p2-026-0,2,0.0,1.0,100.0,0.02,True,3,False,True,56.407639522601634,56.407639522601634,True,True,0.0,True,1.9800005247816443e-05,True,True,0.0,True,0.00013100000796839595,True,True,0.0,True,4.349998198449612e-05,True,True,0.0,True,0.0033688999828882515
p2-026-1,2,0.0,1.0,100.0,0.02,True,2,False,True,53.07582600433419,53.07582600433419,True,True,0.0,True,1.7300015315413475e-05,True,True,0.0,True,5.050000618211925e-05,True,True,0.0,True,4.1399995097890496e-05,True,True,0.0,True,0.0023280000023078173
p2-026-2,2,0.0,1.0,100.0,0.02,True,2,False,True,53.31603481778284,53.31603481778284,True,True,0.0,True,1.85999961104244e-05,True,True,0.0,True,5.169998621568084e-05,True,True,0.0,True,4.1799998143687844e-05,True,True,0.0,True,0.0023985999869182706
p2-027-0,2,0.5,0.8,25.0,0.005,True,11,False,False,-19.37897335047946,-19.37897335047946,True,True,0.0,False,2.9399991035461426e-05,True,True,0.0,False,6.160000339150429e-05,True,True,0.0,False,0.0002117999829351902,True,True,0.0,False,0.012019699992379174
p2-027-1,2,0.5,0.8,25.0,0.005,True,26,False,True,-40.19097525255745,-40.19097525255745,True,True,0.0,True,3.920000744983554e-05,True,False,1.234705515427045,False,9.929999941959977e-05,True,True,0.0,True,0.00025680000544525683,True,True,0.0,True,0.02811759998439811
p2-027-2,2,0.5,0.8,25.0,0.005,True,20,False,True,-32.5305568634936,-32.5305568634936,True,True,0.0,True,4.5500026317313313e-05,True,False,5.527801820730488,False,0.00012079998850822449,True,True,0.0,True,0.00042990001384168863,True,True,0.0,True,0.024241600011009723
p2-028-0,2,0.5,0.8,25.0,0.01,True,12,False,True,-19.58204218005465,-19.58204218005465,True,True,0.0,True,2.850001328624785e-05,True,True,0.0,True,6.249998114071786e-05,True,True,0.0,True,0.00021120000747032464,True,True,0.0,True,0.014618099987274036
p2-028-1,2,0.5,0.8,25.0,0.01,True,31,False,True,-33.96029736661663,-33.96029736661663,True,True,0.0,True,4.2100000428035855e-05,True,True,0.0,True,0.00010820000898092985,True,True,0.0,True,0.00024359999224543571,True,True,0.0,True,0.03414209999027662
p2-028-2,2,0.5,0.8,25.0,0.01,True,14,False,True,-21.968253561040676,-21.968253561040676,True,True,0.0,True,3.0199997127056122e-05,True,False,2.5938661463055688,False,6.849999772384763e-05,True,True,0.0,True,0.00019520000205375254,True,True,0.0,True,0.0160500000056345
p2-029-0,2,0.5,0.8,25.0,0.02,True,20,False,False,-25.132499363197212,-25.132499363197212,True,False,0.7676839394189479,False,3.540000761859119e-05,True,False,3.810909676911198,False,8.639998850412667e-05,True,True,0.0,False,0.00032350001856684685,True,True,0.0,False,0.022781600011512637
p2-029-1,2,0.5,0.8,25.0,0.02,True,22,False,False,-28.6223487579114,-28.6223487579114,True,False,2.23778591129172,False,3.7999998312443495e-05,True,False,2.698902512815714,False,9.06999921426177e-05,True,True,0.0,False,0.0001975000195670873,True,True,0.0,False,0.025583800015738234
p2-029-2,2,0.5,0.8,25.0,0.02,True,11,False,False,-20.00436219299024,-20.00436219299024,True,True,0.0,False,2.820001100189984e-05,True,True,0.0,False,7.109998841769993e-05,True,True,0.0,False,9.99000039882958e-05,True,True,0.0,False,0.013700499985134229
p2-030-0,2,0.5,0.8,50.0,0.005,True,15,False,True,-36.30964017061984,-36.30964017061984,True,True,0.0,True,3.23000131174922e-05,True,False,2.5474871057380852,False,8.140000863932073e-05,True,True,0.0,True,0.00015350000467151403,True,True,0.0,True,0.019050100003369153
p2-030-1,2,0.5,0.8,50.0,0.005,True,6,False,True,-18.67729991647104,-18.67729991647104,True,True,0.0,True,2.370000584051013e-05,True,True,0.0,True,5.360000068321824e-05,True,True,0.0,True,4.9700000090524554e-05,True,True,0.0,True,0.007559999998193234
p2-030-2,2,0.5,0.8,50.0,0.005,True,17,False,True,-38.990398949917314,-38.990398949917314,True,True,0.0,True,3.129997639916837e-05,True,True,0.0,True,7.839998579584062e-05,True,True,0.0,True,0.00014650000957772136,True,True,0.0,True,0.02028319999226369
p2-031-0,2,0.5,0.8,50.0,0.01,True,14,False,True,-26.16461669855752,-26.16461669855752,True,True,0.0,True,4.150002496317029e-05,True,True,0.0,True,0.00010350000229664147,True,True,0.0,True,0.0001818999880924821,True,True,0.0,True,0.019210999977076426
p2-031-1,2,0.5,0.8,50.0,0.01,True,10,False,True,-20.304253514477885,-20.304253514477885,True,True,0.0,True,3.309999010525644e-05,True,False,2.7881053113112557,False,7.740000728517771e-05,True,True,0.0,True,0.00014089999604038894,True,True,0.0,True,0.011600700003327802
p2-031-2,2,0.5,0.8,50.0,0.01,True,13,False,False,-23.901692146810703,-23.901692146810703,True,True,0.0,False,4.2100000428035855e-05,True,True,0.0,False,0.00010119998478330672,True,True,0.0,False,0.00021109997760504484,True,True,0.0,False,0.02753140000277199
p2-032-0,2,0.5,0.8,50.0,0.02,True,17,False,False,-20.36321285573177,-20.36321285573177,True,True,0.0,False,3.689998993650079e-05,True,True,0.0,False,0.00020689997472800314,True,True,0.0,False,0.00016339999274350703,True,True,0.0,False,0.023480200004996732
p2-032-1,2,0.5,0.8,50.0,0.02,True,18,False,True,-23.642792800589348,-23.642792800589348,True,True,0.0,True,3.86999745387584e-05,True,True,0.0,True,8.640001760795712e-05,True,True,0.0,True,0.00033290000283159316,True,True,0.0,True,0.020396300009451807
p2-032-2,2,0.5,0.8,50.0,0.02,True,26,False,True,-25.461871733354112,-25.461871733354112,True,True,0.0,True,3.929997910745442e-05,True,False,3.137349550005137,False,9.640000644139946e-05,True,True,0.0,True,0.00015690000145696104,True,True,0.0,True,0.028701000002911314
p2-033-0,2,0.5,0.8,100.0,0.005,True,10,False,True,-26.721368432449474,-26.721368432449474,True,True,0.0,True,2.889998722821474e-05,True,False,2.0464561821058354,False,6.430002395063639e-05,True,True,0.0,True,0.0001613000058569014,True,True,0.0,True,0.01173430000199005
p2-033-1,2,0.5,0.8,100.0,0.005,True,13,False,True,-35.69929039634435,-35.69929039634435,True,True,0.0,True,3.429999924264848e-05,True,True,0.0,True,8.299999171867967e-05,True,True,0.0,True,0.0001537000061944127,True,True,0.0,True,0.01478800000040792
p2-033-2,2,0.5,0.8,100.0,0.005,True,11,False,True,-30.139507791744947,-30.139507791744947,True,True,0.0,True,3.120000474154949e-05,True,False,2.785360020544932,False,7.369997911155224e-05,True,True,0.0,True,0.00017259997548535466,True,True,0.0,True,0.012739600002532825
p2-034-0,2,0.5,0.8,100.0,0.01,True,13,False,True,-32.98205513275387,-32.98205513275387,True,True,0.0,True,3.37999954354018e-05,True,True,0.0,True,7.959999493323267e-05,True,True,0.0,True,0.00016159997903741896,True,True,0.0,True,0.014736899989657104
p2-034-1,2,0.5,0.8,100.0,0.01,True,13,False,True,-30.104119607692812,-30.104119607692812,True,True,0.0,True,3.5200006095692515e-05,True,False,2.9502770095538438,False,8.450000314041972e-05,True,True,0.0,True,0.00014669998199678957,True,True,0.0,True,0.016059599991422147
p2-034-2,2,0.5,0.8,100.0,0.01,True,7,False,True,-21.003005761936482,-21.00300576193648,True,True,0.0,True,4.379998426884413e-05,True,True,0.0,True,8.589998469687998e-05,True,True,0.0,True,0.00012670000432990491,True,True,0.0,True,0.00966159999370575
p2-035-0,2,0.5,0.8,100.0,0.02,True,16,False,False,-23.08119441842316,-23.08119441842316,True,False,0.7178899579197306,True,3.399999695830047e-05,True,True,0.0,False,7.769998046569526e-05,True,True,0.0,False,0.0008273999847006053,True,True,0.0,False,0.019420299999183044
p2-035-1,2,0.5,0.8,100.0,0.02,True,23,False,True,-33.318974901777196,-33.318974901777196,True,True,0.0,True,4.119999357499182e-05,True,False,2.9947872627361534,False,0.00010679999832063913,True,True,0.0,True,0.00017220000154338777,True,True,0.0,True,0.02564830001210794
p2-035-2,2,0.5,0.8,100.0,0.02,True,9,False,True,-16.815858458367394,-16.81585845836739,True,True,0.0,True,3.070000093430281e-05,True,False,2.915298157886209,False,6.749999010935426e-05,True,True,0.0,True,0.0001024999946821481,True,True,0.0,True,0.010330499993870035
p2-036-0,2,0.5,0.9,25.0,0.005,True,7,False,False,-15.609374454169934,-15.609374454169934,True,False,2.889117269943341,True,2.6599998818710446e-05,True,False,2.889117269943341,True,5.43000060133636e-05,True,True,0.0,False,0.00013270002091303468,True,True,0.0,False,0.007734600018011406
p2-036-1,2,0.5,0.9,25.0,0.005,True,27,False,True,-37.71496565173653,-37.71496565173653,True,True,0.0,True,4.420001641847193e-05,True,True,0.0,True,0.00010160001693293452,True,True,0.0,True,0.0001551999885123223,True,True,0.0,True,0.03098459998727776
p2-036-2,2,0.5,0.9,25.0,0.005,True,22,False,True,-32.6496583250469,-32.6496583250469,True,False,4.525437544104161,False,3.880000440403819e-05,True,False,4.525437544104161,False,9.40999889280647e-05,True,True,0.0,True,0.00018350000027567148,True,True,0.0,True,0.027057500003138557
p2-037-0,2,0.5,0.9,25.0,0.01,True,17,False,False,-23.80815872235086,-23.80815872235086,True,True,0.0,False,4.33000095654279e-05,True,True,0.0,False,0.00010109998402185738,True,True,0.0,False,0.00025060001644305885,True,True,0.0,False,0.02166399999987334
p2-037-1,2,0.5,0.9,25.0,0.01,True,23,False,False,-29.70184342331997,-29.70184342331997,True,False,4.69236703329933,False,4.0399987483397126e-05,True,False,4.69236703329933,False,8.72999953571707e-05,True,True,0.0,False,0.00014879999798722565,True,True,0.0,False,0.0272287999978289
p2-037-2,2,0.5,0.9,25.0,0.01,True,25,False,True,-32.86976686573327,-32.86976686573327,True,True,0.0,True,6.150000263005495e-05,True,True,0.0,True,0.0001033000007737428,True,True,0.0,True,0.00021320002269931138,True,True,0.0,True,0.029095400008372962
p2-038-0,2,0.5,0.9,25.0,0.02,True,16,False,True,-18.177207373985397,-18.177207373985397,True,True,0.0,True,3.5299977753311396e-05,True,False,4.446627793508895,False,8.100000559352338e-05,True,True,0.0,True,0.00014360001659952104,True,True,0.0,True,0.019123700010823086
p2-038-1,2,0.5,0.9,25.0,0.02,True,15,False,False,-15.780037990072081,-15.780037990072081,True,False,0.8144555451250604,False,3.3199990866705775e-05,True,False,3.155627999966427,False,7.609999738633633e-05,True,True,0.0,False,0.00014590000500902534,True,True,0.0,False,0.016636300017125905
p2-038-2,2,0.5,0.9,25.0,0.02,True,13,False,False,-16.378314833861992,-16.378314833861992,True,True,0.0,False,3.2899988582357764e-05,True,False,3.6782173432216165,False,7.020001066848636e-05,True,True,0.0,False,0.00010420000762678683,True,True,0.0,False,0.016356100008124486
p2-039-0,2,0.5,0.9,50.0,0.005,True,18,False,False,-45.340221843385564,-45.340221843385564,True,True,0.0,False,3.460000152699649e-05,True,True,0.0,False,8.870000601746142e-05,True,True,0.0,False,0.00016259998665191233,True,True,0.0,False,0.019747699989238754
p2-039-1,2,0.5,0.9,50.0,0.005,True,6,False,True,-20.396288919894502,-20.396288919894502,True,True,0.0,True,4.789998638443649e-05,True,True,0.0,True,8.24000162538141e-05,True,True,0.0,True,0.00012650000280700624,True,True,0.0,True,0.007943400007206947
p2-039-2,2,0.5,0.9,50.0,0.005,True,15,False,True,-29.579081267412157,-29.57908126741216,True,True,0.0,True,3.329999162815511e-05,True,False,8.24149070599292,False,8.460000390186906e-05,True,True,0.0,True,0.0001495999749749899,True,True,0.0,True,0.017874599987408146
p2-040-0,2,0.5,0.9,50.0,0.01,True,26,False,False,-29.4059387905153,-29.405938790515304,True,False,0.18499084620008688,False,3.890000516548753e-05,True,False,3.941208889058089,False,9.779998799785972e-05,True,True,0.0,False,0.0006829000194557011,True,True,0.0,False,0.030286499997600913
p2-040-1,2,0.5,0.9,50.0,0.01,True,20,False,True,-28.68372843651241,-28.68372843651241,True,False,3.7942284627313043,False,3.91000066883862e-05,True,False,3.7942284627313043,False,8.709999383427203e-05,True,True,0.0,True,0.00014439999358728528,True,True,0.0,True,0.021874700003536418
p2-040-2,2,0.5,0.9,50.0,0.01,True,15,False,True,-29.68289971285624,-29.68289971285624,True,True,0.0,True,3.4199998481199145e-05,True,False,4.42893983725569,False,9.48999950196594e-05,True,True,0.0,True,0.00014039999223314226,True,True,0.0,True,0.016092599980765954
p2-041-0,2,0.5,0.9,50.0,0.02,True,18,False,False,-20.397505518956457,-20.397505518956457,True,True,0.0,False,3.4199998481199145e-05,True,True,0.0,False,7.780001033097506e-05,True,True,0.0,False,0.00017169999773614109,True,True,0.0,False,0.01984620001167059
p2-041-1,2,0.5,0.9,50.0,0.02,True,25,False,True,-23.893932234877333,-23.893932234877333,True,True,0.0,True,3.9000005926936865e-05,True,False,4.403270812570089,False,9.139999747276306e-05,True,True,0.0,True,0.00011169997742399573,True,True,0.0,True,0.028458300017518923
p2-041-2,2,0.5,0.9,50.0,0.02,True,8,False,True,-11.153066843046304,-11.153066843046304,True,True,0.0,True,2.710000262595713e-05,True,False,3.1210373358120975,False,5.880001117475331e-05,True,True,0.0,True,9.350001346319914e-05,True,True,0.0,True,0.009609000000637025
p2-042-0,2,0.5,0.9,100.0,0.005,True,15,False,True,-38.06636685451272,-38.06636685451272,True,True,0.0,True,3.29999893438071e-05,True,True,0.0,True,7.489998824894428e-05,True,True,0.0,True,0.00015259999781847,True,True,0.0,True,0.016917600005399436
p2-042-1,2,0.5,0.9,100.0,0.005,True,18,False,True,-39.405254465926845,-39.405254465926845,True,True,0.0,True,3.500000457279384e-05,True,True,0.0,True,8.110000635497272e-05,True,True,0.0,True,0.00014260000898502767,True,True,0.0,True,0.020759500010171905
p2-042-2,2,0.5,0.9,100.0,0.005,True,19,False,True,-37.4783463664563,-37.4783463664563,True,True,0.0,True,3.6200013710185885e-05,True,False,4.101950158801692,False,9.529999806545675e-05,True,True,0.0,True,0.0002367999986745417,True,True,0.0,True,0.020390599995153025
p2-043-0,2,0.5,0.9,100.0,0.01,True,10,False,True,-25.72617034223819,-25.72617034223819,True,True,0.0,True,2.8199981898069382e-05,True,True,0.0,True,6.250001024454832e-05,True,True,0.0,True,0.00012139999307692051,True,True,0.0,True,0.010857899993425235
p2-043-1,2,0.5,0.9,100.0,0.01,True,12,False,False,-24.12403429784608,-24.12403429784608,True,False,1.2053688810436967,True,2.8999987989664078e-05,True,False,4.726532812344452,False,6.819999543949962e-05,True,True,0.0,False,0.00013070000568404794,True,True,0.0,False,0.013957599992863834
p2-043-2,2,0.5,0.9,100.0,0.01,True,5,False,True,-11.33950244987489,-11.33950244987489,True,True,0.0,True,2.3300002794712782e-05,True,True,0.0,True,4.9200025387108326e-05,True,True,0.0,True,8.45999747980386e-05,True,True,0.0,True,0.005544100014958531
p2-044-0,2,0.5,0.9,100.0,0.02,True,10,False,False,-13.699435747812265,-13.699435747812267,True,True,0.0,False,2.6599998818710446e-05,True,False,4.359082471333229,False,6.389999180100858e-05,True,True,0.0,False,9.34000127017498e-05,True,True,0.0,False,0.01389900001231581
p2-044-1,2,0.5,0.9,100.0,0.02,True,17,False,True,-27.950840819909644,-27.950840819909644,True,True,0.0,True,3.4199998481199145e-05,True,True,0.0,True,7.639999967068434e-05,True,True,0.0,True,0.0001343000039923936,True,True,0.0,True,0.019178599992301315
p2-044-2,2,0.5,0.9,100.0,0.02,True,17,False,True,-19.544354514613445,-19.544354514613445,True,True,0.0,True,4.3400010326877236e-05,True,False,3.803786397242078,False,9.580000187270343e-05,True,True,0.0,True,0.00015880001592449844,True,True,0.0,True,0.018750099989119917
p2-045-0,2,0.5,1.0,25.0,0.005,True,10,False,True,-32.34114368129511,-32.34114368129511,True,True,0.0,True,2.9400020139291883e-05,True,True,0.0,True,6.790002225898206e-05,True,True,0.0,True,5.2300019888207316e-05,True,True,0.0,True,0.011264200002187863
p2-045-1,2,0.5,1.0,25.0,0.005,True,11,False,True,-31.331859440564944,-31.331859440564944,True,True,0.0,True,3.029999788850546e-05,True,True,0.0,True,7.380000897683203e-05,True,True,0.0,True,5.709999823011458e-05,True,True,0.0,True,0.012103800021577626
p2-045-2,2,0.5,1.0,25.0,0.005,True,14,False,True,-33.204578659250444,-33.204578659250444,True,True,0.0,True,3.309999010525644e-05,True,True,0.0,True,7.639999967068434e-05,True,True,0.0,True,0.00021360002574510872,True,True,0.0,True,0.015022700012195855
p2-046-0,2,0.5,1.0,25.0,0.01,True,17,False,True,-32.075977153050346,-32.075977153050346,True,True,0.0,True,3.359999391250312e-05,True,True,0.0,True,8.709999383427203e-05,True,True,0.0,True,6.289998418651521e-05,True,True,0.0,True,0.018170800001826137
p2-046-1,2,0.5,1.0,25.0,0.01,True,15,False,True,-33.16902674002624,-33.16902674002624,True,True,0.0,True,3.0399998649954796e-05,True,True,0.0,True,7.720000576227903e-05,True,True,0.0,True,6.359998951666057e-05,True,True,0.0,True,0.016433599987067282
p2-046-2,2,0.5,1.0,25.0,0.01,True,15,False,True,-31.405577393596648,-31.405577393596648,True,True,0.0,True,2.9900023946538568e-05,True,True,0.0,True,7.430001278407872e-05,True,True,0.0,True,6.340001709759235e-05,True,True,0.0,True,0.016448500013211742
p2-047-0,2,0.5,1.0,25.0,0.02,True,15,False,True,-27.39008979799656,-27.39008979799656,True,False,1.2165116738653126,False,3.1400006264448166e-05,True,False,1.2165116738653126,False,7.569999434053898e-05,True,True,0.0,True,0.0001640999980736524,True,True,0.0,True,0.01648750001913868
p2-047-1,2,0.5,1.0,25.0,0.02,True,14,False,False,-27.78180535137879,-27.78180535137879,True,True,0.0,False,3.609998384490609e-05,True,True,0.0,False,9.860002319328487e-05,True,True,0.0,False,0.00020479998784139752,True,True,0.0,False,0.017488600016804412
p2-047-2,2,0.5,1.0,25.0,0.02,True,12,False,True,-25.721761925061223,-25.721761925061223,True,True,0.0,True,2.9300019377842546e-05,True,True,0.0,True,6.819999543949962e-05,True,True,0.0,True,5.139998393133283e-05,True,True,0.0,True,0.014467200002400205
p2-048-0,2,0.5,1.0,50.0,0.005,True,8,False,True,-35.75417310769142,-35.75417310769142,True,True,0.0,True,2.509998739697039e-05,True,True,0.0,True,5.910001345910132e-05,True,True,0.0,True,4.839999019168317e-05,True,True,0.0,True,0.00896209999336861
p2-048-1,2,0.5,1.0,50.0,0.005,True,8,False,True,-33.55175643715673,-33.55175643715673,True,True,0.0,True,2.4199980543926358e-05,True,True,0.0,True,5.7900004321709275e-05,True,True,0.0,True,4.6900007873773575e-05,True,True,0.0,True,0.008851500024320558
p2-048-2,2,0.5,1.0,50.0,0.005,True,10,False,True,-35.94496827657287,-35.94496827657287,True,True,0.0,True,2.61999957729131e-05,True,True,0.0,True,8.019999950192869e-05,True,True,0.0,True,5.3099996875971556e-05,True,True,0.0,True,0.010869799996726215
p2-049-0,2,0.5,1.0,50.0,0.01,True,13,False,True,-31.641965987229703,-31.641965987229703,True,True,0.0,True,3.7200021324679255e-05,True,True,0.0,True,9.300000965595245e-05,True,True,0.0,True,6.299998494796455e-05,True,True,0.0,True,0.014662600005976856
p2-049-1,2,0.5,1.0,50.0,0.01,True,25,False,True,-31.452894229401053,-31.452894229401053,True,False,1.0356807947671491,False,3.779999678954482e-05,True,False,1.0356807947671491,False,9.799998952075839e-05,True,True,0.0,True,0.00021890000789426267,True,True,0.0,True,0.028743800008669496
p2-049-2,2,0.5,1.0,50.0,0.01,True,15,False,False,-31.381842033243945,-31.381842033243945,True,True,0.0,False,3.229998401366174e-05,True,True,0.0,False,8.47000046633184e-05,True,True,0.0,False,7.199999527074397e-05,True,True,0.0,False,0.01645150000695139
p2-050-0,2,0.5,1.0,50.0,0.02,True,14,False,True,-27.6515897424944,-27.6515897424944,True,True,0.0,True,3.090000245720148e-05,True,True,0.0,True,7.539999205619097e-05,True,True,0.0,True,5.529998452402651e-05,True,True,0.0,True,0.015464800002519041
p2-050-1,2,0.5,1.0,50.0,0.02,True,19,False,True,-27.374862769352863,-27.374862769352863,True,True,0.0,True,3.6299985367804766e-05,True,True,0.0,True,9.470002260059118e-05,True,True,0.0,True,0.00019190000602975488,True,True,0.0,True,0.021236699976725504
p2-050-2,2,0.5,1.0,50.0,0.02,True,19,False,True,-26.577668924471507,-26.577668924471507,True,False,2.415212418971599,False,3.5299977753311396e-05,True,False,2.415212418971599,False,8.779999916441739e-05,True,True,0.0,True,6.240000948309898e-05,True,True,0.0,True,0.021489600010681897
p2-051-0,2,0.5,1.0,100.0,0.005,True,10,False,True,-36.29509261755159,-36.29509261755159,True,True,0.0,True,2.880001557059586e-05,True,True,0.0,True,7.199999527074397e-05,True,True,0.0,True,5.540001438930631e-05,True,True,0.0,True,0.010878700006287545
p2-051-1,2,0.5,1.0,100.0,0.005,True,9,False,True,-37.924649135787504,-37.924649135787504,True,True,0.0,True,3.209998249076307e-05,True,True,0.0,True,8.930001058615744e-05,True,True,0.0,True,6.180000491440296e-05,True,True,0.0,True,0.013614800001960248
p2-051-2,2,0.5,1.0,100.0,0.005,True,11,False,True,-33.552857426134196,-33.552857426134196,True,True,0.0,True,3.079997259192169e-05,True,True,0.0,True,7.800001185387373e-05,True,True,0.0,True,5.8200006606057286e-05,True,True,0.0,True,0.012252999993506819
p2-052-0,2,0.5,1.0,100.0,0.01,True,11,False,True,-31.043167163459998,-31.043167163459998,True,True,0.0,True,2.780000795610249e-05,True,True,0.0,True,7.599999662488699e-05,True,True,0.0,True,5.400000372901559e-05,True,True,0.0,True,0.012071700009983033
p2-052-1,2,0.5,1.0,100.0,0.01,True,9,False,True,-31.229523195322738,-31.229523195322738,True,True,0.0,True,2.680000034160912e-05,True,True,0.0,True,6.600000779144466e-05,True,True,0.0,True,5.1099981646984816e-05,True,True,0.0,True,0.009882099984679371
p2-052-2,2,0.5,1.0,100.0,0.01,True,8,False,False,-16.7985076924108,-16.7985076924108,True,True,0.0,False,2.579999272711575e-05,True,True,0.0,False,6.890000076964498e-05,True,True,0.0,False,5.2400020649656653e-05,True,True,0.0,False,0.009558499994454905
p2-053-0,2,0.5,1.0,100.0,0.02,True,11,False,True,-26.72288348337254,-26.72288348337254,True,True,0.0,True,3.0099996365606785e-05,True,True,0.0,True,7.989999721758068e-05,True,True,0.0,True,5.6899996707215905e-05,True,True,0.0,True,0.01230030000442639
p2-053-1,2,0.5,1.0,100.0,0.02,True,10,False,True,-26.860607507669563,-26.860607507669563,True,True,0.0,True,2.649999805726111e-05,True,True,0.0,True,7.20999960321933e-05,True,True,0.0,True,5.2799994591623545e-05,True,True,0.0,True,0.011790399992605671
p2-053-2,2,0.5,1.0,100.0,0.02,True,10,False,True,-25.511125843741908,-25.511125843741908,True,True,0.0,True,2.9399991035461426e-05,True,True,0.0,True,6.940000457689166e-05,True,True,0.0,True,5.370000144466758e-05,True,True,0.0,True,0.01112979999743402
p2-054-0,2,1.0,0.8,25.0,0.005,True,13,False,True,-21.644154910099747,-21.644154910099747,True,False,0.8755677501981829,False,3.0499999411404133e-05,True,True,0.0,True,7.149999146349728e-05,True,True,0.0,True,0.00020980002591386437,True,True,0.0,True,0.015266099973814562
p2-054-1,2,1.0,0.8,25.0,0.005,True,11,False,False,-21.42389165925091,-21.42389165925091,True,False,0.8474347441906502,True,4.689997876994312e-05,True,True,0.0,False,9.610000415705144e-05,True,True,0.0,False,0.00017859999206848443,True,True,0.0,False,0.012244299985468388
p2-054-2,2,1.0,0.8,25.0,0.005,True,22,False,True,-31.182146986251816,-31.182146986251812,True,False,1.3620993738156315,False,3.8300000596791506e-05,True,False,2.752571550897283,False,0.00010459998156875372,True,True,0.0,True,0.00023100001271814108,True,True,0.0,True,0.023528599995188415
p2-055-0,2,1.0,0.8,25.0,0.01,True,21,False,True,-22.531877969885123,-22.531877969885123,True,False,1.4543943160589663,False,3.659998765215278e-05,True,False,4.106339143347803,False,8.620001608505845e-05,True,True,0.0,True,0.0007483999943360686,True,True,0.0,True,0.02254259999608621
p2-055-1,2,1.0,0.8,25.0,0.01,True,19,False,True,-22.171260792312633,-22.171260792312633,True,True,0.0,True,3.359999391250312e-05,True,True,0.0,True,8.069997420534492e-05,True,True,0.0,True,0.00017279997700825334,True,True,0.0,True,0.021266299998387694
p2-055-2,2,1.0,0.8,25.0,0.01,True,18,False,True,-22.788865158123247,-22.788865158123247,True,True,0.0,True,3.819999983534217e-05,True,True,0.0,True,8.719999459572136e-05,True,True,0.0,True,0.00017610000213608146,True,True,0.0,True,0.022146200004499406
p2-056-0,2,1.0,0.8,25.0,0.02,True,28,True,False,-20.264201252514646,-20.538059888916607,True,True,0.0,False,5.4800009820610285e-05,True,True,0.0,False,0.0001317999849561602,True,True,0.0,False,0.008236399997258559,True,True,0.0,False,0.03016269998624921
p2-056-1,2,1.0,0.8,25.0,0.02,True,32,False,False,-22.355782752523787,-22.355782752523787,True,False,2.533405513989649,True,6.269998266361654e-05,True,False,2.3826684148822004,False,0.00015729997539892793,True,True,0.0,False,0.00028810001094825566,True,False,0.7397186833420797,False,0.03667170001426712
p2-056-2,2,1.0,0.8,25.0,0.02,True,19,True,False,-18.079350358267362,-18.30243423647633,True,True,0.0,False,3.700001980178058e-05,True,True,0.0,False,9.460002183914185e-05,True,True,0.0,False,0.005076799978269264,True,True,0.0,False,0.021841399982804433
p2-057-0,2,1.0,0.8,50.0,0.005,True,20,False,True,-33.1029652596003,-33.1029652596003,True,True,0.0,True,3.850000211969018e-05,True,True,0.0,True,0.00010000000474974513,True,True,0.0,True,0.00016659998800605536,True,True,0.0,True,0.022390600002836436
p2-057-1,2,1.0,0.8,50.0,0.005,True,19,False,True,-32.29838045654237,-32.29838045654237,True,True,0.0,True,3.510000533424318e-05,True,False,1.7915854251978978,False,8.589998469687998e-05,True,True,0.0,True,0.0001480999926570803,True,True,0.0,True,0.021387199987657368
p2-057-2,2,1.0,0.8,50.0,0.005,True,9,False,True,-22.591763336148645,-22.591763336148645,True,True,0.0,True,2.7400004910305142e-05,True,True,0.0,True,6.78999931551516e-05,True,True,0.0,True,0.00010539998766034842,True,True,0.0,True,0.009765900002093986
p2-058-0,2,1.0,0.8,50.0,0.01,True,17,False,False,-23.13113222938734,-23.13113222938734,True,True,0.0,False,3.250001464039087e-05,True,False,2.775664861233775,False,8.219998562708497e-05,True,True,0.0,False,0.00017680000746622682,True,True,0.0,False,0.019420299999183044
p2-058-1,2,1.0,0.8,50.0,0.01,True,6,False,True,-12.027811601701814,-12.027811601701814,True,True,0.0,True,3.960001049563289e-05,True,True,0.0,True,5.3800002206116915e-05,True,True,0.0,True,8.81000014487654e-05,True,True,0.0,True,0.006602799985557795
p2-058-2,2,1.0,0.8,50.0,0.01,True,14,False,False,-21.488312195625735,-21.488312195625735,True,False,1.297536858656418,True,3.190001007169485e-05,True,False,3.1650504748887833,False,8.170001092366874e-05,True,True,0.0,False,0.000152299995534122,True,True,0.0,False,0.015529700001934543
p2-059-0,2,1.0,0.8,50.0,0.02,True,25,False,False,-23.06787329108216,-23.06787329108216,True,True,0.0,False,4.7999987145885825e-05,True,False,5.132719338934784,False,9.730001329444349e-05,True,True,0.0,False,0.00016919997869990766,True,False,1.2247236746097698,False,0.02757110001402907
p2-059-1,2,1.0,0.8,50.0,0.02,True,29,False,False,-20.5434859357923,-20.5434859357923,True,False,1.1867810813382569,False,4.050001734867692e-05,True,False,1.1867810813382569,False,9.190000128000975e-05,True,True,0.0,False,0.00017829998978413641,True,True,0.0,False,0.03427139998530038
p2-059-2,2,1.0,0.8,50.0,0.02,True,18,False,True,-17.658202147002253,-17.658202147002253,True,False,0.023448624849510935,False,3.440000000409782e-05,True,False,0.023448624849510935,False,7.680000271648169e-05,True,True,0.0,True,0.00015109998639672995,True,True,0.0,True,0.02268170000752434
p2-060-0,2,1.0,0.8,100.0,0.005,True,19,False,True,-42.458622657496285,-42.458622657496285,True,True,0.0,True,3.819999983534217e-05,True,True,0.0,True,9.23000043258071e-05,True,True,0.0,True,0.00015849998453631997,True,True,0.0,True,0.022415500017814338
p2-060-1,2,1.0,0.8,100.0,0.005,True,14,False,True,-33.73313998690436,-33.73313998690436,True,True,0.0,True,3.359999391250312e-05,True,False,1.6732024307213322,False,8.159998105838895e-05,True,True,0.0,True,0.00016209998284466565,True,True,0.0,True,0.016412199998740107
p2-060-2,2,1.0,0.8,100.0,0.005,True,11,False,True,-22.772965022363746,-22.772965022363746,True,True,0.0,True,3.91000066883862e-05,True,False,7.211327736456585,False,9.620000491850078e-05,True,True,0.0,True,0.00021229998674243689,True,True,0.0,True,0.014520099997753277
p2-061-0,2,1.0,0.8,100.0,0.01,True,8,False,False,-15.435821491621468,-15.435821491621468,True,True,0.0,False,2.500001573935151e-05,True,False,1.3450597350400155,True,5.840000812895596e-05,True,True,0.0,False,0.00012469998910091817,True,True,0.0,False,0.009557199984556064
p2-061-1,2,1.0,0.8,100.0,0.01,True,15,False,False,-31.526399067521552,-31.526399067521552,True,True,0.0,False,3.250001464039087e-05,True,False,3.0135486495771744,True,8.299999171867967e-05,True,True,0.0,False,0.00014799999189563096,True,True,0.0,False,0.017766200006008148
p2-061-2,2,1.0,0.8,100.0,0.01,True,18,False,False,-31.158748401457792,-31.15874840145779,True,True,0.0,False,4.0399987483397126e-05,True,False,2.8317006596583845,False,8.430000161752105e-05,True,True,0.0,False,0.00022460002219304442,True,True,0.0,False,0.020338699978310615
p2-062-0,2,1.0,0.8,100.0,0.02,True,20,False,True,-27.462429291805023,-27.462429291805023,True,True,0.0,True,3.480000304989517e-05,True,True,0.0,True,8.629998774267733e-05,True,True,0.0,True,0.00015549999079667032,True,True,0.0,True,0.02335600001970306
p2-062-1,2,1.0,0.8,100.0,0.02,True,14,False,True,-17.930356843512378,-17.930356843512378,True,True,0.0,True,3.2499985536560416e-05,True,True,0.0,True,8.030000026337802e-05,True,True,0.0,True,6.140000186860561e-05,True,True,0.0,True,0.017538799991598353
p2-062-2,2,1.0,0.8,100.0,0.02,True,16,False,False,-15.742923488060061,-15.742923488060061,True,True,0.0,False,3.6500015994533896e-05,True,False,4.163596723153347,False,7.989999721758068e-05,True,True,0.0,False,0.00029749999521300197,True,True,0.0,False,0.017395100003341213
p2-063-0,2,1.0,0.9,25.0,0.005,True,27,False,True,-29.35047990660097,-29.350479906600974,True,False,2.332685654159615,False,4.05999890062958e-05,True,False,2.332685654159615,False,0.00010309999925084412,True,True,0.0,True,0.00028979999478906393,True,True,0.0,True,0.03284270002041012
p2-063-1,2,1.0,0.9,25.0,0.005,True,21,False,True,-27.357784311969183,-27.357784311969183,True,True,0.0,True,3.99000127799809e-05,True,False,4.065682379317494,False,8.280001929961145e-05,True,True,0.0,True,0.00010629999451339245,True,True,0.0,True,0.022872300003655255
p2-063-2,2,1.0,0.9,25.0,0.005,True,24,False,True,-29.781681788843194,-29.781681788843194,True,True,0.0,True,4.7600013203918934e-05,True,True,0.0,True,0.0001427999814040959,True,True,0.0,True,0.00022529999841935933,True,True,0.0,True,0.0294941000174731
p2-064-0,2,1.0,0.9,25.0,0.01,True,26,False,True,-25.375685110625504,-25.375685110625504,True,True,0.0,True,4.3899985030293465e-05,True,False,4.025585690706919,False,0.00010840001050382853,True,True,0.0,True,0.0001345000055152923,True,True,0.0,True,0.028660700016189367
p2-064-1,2,1.0,0.9,25.0,0.01,True,13,False,False,-14.732174684456504,-14.732174684456504,True,True,0.0,False,3.259998629800975e-05,True,True,0.0,False,7.139999070204794e-05,True,True,0.0,False,0.00016670001787133515,True,True,0.0,False,0.01567219998105429
p2-064-2,2,1.0,0.9,25.0,0.01,True,28,False,True,-24.742258835449938,-24.742258835449938,True,False,1.3272132578537992,False,4.3400010326877236e-05,True,False,4.68594332117263,False,0.00010490001295693219,True,True,0.0,True,0.00012820001575164497,True,True,0.0,True,0.030417799978749827
p2-065-0,2,1.0,0.9,25.0,0.02,True,27,False,False,-21.497398899272333,-21.497398899272333,True,False,1.8433433567256259,True,3.9700011257082224e-05,True,False,3.9062683605042494,False,9.129999671131372e-05,True,True,0.0,False,0.00022429999080486596,True,True,0.0,False,0.0294096999859903
p2-065-1,2,1.0,0.9,25.0,0.02,True,29,False,False,-20.290200377283362,-20.290200377283362,True,False,2.7720171835253886,False,5.040000542066991e-05,True,False,2.7720171835253886,False,0.00015060001169331372,True,True,0.0,False,0.001994699996430427,True,True,0.0,False,0.03581899998243898
p2-065-2,2,1.0,0.9,25.0,0.02,True,29,False,True,-19.34205465494755,-19.34205465494755,True,True,0.0,True,5.6899996707215905e-05,True,False,3.0924925754315886,False,0.00013899998157285154,True,True,0.0,True,0.00045029999455437064,True,True,0.0,True,0.03470249997917563
p2-066-0,2,1.0,0.9,50.0,0.005,True,7,False,True,-17.895166925342608,-17.895166925342608,True,True,0.0,True,2.5899993488565087e-05,True,True,0.0,True,5.859998054802418e-05,True,True,0.0,True,9.210000280290842e-05,True,True,0.0,True,0.007644500001333654
p2-066-1,2,1.0,0.9,50.0,0.005,True,14,False,True,-27.66776309672394,-27.667763096723938,True,True,0.0,True,3.199998172931373e-05,True,True,0.0,True,8.329999400302768e-05,True,True,0.0,True,0.00011690001701936126,True,True,0.0,True,0.015853999997489154
p2-066-2,2,1.0,0.9,50.0,0.005,True,7,False,False,-11.57831662514931,-11.57831662514931,True,True,0.0,False,2.4500011932104826e-05,True,True,0.0,False,5.6500022765249014e-05,True,True,0.0,False,4.959999932907522e-05,True,True,0.0,False,0.007724299997789785
p2-067-0,2,1.0,0.9,50.0,0.01,True,21,False,False,-21.629893031565647,-21.629893031565643,True,False,0.4472673808187402,False,5.979998968541622e-05,True,False,0.4472673808187402,False,0.00011019999510608613,True,True,0.0,False,0.0003524000057950616,True,True,0.0,False,0.02329959999769926
p2-067-1,2,1.0,0.9,50.0,0.01,True,21,False,True,-22.536908205278447,-22.536908205278447,True,True,0.0,True,3.580001066438854e-05,True,False,2.6213939762787923,False,8.480000542476773e-05,True,True,0.0,True,0.0001886000100057572,True,True,0.0,True,0.024365399993257597
p2-067-2,2,1.0,0.9,50.0,0.01,True,12,False,True,-13.748646604556694,-13.748646604556694,True,False,2.153992423345162,False,2.9199989512562752e-05,True,True,0.0,True,6.640001083724201e-05,True,True,0.0,True,9.710001177154481e-05,True,True,0.0,True,0.014417700003832579
p2-068-0,2,1.0,0.9,50.0,0.02,True,32,False,False,-21.094237680681722,-21.094237680681722,True,True,0.0,False,5.669999518431723e-05,True,True,0.0,False,0.00013860000763088465,True,True,0.0,False,0.00036949999048374593,True,True,0.0,False,0.03683569998247549
p2-068-1,2,1.0,0.9,50.0,0.02,True,30,False,False,-25.186545516400194,-25.186545516400194,True,True,0.0,False,4.290000651963055e-05,True,False,3.0401963422263023,True,0.00011249998351559043,True,True,0.0,False,0.00018790000467561185,True,True,0.0,False,0.034733900014543906
p2-068-2,2,1.0,0.9,50.0,0.02,True,30,False,False,-23.488431519822605,-23.488431519822605,True,False,0.34452836571751533,True,5.8600009651854634e-05,True,False,0.34452836571751533,True,0.00010430000838823617,True,True,0.0,False,6.910000229254365e-05,True,True,0.0,False,0.03458609999506734
p2-069-0,2,1.0,0.9,100.0,0.005,True,13,False,True,-27.999860655222072,-27.99986065522207,True,True,0.0,True,3.370002377778292e-05,True,True,0.0,True,7.71000050008297e-05,True,True,0.0,True,0.00015010000788606703,True,True,0.0,True,0.01483250001911074
p2-069-1,2,1.0,0.9,100.0,0.005,True,13,False,True,-27.251892296995052,-27.251892296995052,True,True,0.0,True,3.029999788850546e-05,True,True,0.0,True,7.529999129474163e-05,True,True,0.0,True,0.00015129998791962862,True,True,0.0,True,0.015229099983116612
p2-069-2,2,1.0,0.9,100.0,0.005,True,18,False,True,-33.61710594530362,-33.617105945303614,True,True,0.0,True,4.3899985030293465e-05,True,False,3.9412639877270443,False,0.0001255999959539622,True,True,0.0,True,0.0002125999890267849,True,True,0.0,True,0.021612999989883974
p2-070-0,2,1.0,0.9,100.0,0.01,True,17,False,True,-29.134437501497615,-29.134437501497615,True,True,0.0,True,3.6600016755983233e-05,True,True,0.0,True,8.659999002702534e-05,True,True,0.0,True,0.00016170000890269876,True,True,0.0,True,0.018791899987263605
p2-070-1,2,1.0,0.9,100.0,0.01,True,14,False,True,-28.610069600465177,-28.610069600465177,True,True,0.0,True,3.0800001695752144e-05,True,True,0.0,True,7.330000516958535e-05,True,True,0.0,True,0.00013040000339969993,True,True,0.0,True,0.016406699985964224
p2-070-2,2,1.0,0.9,100.0,0.01,True,13,False,True,-21.049740600880668,-21.049740600880668,True,True,0.0,True,3.4199998481199145e-05,True,False,4.552061005504768,False,8.070000330917537e-05,True,True,0.0,True,0.00011379999341443181,True,True,0.0,True,0.014340199995785952
p2-071-0,2,1.0,0.9,100.0,0.02,True,27,False,False,-31.497265210193945,-31.497265210193945,True,False,0.21940556429366254,False,4.029998672194779e-05,True,False,0.21940556429366254,False,0.00011150000500492752,True,True,0.0,False,0.0003786000015679747,True,True,0.0,False,0.0294718999939505
p2-071-1,2,1.0,0.9,100.0,0.02,True,26,False,False,-18.779228887764177,-18.779228887764173,True,False,1.1957858778925576,False,4.1799998143687844e-05,True,False,1.1957858778925576,False,0.00010350000229664147,True,True,0.0,False,0.00023170001804828644,True,True,0.0,False,0.028556999983265996
p2-071-2,2,1.0,0.9,100.0,0.02,True,20,False,False,-14.685558597716732,-14.685558597716732,True,True,0.0,False,3.4900003811344504e-05,True,False,2.7156313276338704,True,0.00022960000205785036,True,True,0.0,False,0.0004411999834701419,True,True,0.0,False,0.024286800005938858
p2-072-0,2,1.0,1.0,25.0,0.005,True,12,False,True,-32.982148330447075,-32.982148330447075,True,True,0.0,True,3.1400006264448166e-05,True,True,0.0,True,7.189999450929463e-05,True,True,0.0,True,5.639999289996922e-05,True,True,0.0,True,0.01451219999580644
p2-072-1,2,1.0,1.0,25.0,0.005,True,14,False,False,-32.58893503453646,-32.58893503453646,True,True,0.0,False,3.10999748762697e-05,True,True,0.0,False,8.66000191308558e-05,True,True,0.0,False,6.819999543949962e-05,True,True,0.0,False,0.016287999984342605
p2-072-2,2,1.0,1.0,25.0,0.005,True,13,False,True,-31.120271764250766,-31.120271764250766,True,True,0.0,True,3.100000321865082e-05,True,True,0.0,True,8.070000330917537e-05,True,True,0.0,True,6.010002107359469e-05,True,True,0.0,True,0.014175600023008883
p2-073-0,2,1.0,1.0,25.0,0.01,True,23,False,False,-27.572086664180322,-27.572086664180322,True,True,0.0,False,3.6699988413602114e-05,True,True,0.0,False,9.810001938603818e-05,True,True,0.0,False,7.310000364668667e-05,True,True,0.0,False,0.02496210002573207
p2-073-1,2,1.0,1.0,25.0,0.01,True,17,False,True,-25.50114730288167,-25.50114730288167,True,False,2.2054455706514915,False,3.510000533424318e-05,True,False,12.031358184756794,False,8.359999628737569e-05,True,True,0.0,True,0.00018130001262761652,True,True,0.0,True,0.02131290000397712
p2-073-2,2,1.0,1.0,25.0,0.01,True,16,False,True,-24.512955862103425,-24.512955862103425,True,False,10.710786356737941,False,3.350002225488424e-05,True,False,10.710786356737941,False,8.910000906325877e-05,True,True,0.0,True,0.00022369998623616993,True,True,0.0,True,0.017333800002234057
p2-074-0,2,1.0,1.0,25.0,0.02,True,22,False,False,-21.86166565062087,-21.86166565062087,True,False,2.0672928254189884,True,3.9000005926936865e-05,True,False,1.032147565056654,False,9.780001710169017e-05,True,True,0.0,False,0.00021430000197142363,True,True,0.0,False,0.02500480000162497
p2-074-1,2,1.0,1.0,25.0,0.02,True,17,False,False,-23.800383273968748,-23.800383273968748,True,False,1.0698875497792457,True,3.510000533424318e-05,True,False,1.0698875497792457,True,8.120000711642206e-05,True,True,0.0,False,0.00019030002295039594,True,True,0.0,False,0.01851129997521639
p2-074-2,2,1.0,1.0,25.0,0.02,True,18,False,False,-19.961786042964732,-19.961786042964732,True,False,1.0240474793057643,True,3.489997470751405e-05,True,False,8.238695144107542,False,9.529999806545675e-05,True,True,0.0,False,0.0001970999874174595,True,True,0.0,False,0.021425799990538508
p2-075-0,2,1.0,1.0,50.0,0.005,True,11,False,True,-31.762506674826113,-31.762506674826113,True,True,0.0,True,2.7400004910305142e-05,True,True,0.0,True,7.739997818134725e-05,True,True,0.0,True,5.729999975301325e-05,True,True,0.0,True,0.012825900019379333
p2-075-1,2,1.0,1.0,50.0,0.005,True,12,False,True,-29.969253724806897,-29.969253724806897,True,True,0.0,True,3.270001616328955e-05,True,True,0.0,True,8.070000330917537e-05,True,True,0.0,True,6.089999806135893e-05,True,True,0.0,True,0.013097700022626668
p2-075-2,2,1.0,1.0,50.0,0.005,True,12,False,True,-28.60065755168224,-28.60065755168224,True,True,0.0,True,3.880000440403819e-05,True,True,0.0,True,0.00011829999857582152,True,True,0.0,True,8.179998258128762e-05,True,True,0.0,True,0.01483219998772256
p2-076-0,2,1.0,1.0,50.0,0.01,True,12,False,True,-27.997059263397528,-27.997059263397528,True,True,0.0,True,2.9799994081258774e-05,True,True,0.0,True,7.979999645613134e-05,True,True,0.0,True,5.460000829771161e-05,True,True,0.0,True,0.014626699994551018
p2-076-1,2,1.0,1.0,50.0,0.01,True,17,False,True,-27.991301394422642,-27.991301394422642,True,True,0.0,True,3.4900003811344504e-05,True,True,0.0,True,9.90999978967011e-05,True,True,0.0,True,6.540000322274864e-05,True,True,0.0,True,0.018398999993223697
p2-076-2,2,1.0,1.0,50.0,0.01,True,13,False,True,-25.91955247746374,-25.91955247746374,True,True,0.0,True,2.9399991035461426e-05,True,True,0.0,True,8.030000026337802e-05,True,True,0.0,True,7.229999755509198e-05,True,True,0.0,True,0.015012899995781481
p2-077-0,2,1.0,1.0,50.0,0.02,True,19,False,True,-23.456203517475842,-23.456203517475842,True,False,1.4553325634456655,False,4.439998883754015e-05,True,False,1.4553325634456655,False,0.00013189998571760952,True,True,0.0,True,8.399999933317304e-05,True,True,0.0,True,0.024672300001839176
p2-077-1,2,1.0,1.0,50.0,0.02,True,15,False,True,-22.920061837860228,-22.920061837860228,True,False,1.2509785676019298,False,3.160000778734684e-05,True,False,1.2509785676019298,False,7.520001963712275e-05,True,True,0.0,True,0.0001714999962132424,True,True,0.0,True,0.017063200008124113
p2-077-2,2,1.0,1.0,50.0,0.02,True,16,False,True,-21.215714189259568,-21.215714189259568,True,True,0.0,True,3.460000152699649e-05,True,True,0.0,True,8.550001075491309e-05,True,True,0.0,True,0.0002206000208389014,True,True,0.0,True,0.0208433999796398
p2-078-0,2,1.0,1.0,100.0,0.005,True,11,False,True,-29.303836296467228,-29.303836296467228,True,True,0.0,True,0.00023750000400468707,True,True,0.0,True,0.00010080001084133983,True,True,0.0,True,7.450001430697739e-05,True,True,0.0,True,0.014547099999617785
p2-078-1,2,1.0,1.0,100.0,0.005,True,13,False,True,-33.973592068959256,-33.973592068959256,True,True,0.0,True,3.229998401366174e-05,True,True,0.0,True,8.480000542476773e-05,True,True,0.0,True,6.230000872164965e-05,True,True,0.0,True,0.015834399993764237
p2-078-2,2,1.0,1.0,100.0,0.005,True,11,False,True,-32.03546321880816,-32.03546321880816,True,True,0.0,True,2.859998494386673e-05,True,True,0.0,True,7.320000440813601e-05,True,True,0.0,True,5.370000144466758e-05,True,True,0.0,True,0.012065699993399903
p2-079-0,2,1.0,1.0,100.0,0.01,True,8,False,True,-28.384594159792876,-28.384594159792876,True,True,0.0,True,2.4299981305375695e-05,True,True,0.0,True,5.720002809539437e-05,True,True,0.0,True,4.529999569058418e-05,True,True,0.0,True,0.010252300009597093
p2-079-1,2,1.0,1.0,100.0,0.01,True,12,False,True,-28.553912297646264,-28.553912297646264,True,True,0.0,True,3.120000474154949e-05,True,True,0.0,True,8.180001168511808e-05,True,True,0.0,True,6.500000017695129e-05,True,True,0.0,True,0.016079199995147064
p2-079-2,2,1.0,1.0,100.0,0.01,True,13,False,True,-26.387737255019992,-26.387737255019992,True,True,0.0,True,3.0199997127056122e-05,True,True,0.0,True,8.420000085607171e-05,True,True,0.0,True,6.0999998822808266e-05,True,True,0.0,True,0.015729300008388236
p2-080-0,2,1.0,1.0,100.0,0.02,True,8,False,False,-13.293933428845108,-13.293933428845108,True,True,0.0,False,2.6699999580159783e-05,True,True,0.0,False,7.449998520314693e-05,True,True,0.0,False,5.529998452402651e-05,True,True,0.0,False,0.009583500010194257
p2-080-1,2,1.0,1.0,100.0,0.02,True,30,False,False,-34.54380403506207,-34.54380403506207,True,True,0.0,False,6.670001312159002e-05,True,False,8.246229755876314,False,0.00017499999376013875,True,True,0.0,False,0.00010789997759275138,True,True,0.0,False,0.036590400006389245
p2-080-2,2,1.0,1.0,100.0,0.02,True,9,False,False,-11.666797360593105,-11.666797360593105,True,True,0.0,False,2.859998494386673e-05,True,True,0.0,False,6.80000230204314e-05,True,True,0.0,False,6.819999543949962e-05,True,True,0.0,False,0.00991480000084266
p2-081-0,2,2.0,0.8,25.0,0.005,True,19,False,False,-26.21107432094799,-26.211074320947986,True,False,0.9591480300536084,False,3.5500008380040526e-05,True,False,5.486714403558924,False,0.00010460001067258418,True,True,0.0,False,0.00025240000104531646,True,True,0.0,False,0.02064030000474304
p2-081-1,2,2.0,0.8,25.0,0.005,True,24,False,True,-35.58620469939459,-35.58620469939459,True,True,0.0,True,4.129999433644116e-05,True,True,0.0,True,0.0001145999995060265,True,True,0.0,True,0.00019600000814534724,True,True,0.0,True,0.028447999997297302
p2-081-2,2,2.0,0.8,25.0,0.005,True,18,False,False,-27.567186543824207,-27.567186543824207,True,False,2.5360637394419356,False,3.589998232200742e-05,True,True,0.0,False,9.019998833537102e-05,True,True,0.0,False,0.00011760002234950662,True,True,0.0,False,0.01984750002156943
p2-082-0,2,2.0,0.8,25.0,0.01,True,25,False,True,-21.915977650397938,-21.915977650397934,True,True,0.0,True,4.169999738223851e-05,True,True,0.0,True,0.00011110000195913017,True,True,0.0,True,0.00013910001143813133,True,True,0.0,True,0.029209399974206463
p2-082-1,2,2.0,0.8,25.0,0.01,True,21,False,False,-20.8524866889787,-20.8524866889787,True,True,0.0,False,3.840000135824084e-05,True,False,5.025110030460034,False,9.06999921426177e-05,True,True,0.0,False,0.00011560000712051988,True,True,0.0,False,0.024391999992076308
p2-082-2,2,2.0,0.8,25.0,0.01,True,21,False,True,-19.453010759700888,-19.453010759700888,True,False,2.6724609088699793,False,3.5900011425837874e-05,True,False,3.235573918428397,False,9.169999975711107e-05,True,True,0.0,True,0.0002060999977402389,True,True,0.0,True,0.024399199988693
p2-083-0,2,2.0,0.8,25.0,0.02,True,14,False,False,-9.51081603431782,-9.51081603431782,True,False,0.25670014112354167,False,3.0399998649954796e-05,True,False,0.6970857213824466,False,7.40000104997307e-05,True,True,0.0,False,5.669999518431723e-05,True,True,0.0,False,0.0167199999850709
p2-083-1,2,2.0,0.8,25.0,0.02,True,32,False,False,-20.888852880616007,-20.88885288061601,True,True,0.0,False,4.6900007873773575e-05,True,False,3.2124791436895315,False,0.0001176999940071255,True,True,0.0,False,0.00024320001830346882,True,True,0.0,False,0.035402000008616596
p2-083-2,2,2.0,0.8,25.0,0.02,True,13,False,False,-6.77911439966602,-6.77911439966602,True,True,0.0,False,2.95999925583601e-05,True,False,5.792587099331827,False,7.910002022981644e-05,True,True,0.0,False,0.00020530002075247467,True,True,0.0,False,0.014452200004598126
p2-084-0,2,2.0,0.8,50.0,0.005,True,11,False,True,-20.92313642835046,-20.92313642835046,True,True,0.0,True,3.090000245720148e-05,True,True,0.0,True,7.310000364668667e-05,True,True,0.0,True,0.00014070002362132072,True,True,0.0,True,0.012038499990012497
p2-084-1,2,2.0,0.8,50.0,0.005,True,24,False,False,-37.6324324653545,-37.6324324653545,True,True,0.0,False,3.9300008211284876e-05,True,True,0.0,False,0.0001959000073838979,True,True,0.0,False,0.0003454000107012689,True,True,0.0,False,0.028596999996807426
p2-084-2,2,2.0,0.8,50.0,0.005,True,11,False,True,-18.503601604548713,-18.503601604548713,True,True,0.0,True,2.9499991796910763e-05,True,True,0.0,True,8.180001168511808e-05,True,True,0.0,True,0.00010999999358318746,True,True,0.0,True,0.01536580000538379
p2-085-0,2,2.0,0.8,50.0,0.01,True,34,False,False,-34.23968364399649,-34.2396836439965,True,False,1.2744382861225318,False,5.509998300112784e-05,True,False,1.2744382861225318,False,0.00016170000890269876,True,True,0.0,False,0.00037739999243058264,True,True,0.0,False,0.03775889999815263
p2-085-1,2,2.0,0.8,50.0,0.01,True,35,False,False,-27.370325481699478,-27.370325481699474,True,False,1.5512213005995044,False,8.359999628737569e-05,True,False,3.565035567283399,False,0.00014029999147169292,True,True,0.0,False,0.00033420001273043454,True,True,0.0,False,0.04023179999785498
p2-085-2,2,2.0,0.8,50.0,0.01,True,31,False,True,-26.442291145221574,-26.442291145221574,True,True,0.0,True,5.0000002374872565e-05,True,False,2.40707567638486,False,0.00011290001566521823,True,True,0.0,True,0.0010777999996207654,True,True,0.0,True,0.035021399991819635
p2-086-0,2,2.0,0.8,50.0,0.02,True,15,False,True,-10.080757030646035,-10.080757030646037,True,True,0.0,True,3.330002073198557e-05,True,True,0.0,True,7.899999036453664e-05,True,True,0.0,True,0.00012099999003112316,True,True,0.0,True,0.018876900023315102
p2-086-1,2,2.0,0.8,50.0,0.02,True,28,False,False,-20.483590081660996,-20.483590081661,True,False,3.730493031318634,False,4.349998198449612e-05,True,False,5.2452422259356055,False,0.00011590000940486789,True,True,0.0,False,0.0003862000012304634,True,False,0.24674226661100818,False,0.034680799988564104
p2-086-2,2,2.0,0.8,50.0,0.02,True,12,False,False,-10.574253888780818,-10.574253888780818,True,True,0.0,False,3.090000245720148e-05,True,False,1.381948566749605,True,7.149999146349728e-05,True,True,0.0,False,0.00010469998233020306,True,True,0.0,False,0.013733300002058968
p2-087-0,2,2.0,0.8,100.0,0.005,True,13,False,True,-24.637828613530058,-24.637828613530058,True,True,0.0,True,3.840000135824084e-05,True,False,2.3974501171877662,False,0.00011389999417588115,True,True,0.0,True,0.00018339999951422215,True,True,0.0,True,0.017483900010120124
p2-087-1,2,2.0,0.8,100.0,0.005,True,17,False,False,-28.237612175512716,-28.237612175512716,True,True,0.0,False,3.5999983083456755e-05,True,False,2.7942856577569266,False,8.850000449456275e-05,True,True,0.0,False,0.00015720000374130905,True,True,0.0,False,0.01889629999641329
p2-087-2,2,2.0,0.8,100.0,0.005,True,14,False,True,-24.1911955056066,-24.191195505606597,True,True,0.0,True,4.809998790733516e-05,True,False,4.087586724457356,False,0.0001018000184558332,True,True,0.0,True,0.00015079998411238194,True,True,0.0,True,0.015255900012562051
p2-088-0,2,2.0,0.8,100.0,0.01,True,14,False,False,-21.406830172072628,-21.40683017207263,True,True,0.0,False,3.190001007169485e-05,True,False,3.0798225079401185,True,9.040001896210015e-05,True,True,0.0,False,0.00011719999019987881,True,True,0.0,False,0.016825700004119426
p2-088-1,2,2.0,0.8,100.0,0.01,True,14,False,True,-20.668676083444097,-20.668676083444097,True,True,0.0,True,3.260001540184021e-05,True,False,3.0140028436788953,False,8.709999383427203e-05,True,True,0.0,True,0.0001495999749749899,True,True,0.0,True,0.015271399985067546
p2-088-2,2,2.0,0.8,100.0,0.01,True,13,False,True,-22.85049216101659,-22.85049216101659,True,True,0.0,True,3.060000017285347e-05,True,True,0.0,True,7.700000423938036e-05,True,True,0.0,True,0.0001598999951966107,True,True,0.0,True,0.017579699982888997
p2-089-0,2,2.0,0.8,100.0,0.02,True,30,True,False,-25.258631515984284,-25.567111118243172,True,False,1.0114054133092658,False,4.4899992644786835e-05,True,False,6.730333063116525,False,0.00012070001685060561,True,True,0.0,False,0.00792510001338087,True,True,0.0,False,0.033649599994532764
p2-089-1,2,2.0,0.8,100.0,0.02,True,24,False,False,-20.809249624540467,-20.809249624540467,True,True,0.0,False,4.119999357499182e-05,True,True,0.0,False,0.00010639999527484179,True,True,0.0,False,0.0002649999805726111,True,True,0.0,False,0.026933199987979606
p2-089-2,2,2.0,0.8,100.0,0.02,True,44,False,False,-31.1673627579802,-31.1673627579802,True,True,0.0,False,5.2799994591623545e-05,True,False,6.033346549280999,False,0.00013500000932253897,True,True,0.0,False,0.00036050000926479697,True,False,0.3603118848013871,False,0.0555471999978181
p2-090-0,2,2.0,0.9,25.0,0.005,True,22,False,True,-28.311887501705225,-28.311887501705225,True,True,0.0,True,4.019998596049845e-05,True,True,0.0,True,0.00010540001676417887,True,True,0.0,True,0.00012809998588636518,True,True,0.0,True,0.025958099984563887
p2-090-1,2,2.0,0.9,25.0,0.005,True,28,False,True,-27.097158538119075,-27.09715853811908,True,True,0.0,True,4.579999949783087e-05,True,True,0.0,True,0.00011709998943842947,True,True,0.0,True,0.00018939998699352145,True,True,0.0,True,0.03217489999951795
p2-090-2,2,2.0,0.9,25.0,0.005,True,27,False,False,-26.278339082162255,-26.278339082162255,True,True,0.0,False,4.3800013372674584e-05,True,False,3.811561628170317,True,0.0001160999818239361,True,True,0.0,False,0.00020790001144632697,True,True,0.0,False,0.030521999986376613
p2-091-0,2,2.0,0.9,25.0,0.01,True,32,False,False,-21.7972152484474,-21.7972152484474,True,False,0.08299114869783608,True,8.66000191308558e-05,True,False,3.7921768188506064,False,0.0001608999737072736,True,True,0.0,False,0.00046699997619725764,True,True,0.0,False,0.03720500000054017
p2-091-1,2,2.0,0.9,25.0,0.01,True,22,False,False,-12.73349378546591,-12.73349378546591,True,False,0.9065967380583011,True,3.899997682310641e-05,True,False,1.8082488713123563,False,9.730001329444349e-05,True,True,0.0,False,0.00019859999883919954,True,True,0.0,False,0.024381900002481416
p2-091-2,2,2.0,0.9,25.0,0.01,True,21,False,True,-16.966135040561063,-16.966135040561063,True,True,0.0,True,4.449998959898949e-05,True,True,0.0,True,0.00012809998588636518,True,True,0.0,True,8.170001092366874e-05,True,True,0.0,True,0.02444370000739582
p2-092-0,2,2.0,0.9,25.0,0.02,True,52,False,False,-23.015560473216603,-23.015560473216606,True,True,0.0,False,7.169999298639596e-05,True,False,3.975239667642228,False,0.0002060999977402389,True,True,0.0,False,0.00011260001338087022,True,False,1.256391055038769,False,0.06280689997947775
p2-092-1,2,2.0,0.9,25.0,0.02,True,89,False,False,-27.43572314603161,-27.43572314603161,True,True,0.0,False,8.749999688006938e-05,True,False,13.57741902551738,False,0.0001925000105984509,True,True,0.0,False,0.0004527999844867736,True,False,0.9993097413990633,False,0.10402239998802543
p2-092-2,2,2.0,0.9,25.0,0.02,True,43,False,False,-17.652336324663953,-17.652336324663953,True,True,0.0,False,5.530001362785697e-05,True,False,5.101057193218541,False,0.00015090001397766173,True,True,0.0,False,0.00036109998472966254,True,False,0.6709043582278404,False,0.04761550002149306
p2-093-0,2,2.0,0.9,50.0,0.005,True,25,False,True,-27.499079999193373,-27.499079999193373,True,True,0.0,True,4.159999662078917e-05,True,True,0.0,True,0.00010760000441223383,True,True,0.0,True,0.00013699999544769526,True,True,0.0,True,0.027954099990893155
p2-093-1,2,2.0,0.9,50.0,0.005,True,24,False,False,-32.90608203385441,-32.90608203385442,True,True,0.0,False,4.049998824484646e-05,True,False,3.762511372400617,True,0.00012059998698532581,True,True,0.0,False,0.00014680001186206937,True,True,0.0,False,0.026169300021138042
p2-093-2,2,2.0,0.9,50.0,0.005,True,22,False,True,-29.415132735107072,-29.415132735107072,True,True,0.0,True,4.3400010326877236e-05,True,False,4.107144791619156,False,0.00011419999646022916,True,True,0.0,True,0.00014200000441633165,True,True,0.0,True,0.02499460001126863
p2-094-0,2,2.0,0.9,50.0,0.01,True,26,False,True,-18.59384946522421,-18.59384946522421,True,False,5.210215267790769,False,5.4800009820610285e-05,True,False,2.7352737036029744,False,0.00011710001854225993,True,True,0.0,True,7.569999434053898e-05,True,True,0.0,True,0.029994099983014166
p2-094-1,2,2.0,0.9,50.0,0.01,True,24,False,True,-22.05203238913736,-22.05203238913736,True,True,0.0,True,4.169999738223851e-05,True,True,0.0,True,0.00011049999739043415,True,True,0.0,True,0.0001247999898623675,True,True,0.0,True,0.026261699997121468
p2-094-2,2,2.0,0.9,50.0,0.01,True,42,False,False,-26.071479526835383,-26.071479526835383,True,False,0.3003520179675121,False,5.490001058205962e-05,True,False,4.41998779741326,True,0.00013500000932253897,True,True,0.0,False,0.0005602000164799392,True,True,0.0,False,0.046374900004593655
p2-095-0,2,2.0,0.9,50.0,0.02,True,22,False,False,-11.825302385039407,-11.825302385039407,True,False,0.29348425400632294,False,3.86999745387584e-05,True,False,2.4408216564320515,False,9.40999889280647e-05,True,True,0.0,False,0.00032130000181496143,True,True,0.0,False,0.026247100002365187
p2-095-1,2,2.0,0.9,50.0,0.02,True,22,False,False,-14.445394083533902,-14.445394083533902,True,True,0.0,False,3.7699996028095484e-05,True,False,9.8855354506297,False,9.40999889280647e-05,True,True,0.0,False,8.040000102482736e-05,True,True,0.0,False,0.0259696000139229
p2-095-2,2,2.0,0.9,50.0,0.02,True,36,False,False,-16.99584660745471,-16.99584660745471,True,False,0.1505122457019077,False,4.5599997974932194e-05,True,False,3.149279038106201,False,0.00011270001414231956,True,True,0.0,False,0.00034600001526996493,True,True,0.0,False,0.04178080000565387
p2-096-0,2,2.0,0.9,100.0,0.005,True,20,False,True,-33.829547521245246,-33.829547521245246,True,True,0.0,True,3.789999755099416e-05,True,True,0.0,True,9.879999561235309e-05,True,True,0.0,True,0.00017630000365898013,True,True,0.0,True,0.022494500008178875
p2-096-1,2,2.0,0.9,100.0,0.005,True,16,False,True,-26.91017632381545,-26.91017632381545,True,True,0.0,True,3.840000135824084e-05,True,False,4.50983218063196,False,8.850000449456275e-05,True,True,0.0,True,0.00015199999324977398,True,True,0.0,True,0.018215499992948025
p2-096-2,2,2.0,0.9,100.0,0.005,True,20,False,True,-31.806486396861843,-31.806486396861843,True,True,0.0,True,4.460001946426928e-05,True,True,0.0,True,0.0001126999850384891,True,True,0.0,True,0.00013520001084543765,True,True,0.0,True,0.02194129998679273
p2-097-0,2,2.0,0.9,100.0,0.01,True,20,False,True,-22.823663510181667,-22.823663510181667,True,True,0.0,True,3.71999922208488e-05,True,True,0.0,True,0.00010139998630620539,True,True,0.0,True,0.0001241000136360526,True,True,0.0,True,0.021756299975095317
p2-097-1,2,2.0,0.9,100.0,0.01,True,21,False,False,-28.9052073720524,-28.9052073720524,True,True,0.0,False,3.9700011257082224e-05,True,True,0.0,False,0.00010230002226307988,True,True,0.0,False,7.009998080320656e-05,True,True,0.0,False,0.02469990000827238
p2-097-2,2,2.0,0.9,100.0,0.01,True,22,False,False,-26.032175767438154,-26.032175767438154,True,True,0.0,False,4.089999129064381e-05,True,False,2.4228404947638964,False,0.00012120002065785229,True,True,0.0,False,0.00013580001541413367,True,True,0.0,False,0.024703300005057827
p2-098-0,2,2.0,0.9,100.0,0.02,True,21,False,True,-21.358546792762965,-21.358546792762965,True,True,0.0,True,4.150002496317029e-05,True,True,0.0,True,0.00010649999603629112,True,True,0.0,True,0.00012989999959245324,True,True,0.0,True,0.023359199985861778
p2-098-1,2,2.0,0.9,100.0,0.02,True,22,False,False,-20.67693466554673,-20.67693466554673,True,True,0.0,False,4.0000013541430235e-05,True,False,5.9898960175327325,False,9.320001117885113e-05,True,True,0.0,False,0.00032240001019090414,True,True,0.0,False,0.0286068000132218
p2-098-2,2,2.0,0.9,100.0,0.02,True,37,False,False,-21.849264130035646,-21.849264130035642,True,False,0.7850941016620254,False,6.670001312159002e-05,True,False,3.6395683207320992,False,0.00016159997903741896,True,True,0.0,False,0.0003414000093471259,True,True,0.0,False,0.04116449999855831
p2-099-0,2,2.0,1.0,25.0,0.005,True,21,False,True,-26.16553708219326,-26.16553708219326,True,True,0.0,True,4.299997817724943e-05,True,True,0.0,True,0.0001142999972216785,True,True,0.0,True,7.750000804662704e-05,True,True,0.0,True,0.022959499998250976
p2-099-1,2,2.0,1.0,25.0,0.005,True,20,False,True,-20.939002875196152,-20.939002875196152,True,True,0.0,True,4.25000034738332e-05,True,False,8.822770729397623,False,0.0001294999965466559,True,True,0.0,True,8.300002082251012e-05,True,True,0.0,True,0.02263620001031086
p2-099-2,2,2.0,1.0,25.0,0.005,True,15,False,True,-26.876353311560116,-26.876353311560116,True,True,0.0,True,5.500001134350896e-05,True,True,0.0,True,0.00012439998681657016,True,True,0.0,True,8.450000314041972e-05,True,True,0.0,True,0.0174401999975089
p2-100-0,2,2.0,1.0,25.0,0.01,True,21,False,True,-21.07013258498182,-21.07013258498182,True,True,0.0,True,5.57999883312732e-05,True,True,0.0,True,0.00012229999992996454,True,True,0.0,True,0.0003027999773621559,True,True,0.0,True,0.02554559998679906
p2-100-1,2,2.0,1.0,25.0,0.01,True,19,False,True,-23.06402247770858,-23.06402247770858,True,True,0.0,True,3.71999922208488e-05,True,True,0.0,True,9.99000039882958e-05,True,True,0.0,True,6.900000153109431e-05,True,True,0.0,True,0.022095499996794388
p2-100-2,2,2.0,1.0,25.0,0.01,True,18,False,True,-20.762323316569187,-20.762323316569187,True,True,0.0,True,3.969998215325177e-05,True,True,0.0,True,0.00010320000001229346,True,True,0.0,True,7.349997758865356e-05,True,True,0.0,True,0.02236800000537187
p2-101-0,2,2.0,1.0,25.0,0.02,True,29,False,False,-18.992978874857947,-18.992978874857947,True,True,0.0,False,4.270000499673188e-05,True,True,0.0,False,0.0001052000152412802,False,False,,False,6.540000322274864e-05,True,True,0.0,False,0.03172320002340712
p2-101-1,2,2.0,1.0,25.0,0.02,True,39,False,False,-17.496761181605727,-17.496761181605727,True,True,0.0,False,7.489998824894428e-05,True,True,0.0,False,0.00017660000594332814,True,True,0.0,False,0.00010619999375194311,True,True,0.0,False,0.04623310000170022
p2-101-2,2,2.0,1.0,25.0,0.02,True,22,False,True,-16.7663265424698,-16.7663265424698,True,False,0.5098278164376282,False,3.9000005926936865e-05,True,False,7.503652368698543,False,9.980000322684646e-05,True,True,0.0,True,6.329998723231256e-05,True,True,0.0,True,0.02465700000175275
p2-102-0,2,2.0,1.0,50.0,0.005,True,13,False,True,-28.531982587232832,-28.531982587232832,True,True,0.0,True,3.070000093430281e-05,True,True,0.0,True,8.489997708238661e-05,True,True,0.0,True,6.320001557469368e-05,True,True,0.0,True,0.015181700000539422
p2-102-1,2,2.0,1.0,50.0,0.005,True,17,False,True,-24.137811230101573,-24.137811230101573,True,True,0.0,True,3.440000000409782e-05,True,False,10.052605096673986,False,0.0001044000091496855,True,True,0.0,True,6.86999992467463e-05,True,True,0.0,True,0.020451800024602562
p2-102-2,2,2.0,1.0,50.0,0.005,True,16,False,True,-29.37668863094394,-29.37668863094394,True,True,0.0,True,3.409999771974981e-05,True,True,0.0,True,0.00010139998630620539,True,True,0.0,True,0.00019779999274760485,True,True,0.0,True,0.01903550000861287
p2-103-0,2,2.0,1.0,50.0,0.01,True,19,False,True,-22.65446477408363,-22.65446477408363,True,True,0.0,True,4.220000118948519e-05,True,True,0.0,True,0.00010499998461455107,True,True,0.0,True,0.00012049998622387648,True,True,0.0,True,0.023297799983993173
p2-103-1,2,2.0,1.0,50.0,0.01,True,10,False,True,-21.903978269392752,-21.903978269392752,True,True,0.0,True,2.8400012524798512e-05,True,True,0.0,True,6.900000153109431e-05,True,True,0.0,True,5.5599986808374524e-05,True,True,0.0,True,0.012337799998931587
p2-103-2,2,2.0,1.0,50.0,0.01,True,15,False,True,-20.751220574774543,-20.751220574774543,True,False,8.47282396147717,False,3.399999695830047e-05,True,False,8.47282396147717,False,9.029998909682035e-05,True,True,0.0,True,6.349998875521123e-05,True,True,0.0,True,0.01745050001773052
p2-104-0,2,2.0,1.0,50.0,0.02,True,17,False,False,-16.02289282928215,-16.02289282928215,True,True,0.0,False,3.4500000765547156e-05,True,False,6.697959636911916,False,9.889999637380242e-05,True,True,0.0,False,6.729998858645558e-05,True,True,0.0,False,0.019159300019964576
p2-104-1,2,2.0,1.0,50.0,0.02,True,31,False,False,-25.336955360411284,-25.336955360411284,True,False,5.474458271563623,True,4.4899992644786835e-05,True,False,5.474458271563623,True,0.00013639999087899923,True,True,0.0,False,0.0002792000013869256,True,True,0.0,False,0.033800700010033324
p2-104-2,2,2.0,1.0,50.0,0.02,True,37,False,False,-20.60475430064397,-20.604754300643975,True,False,2.5525334269468267,False,4.880002234131098e-05,True,False,2.5525334269468267,False,0.00012139999307692051,True,True,0.0,False,0.00031400000443682075,True,True,0.0,False,0.04174290000810288
p2-105-0,2,2.0,1.0,100.0,0.005,True,13,False,True,-24.855889736873237,-24.855889736873237,True,True,0.0,True,3.63999861292541e-05,True,True,0.0,True,8.749999688006938e-05,True,True,0.0,True,6.680001388303936e-05,True,True,0.0,True,0.01656160000129603
p2-105-1,2,2.0,1.0,100.0,0.005,True,15,False,True,-29.219863939019568,-29.219863939019568,True,True,0.0,True,3.890000516548753e-05,True,True,0.0,True,9.539999882690609e-05,True,True,0.0,True,6.829999620094895e-05,True,True,0.0,True,0.016550299973459914
p2-105-2,2,2.0,1.0,100.0,0.005,True,11,False,True,-28.073564838543938,-28.073564838543938,True,True,0.0,True,4.110002191737294e-05,True,True,0.0,True,0.00011530000483617187,True,True,0.0,True,7.819998427294195e-05,True,True,0.0,True,0.01256400000420399
p2-106-0,2,2.0,1.0,100.0,0.01,True,12,False,True,-23.06218312343379,-23.06218312343379,True,True,0.0,True,3.070000093430281e-05,True,True,0.0,True,0.00028020000900141895,True,True,0.0,True,8.609998621977866e-05,True,True,0.0,True,0.01384549998329021
p2-106-1,2,2.0,1.0,100.0,0.01,True,12,False,True,-21.665010820366774,-21.665010820366774,True,True,0.0,True,3.260001540184021e-05,True,True,0.0,True,8.980001439340413e-05,True,True,0.0,True,6.310001481324434e-05,True,True,0.0,True,0.013537799997720867
p2-106-2,2,2.0,1.0,100.0,0.01,True,17,False,True,-23.712953184747597,-23.712953184747597,True,True,0.0,True,3.320001997053623e-05,True,True,0.0,True,0.00010189999011345208,True,True,0.0,True,7.159999222494662e-05,True,True,0.0,True,0.023162500001490116
p2-107-0,2,2.0,1.0,100.0,0.02,True,18,False,False,-29.587611685724944,-29.587611685724944,True,True,0.0,False,3.840000135824084e-05,True,False,7.569704763185467,True,0.00010039997869171202,True,True,0.0,False,7.059998461045325e-05,True,True,0.0,False,0.01956330001121387
p2-107-1,2,2.0,1.0,100.0,0.02,True,16,False,False,-11.210355802827454,-11.210355802827454,True,True,0.0,False,3.480000304989517e-05,True,True,0.0,False,9.929999941959977e-05,True,True,0.0,False,6.920000305399299e-05,True,True,0.0,False,0.01893919997382909
p2-107-2,2,2.0,1.0,100.0,0.02,True,11,False,True,-16.680440320532984,-16.680440320532984,True,True,0.0,True,7.080001523718238e-05,True,True,0.0,True,0.0001686000032350421,True,True,0.0,True,8.009999874047935e-05,True,True,0.0,True,0.015974400012055412
p2-108-0,3,0.0,0.8,25.0,0.005,True,10,False,False,40.033401876859365,40.033401876859365,True,False,9.40157161748187,False,3.0099996365606785e-05,True,True,0.0,False,6.410002242773771e-05,True,True,0.0,False,0.00031560001662001014,True,True,0.0,False,0.01135950000025332
p2-108-1,3,0.0,0.8,25.0,0.005,True,11,False,True,47.74840086591243,47.74840086591243,True,False,11.581963832866457,False,3.120000474154949e-05,True,True,0.0,True,6.689998554065824e-05,True,True,0.0,True,0.00012879999121651053,True,True,0.0,True,0.011970099993050098
p2-108-2,3,0.0,0.8,25.0,0.005,True,25,False,False,53.35336746428494,53.35336746428494,True,False,15.84897687386389,False,3.920000744983554e-05,True,True,0.0,False,8.769999840296805e-05,True,True,0.0,False,0.00015100001473911107,True,True,0.0,False,0.027004899980966002
p2-109-0,3,0.0,0.8,25.0,0.01,True,39,False,True,64.64914942871222,64.64914942871222,True,False,19.995687559796963,False,4.710000939667225e-05,True,False,3.481228192109782,False,0.00010710000060498714,True,True,0.0,True,0.0002443999983370304,True,False,2.358227104877713,False,0.04785840000840835
p2-109-1,3,0.0,0.8,25.0,0.01,True,41,False,False,63.48153785834741,63.48153785834741,True,False,21.12005015958529,False,5.4100004490464926e-05,True,True,0.0,False,0.00011319998884573579,True,True,0.0,False,0.0003628999984357506,True,False,4.2004784558922665,False,0.04668880000826903
p2-109-2,3,0.0,0.8,25.0,0.01,True,52,False,True,70.42769841038827,70.42769841038827,True,False,24.78850788329703,False,5.9399986639618874e-05,True,False,2.902711674580729,False,0.00012829998740926385,True,True,0.0,True,0.00022059999173507094,True,False,3.0164265796029355,False,0.06074909999733791
p2-110-0,3,0.0,0.8,25.0,0.02,True,19,True,False,57.933150394743805,57.82765091792314,True,False,9.702041100839693,False,3.890000516548753e-05,True,False,1.6893542778573618,False,8.210001396946609e-05,True,True,0.0,False,0.005526300024939701,True,True,0.0,False,0.02129820000845939
p2-110-1,3,0.0,0.8,25.0,0.02,True,47,False,False,68.8299228625629,68.8299228625629,True,False,21.333285906996494,False,5.679999594576657e-05,True,True,0.0,False,0.00011999998241662979,True,True,0.0,False,0.00025240000104531646,True,False,4.607824469557173,False,0.05181959999026731
p2-110-2,3,0.0,0.8,25.0,0.02,True,8,False,True,38.12244486561082,38.12244486561082,True,False,6.963058983536229,False,2.780000795610249e-05,True,False,2.6627207469525658,False,5.599998985417187e-05,True,True,0.0,True,0.0003732999903149903,True,True,0.0,True,0.010268400015775114
p2-111-0,3,0.0,0.8,50.0,0.005,True,24,False,True,66.37968398976277,66.37968398976277,True,False,22.575407482768753,False,4.1799998143687844e-05,True,False,5.735309971755768,False,9.71999834291637e-05,True,True,0.0,True,0.00016229998436756432,True,False,2.6448230022329113,False,0.025748500018380582
p2-111-1,3,0.0,0.8,50.0,0.005,True,16,False,True,52.43143369123123,52.43143369123123,True,False,16.76521758253829,False,3.4199998481199145e-05,True,False,3.162556088114961,False,7.71000050008297e-05,True,True,0.0,True,0.00017189999925903976,True,False,3.162556088114961,False,0.0191470000136178
p2-111-2,3,0.0,0.8,50.0,0.005,True,15,False,False,60.91844287189287,60.91844287189287,True,False,18.17713742933197,False,3.549997927621007e-05,True,True,0.0,False,8.420000085607171e-05,True,True,0.0,False,0.00018440000712871552,True,True,0.0,False,0.016769499983638525
p2-112-0,3,0.0,0.8,50.0,0.01,True,31,False,False,66.27830687808736,66.27830687808736,True,False,18.358383117128128,False,4.4199987314641476e-05,True,False,5.155357197553471,False,0.00010199999087490141,True,True,0.0,False,0.00021040000137872994,True,True,0.0,False,0.033573900000192225
p2-112-1,3,0.0,0.8,50.0,0.01,True,26,False,True,64.88365158758569,64.88365158758569,True,False,19.749257460675807,False,4.7200010158121586e-05,True,True,0.0,True,0.00011180000728927553,True,True,0.0,True,0.00019130000146105886,True,False,4.0826650963869895,False,0.028625600010855123
p2-112-2,3,0.0,0.8,50.0,0.01,True,24,False,True,68.08251820870358,68.08251820870358,True,False,16.54655230909819,False,4.2400002712383866e-05,True,False,2.9984826150082853,False,9.399998816661537e-05,True,True,0.0,True,0.000222400005441159,True,False,1.8725858481668922,False,0.02659599998150952
p2-113-0,3,0.0,0.8,50.0,0.02,True,56,False,False,78.02862570095343,78.02862570095343,True,False,23.43289814164841,False,6.2700011767447e-05,True,False,2.2213517167583916,False,0.00013410000246949494,True,True,0.0,False,0.00034520000917837024,True,False,2.350662816022833,False,0.06148319999920204
p2-113-1,3,0.0,0.8,50.0,0.02,True,20,False,True,54.03712471794999,54.037124717949986,True,False,13.553334295987284,False,4.1099992813542485e-05,True,True,0.0,True,8.650001836940646e-05,True,True,0.0,True,0.0001501999795436859,True,True,0.0,True,0.021608400013064966
p2-113-2,3,0.0,0.8,50.0,0.02,True,32,False,True,67.25805453776887,67.25805453776887,True,False,22.902092000133464,False,4.549999721348286e-05,True,False,1.1358167556542043,False,0.00010149998706765473,True,True,0.0,True,0.00026989998877979815,True,True,0.0,True,0.03733829999691807
p2-114-0,3,0.0,0.8,100.0,0.005,True,9,False,True,45.216822815244605,45.21682281524461,True,False,14.023392168806133,False,2.8900016332045197e-05,True,True,0.0,True,6.419999408535659e-05,True,True,0.0,True,0.00013869997928850353,True,True,0.0,True,0.009857799974270165
p2-114-1,3,0.0,0.8,100.0,0.005,True,15,False,False,64.14123759370531,64.1412375937053,True,False,14.982330683772659,False,3.29999893438071e-05,True,False,6.147516829591709,False,8.399999933317304e-05,True,True,0.0,False,0.00017789998673833907,True,True,0.0,False,0.016869000013684854
p2-114-2,3,0.0,0.8,100.0,0.005,True,11,False,True,47.42356538973125,47.42356538973125,True,False,11.980417747664305,False,2.9499991796910763e-05,True,False,2.9461792741794,False,7.719997665844858e-05,True,True,0.0,True,0.00013240001862868667,True,True,0.0,True,0.012196700001368299
p2-115-0,3,0.0,0.8,100.0,0.01,True,11,False,False,63.51073761356498,63.510737613564984,True,False,10.541855840671651,False,2.889998722821474e-05,True,False,2.492373069688334,False,6.86999992467463e-05,True,True,0.0,False,0.00018760000239126384,True,True,0.0,False,0.01207810000050813
p2-115-1,3,0.0,0.8,100.0,0.01,True,17,False,True,64.4288668071481,64.4288668071481,True,False,20.198775475949517,False,3.329999162815511e-05,True,False,3.0323019819379056,False,8.860000525601208e-05,True,True,0.0,True,0.00014930000179447234,True,False,3.0323019819379056,False,0.018356700020376593
p2-115-2,3,0.0,0.8,100.0,0.01,True,7,False,True,46.04984861066667,46.04984861066667,True,False,6.872163514591172,False,2.5500019546598196e-05,True,False,2.072891222150467,False,5.729999975301325e-05,True,True,0.0,True,4.7299981815740466e-05,True,True,0.0,True,0.007884599996032193
p2-116-0,3,0.0,0.8,100.0,0.02,True,21,False,True,72.02886769985446,72.02886769985446,True,False,18.166783119389436,False,3.6999990697950125e-05,True,False,1.4624702658032191,False,8.630001684650779e-05,True,True,0.0,True,0.0001880000054370612,True,False,1.4624702658032191,False,0.02366579999215901
p2-116-1,3,0.0,0.8,100.0,0.02,True,28,False,True,74.50911711639009,74.50911711639009,True,False,26.945354910142186,False,4.600000102072954e-05,True,True,0.0,True,0.00010340000153519213,True,True,0.0,True,0.0001652000064495951,True,False,3.919492398046245,False,0.030383000004803762
p2-116-2,3,0.0,0.8,100.0,0.02,True,21,False,True,67.7070294368766,67.7070294368766,True,False,22.501846194021127,False,3.940000897273421e-05,True,True,0.0,True,9.049999061971903e-05,True,True,0.0,True,0.00015410000924021006,True,False,3.5279331910056158,False,0.023625100002391264
p2-117-0,3,0.0,0.9,25.0,0.005,True,26,False,True,55.28188099564487,55.28188099564487,True,False,22.784134285241777,False,4.610000178217888e-05,True,False,3.427643531282726,False,9.819999104365706e-05,True,True,0.0,True,0.00018390000332146883,True,True,0.0,True,0.02936389998649247
p2-117-1,3,0.0,0.9,25.0,0.005,True,41,False,True,63.573923083213586,63.573923083213586,True,False,36.81500277999059,False,5.2799994591623545e-05,True,False,4.416134525977341,False,0.00011890000314451754,True,True,0.0,True,0.000159399991389364,True,False,6.592263990613262,False,0.04558710000128485
p2-117-2,3,0.0,0.9,25.0,0.005,True,29,False,True,51.75330221065867,51.753302210658674,True,False,26.32214773876408,False,4.350001108832657e-05,True,True,0.0,True,9.269997826777399e-05,True,True,0.0,True,0.00020709997625090182,True,True,0.0,True,0.03197910002199933
p2-118-0,3,0.0,0.9,25.0,0.01,True,29,False,False,57.548940470671795,57.548940470671795,True,False,25.391442678149048,False,4.400001489557326e-05,True,True,0.0,False,9.57000011112541e-05,True,True,0.0,False,0.0004315999976824969,True,False,0.3707661786338008,False,0.0314483999973163
p2-118-1,3,0.0,0.9,25.0,0.01,True,56,False,False,68.15615300697546,68.15615300697544,True,False,38.45977113309496,False,6.699998630210757e-05,True,True,0.0,False,0.00015020000864751637,True,True,0.0,False,0.00029000002541579306,True,False,2.857793066250437,False,0.06279620001441799
p2-118-2,3,0.0,0.9,25.0,0.01,True,63,False,False,67.02274700521038,67.02274700521038,True,False,39.602868805468944,False,8.219998562708497e-05,True,True,0.0,False,0.00018259999342262745,True,True,0.0,False,0.00018000000272877514,True,False,0.7970236334845424,True,0.0710257000173442
p2-119-0,3,0.0,0.9,25.0,0.02,True,47,False,False,68.23027403364509,68.23027403364509,True,False,32.09334338887173,False,6.570000550709665e-05,True,True,0.0,False,0.0001221999991685152,True,True,0.0,False,0.0003456000122241676,True,False,1.3812722782151354,False,0.0509611000015866
p2-119-1,3,0.0,0.9,25.0,0.02,True,63,False,False,73.83479799243318,73.83479799243318,True,False,39.02861719486603,False,6.559997564181685e-05,True,False,0.10753486829560188,True,0.0001419000036548823,True,True,0.0,False,0.0001860000193119049,True,True,0.0,False,0.07152319999295287
p2-119-2,3,0.0,0.9,25.0,0.02,True,63,False,False,74.84813469826625,74.84813469826625,True,False,38.01964450782221,False,8.120000711642206e-05,True,False,7.569842416174438,False,0.0001894999877549708,True,True,0.0,False,0.00036210002144798636,True,False,7.865477370904557,False,0.07216830001561902
p2-120-0,3,0.0,0.9,50.0,0.005,True,11,False,True,47.64251335881672,47.642513358816714,True,False,19.296421652186787,False,3.2199983252212405e-05,True,True,0.0,True,7.03000114299357e-05,True,True,0.0,True,9.790001786313951e-05,True,True,0.0,True,0.012942000001203269
p2-120-1,3,0.0,0.9,50.0,0.005,True,13,False,True,54.63846236578804,54.63846236578804,True,False,23.4211798967115,False,3.2499985536560416e-05,True,False,3.9581691675410653,False,7.37000082153827e-05,True,True,0.0,True,9.889999637380242e-05,True,True,0.0,True,0.01421890000347048
p2-120-2,3,0.0,0.9,50.0,0.005,True,17,False,True,57.0596488016983,57.0596488016983,True,False,32.17395091687793,False,3.399999695830047e-05,True,True,0.0,True,9.479999425821006e-05,True,True,0.0,True,0.00010110001312568784,True,True,0.0,True,0.020682400005171075
p2-121-0,3,0.0,0.9,50.0,0.01,True,24,False,True,64.16510471386633,64.16510471386633,True,False,30.620070122627908,False,4.630000330507755e-05,True,True,0.0,True,8.980001439340413e-05,True,True,0.0,True,0.00015119998715817928,True,True,0.0,True,0.029100499988999218
p2-121-1,3,0.0,0.9,50.0,0.01,True,20,False,True,56.7578126735541,56.757812673554106,True,False,26.232614923027825,False,3.640001523308456e-05,True,True,0.0,True,8.210001396946609e-05,True,True,0.0,True,0.0001024999946821481,True,True,0.0,True,0.021683600003598258
p2-121-2,3,0.0,0.9,50.0,0.01,True,24,False,True,65.26854618972166,65.26854618972166,True,False,29.506108030546983,False,3.860000288113952e-05,True,False,3.311842103781089,False,9.119999594986439e-05,True,True,0.0,True,0.00015769997844472528,True,False,3.311842103781089,False,0.027353100012987852
p2-122-0,3,0.0,0.9,50.0,0.02,True,31,False,True,70.15071477608369,70.1507147760837,True,False,30.167404879084614,False,4.1799998143687844e-05,True,False,3.9403993306126637,False,9.670000872574747e-05,True,True,0.0,True,0.00023430000874213874,True,False,1.1374805735733986,False,0.036485199991147965
p2-122-1,3,0.0,0.9,50.0,0.02,True,37,False,True,71.56643757683005,71.56643757683005,True,False,28.728536666341256,False,4.830001853406429e-05,True,False,3.51954793019209,False,0.0001100999943446368,True,True,0.0,True,0.0002413999754935503,True,False,4.8607296893565035,False,0.04070740001043305
p2-122-2,3,0.0,0.9,50.0,0.02,True,59,False,True,77.16406797654187,77.16406797654187,True,False,35.703812239108345,False,5.889998283237219e-05,True,False,3.6042375206976374,False,0.0001343000039923936,True,True,0.0,True,0.00018020000425167382,True,False,4.052167661320965,False,0.06716589999268763
p2-123-0,3,0.0,0.9,100.0,0.005,True,13,False,True,53.71447318933437,53.71447318933437,True,False,24.438350386576417,False,4.0099985199049115e-05,True,True,0.0,True,0.00010320000001229346,True,True,0.0,True,0.00012420001439750195,True,True,0.0,True,0.017001700005494058
p2-123-1,3,0.0,0.9,100.0,0.005,True,21,False,True,69.47172734317422,69.47172734317422,True,False,30.92539374407538,False,4.020001506432891e-05,True,False,7.238917707036265,False,0.00010410000686533749,True,True,0.0,True,0.00017179999849759042,True,False,3.2629903974503947,False,0.028213799989316612
p2-123-2,3,0.0,0.9,100.0,0.005,True,15,False,False,64.44548203999942,64.44548203999942,True,False,24.78438291823518,False,4.539999645203352e-05,True,True,0.0,False,0.0001241000136360526,True,True,0.0,False,0.00023979999241419137,True,True,0.0,False,0.024548099987441674
p2-124-0,3,0.0,0.9,100.0,0.01,True,17,False,True,66.60073474387161,66.60073474387161,True,False,28.16190908399129,False,5.259999306872487e-05,True,False,2.6621307070609816,False,0.00013910001143813133,True,True,0.0,True,0.00022459999308921397,True,False,2.6621307070609816,False,0.02536190001410432
p2-124-1,3,0.0,0.9,100.0,0.01,True,24,False,True,73.81235072322313,73.81235072322313,True,False,32.82320757457849,False,5.1499984692782164e-05,True,False,8.779561705035505,False,0.00013639999087899923,True,True,0.0,True,0.00038529999437741935,True,False,4.187563838585007,False,0.028855500015197322
p2-124-2,3,0.0,0.9,100.0,0.01,True,17,False,True,61.238864254111895,61.238864254111895,True,False,33.54683667862509,False,3.99000127799809e-05,True,True,0.0,True,9.519999730400741e-05,True,True,0.0,True,0.00010689999908208847,True,True,0.0,True,0.01882690002094023
p2-125-0,3,0.0,0.9,100.0,0.02,True,12,False,False,54.7213376284931,54.7213376284931,True,False,20.577720033535584,False,3.270001616328955e-05,True,True,0.0,False,7.589999586343765e-05,True,True,0.0,False,0.0001005999802146107,True,True,0.0,False,0.013334699993720278
p2-125-1,3,0.0,0.9,100.0,0.02,True,14,False,True,58.3711890921671,58.3711890921671,True,False,16.891473570208404,False,3.239998477511108e-05,True,True,0.0,True,7.219999679364264e-05,True,True,0.0,True,0.0001396999869029969,True,True,0.0,True,0.016880499984836206
p2-125-2,3,0.0,0.9,100.0,0.02,True,25,False,True,69.59649213140413,69.59649213140413,True,False,30.743921749122435,False,4.260000423528254e-05,True,True,0.0,True,9.479999425821006e-05,True,True,0.0,True,0.00019259998225606978,True,True,0.0,True,0.026727100019343197
p2-126-0,3,0.0,1.0,25.0,0.005,True,16,False,True,64.15420876213207,64.15420876213207,False,False,,False,2.920001861639321e-05,False,False,,False,8.310002158395946e-05,True,True,0.0,True,9.839999256655574e-05,True,True,0.0,True,0.023525700002210215
p2-126-1,3,0.0,1.0,25.0,0.005,True,6,False,True,64.76379185288329,64.76379185288329,True,True,0.0,True,2.720000338740647e-05,True,True,0.0,True,7.680000271648169e-05,True,True,0.0,True,5.190001684240997e-05,True,True,0.0,True,0.00678419999894686
p2-126-2,3,0.0,1.0,25.0,0.005,True,11,False,True,62.279113610514585,62.27911361051459,True,True,0.0,True,4.020001506432891e-05,True,True,0.0,True,0.00011449999874457717,True,True,0.0,True,7.429998368024826e-05,True,True,0.0,True,0.015192699996987358
p2-127-0,3,0.0,1.0,25.0,0.01,True,15,False,False,71.56430968625072,71.56430968625072,False,False,,False,2.95999925583601e-05,False,False,,False,7.999999797903001e-05,True,True,0.0,False,0.00013020000187680125,True,True,0.0,False,0.016375700011849403
p2-127-1,3,0.0,1.0,25.0,0.01,True,24,False,False,69.56837210041206,69.56837210041206,True,False,2.144947131377279,False,5.439997767098248e-05,True,False,2.144947131377279,False,0.00010949998977594078,True,True,0.0,False,0.00014819999341852963,True,True,0.0,False,0.02637979999417439
p2-127-2,3,0.0,1.0,25.0,0.01,True,22,False,False,68.94457250390852,68.94457250390852,True,False,0.5194087393410598,False,3.809999907389283e-05,True,False,0.5194087393410598,False,9.610000415705144e-05,True,True,0.0,False,0.00010649999603629112,True,True,0.0,False,0.03086159998201765
p2-128-0,3,0.0,1.0,25.0,0.02,True,27,False,True,73.98244354452135,73.98244354452135,True,False,0.12955388564893155,False,4.539999645203352e-05,True,False,0.12955388564893155,False,0.00010710000060498714,True,True,0.0,True,0.000218700006371364,True,True,0.0,True,0.03087829999276437
p2-128-1,3,0.0,1.0,25.0,0.02,True,27,False,True,74.73727972008037,74.73727972008037,True,True,0.0,True,5.150001379661262e-05,True,True,0.0,True,0.0001005999802146107,True,True,0.0,True,0.0001078000059351325,True,True,0.0,True,0.031365000002551824
p2-128-2,3,0.0,1.0,25.0,0.02,True,24,False,True,72.9402627150321,72.9402627150321,True,False,0.3259134161099553,False,4.260000423528254e-05,True,False,0.3259134161099553,False,9.220000356435776e-05,True,True,0.0,True,0.00048180000158026814,True,True,0.0,True,0.02591149997897446
p2-129-0,3,0.0,1.0,50.0,0.005,True,5,False,True,64.25449202879648,64.25449202879648,True,True,0.0,True,2.5500019546598196e-05,True,True,0.0,True,6.710001616738737e-05,True,True,0.0,True,4.949999856762588e-05,True,True,0.0,True,0.005646600009640679
p2-129-1,3,0.0,1.0,50.0,0.005,True,4,False,True,65.79501186524116,65.79501186524116,True,True,0.0,True,2.300000051036477e-05,True,True,0.0,True,6.630001007579267e-05,True,True,0.0,True,4.81999886687845e-05,True,True,0.0,True,0.004464800003916025
p2-129-2,3,0.0,1.0,50.0,0.005,True,5,False,True,65.14021919570143,65.14021919570143,True,True,0.0,True,2.3299973690882325e-05,True,True,0.0,True,6.6100008552894e-05,True,True,0.0,True,4.730001091957092e-05,True,True,0.0,True,0.005505400011315942
p2-130-0,3,0.0,1.0,50.0,0.01,True,8,False,True,71.57294788176145,71.57294788176145,False,False,,False,2.13000166695565e-05,False,False,,False,7.100001676008105e-05,True,True,0.0,True,9.23000043258071e-05,True,True,0.0,True,0.008642400003736839
p2-130-1,3,0.0,1.0,50.0,0.01,True,7,False,True,71.56629740920827,71.56629740920827,True,True,0.0,True,2.440001117065549e-05,True,True,0.0,True,6.750001921318471e-05,True,True,0.0,True,4.840001929551363e-05,True,True,0.0,True,0.007669499987969175
p2-130-2,3,0.0,1.0,50.0,0.01,True,8,False,True,68.62550805103984,68.62550805103984,True,True,0.0,True,2.4300010409206152e-05,True,True,0.0,True,8.709999383427203e-05,True,True,0.0,True,4.959999932907522e-05,True,True,0.0,True,0.008711399976164103
p2-131-0,3,0.0,1.0,50.0,0.02,True,13,False,True,74.35851851219054,74.35851851219054,True,True,0.0,True,2.9699993319809437e-05,True,True,0.0,True,8.05000017862767e-05,True,True,0.0,True,5.529998452402651e-05,True,True,0.0,True,0.014064999995753169
p2-131-1,3,0.0,1.0,50.0,0.02,True,24,False,False,77.21147453230024,77.21147453230024,True,True,0.0,False,3.6299985367804766e-05,True,True,0.0,False,9.239997598342597e-05,True,True,0.0,False,0.00010120001388713717,True,False,0.8053187790778367,False,0.025708500004839152
p2-131-2,3,0.0,1.0,50.0,0.02,True,14,False,False,75.94537723564224,75.94537723564224,True,True,0.0,False,3.200001083314419e-05,True,True,0.0,False,8.280001929961145e-05,True,True,0.0,False,9.839999256655574e-05,True,True,0.0,False,0.01587820000713691
p2-132-0,3,0.0,1.0,100.0,0.005,True,3,False,True,62.74401293309094,62.744012933090936,True,True,0.0,True,1.9099999917671084e-05,True,True,0.0,True,6.200000643730164e-05,True,True,0.0,True,4.470002022571862e-05,True,True,0.0,True,0.0033181000035256147
p2-132-1,3,0.0,1.0,100.0,0.005,True,3,False,True,62.93682222401331,62.93682222401331,True,True,0.0,True,2.2599997464567423e-05,True,True,0.0,True,6.410002242773771e-05,True,True,0.0,True,4.990000161342323e-05,True,True,0.0,True,0.0044482000230345875
p2-132-2,3,0.0,1.0,100.0,0.005,True,3,False,True,63.146205638293026,63.146205638293026,True,True,0.0,True,1.9899976905435324e-05,True,True,0.0,True,6.560000474564731e-05,True,True,0.0,True,6.180000491440296e-05,True,True,0.0,True,0.0033662999921943992
p2-133-0,3,0.0,1.0,100.0,0.01,False,2,False,False,,,False,False,,False,,False,False,,False,,False,False,,False,,False,False,,False,
p2-133-1,3,0.0,1.0,100.0,0.01,True,3,False,True,72.27344041888935,72.27344041888935,True,True,0.0,True,1.9400002202019095e-05,True,True,0.0,True,6.150000263005495e-05,True,True,0.0,True,4.539999645203352e-05,True,True,0.0,True,0.0035832000139635056
p2-133-2,3,0.0,1.0,100.0,0.01,True,3,False,True,72.72178463743727,72.72178463743727,True,True,0.0,True,2.0799983758479357e-05,True,True,0.0,True,6.290001329034567e-05,True,True,0.0,True,4.7299981815740466e-05,True,True,0.0,True,0.0034783000010065734
p2-134-0,3,0.0,1.0,100.0,0.02,True,7,False,True,78.36471110050323,78.36471110050323,True,True,0.0,True,2.4900014977902174e-05,True,True,0.0,True,6.689998554065824e-05,True,True,0.0,True,4.939999780617654e-05,True,True,0.0,True,0.00791770001524128
p2-134-1,3,0.0,1.0,100.0,0.02,True,6,False,True,79.27517528478505,79.27517528478505,True,True,0.0,True,2.5399989681318402e-05,True,True,0.0,True,7.040001219138503e-05,True,True,0.0,True,5.059997783973813e-05,True,True,0.0,True,0.006544600008055568
p2-134-2,3,0.0,1.0,100.0,0.02,True,4,False,True,78.70184144086483,78.70184144086483,True,True,0.0,True,2.1899992134422064e-05,True,True,0.0,True,6.369999027810991e-05,True,True,0.0,True,4.579999949783087e-05,True,True,0.0,True,0.004478699993342161
p2-135-0,3,0.5,0.8,25.0,0.005,True,38,False,True,-46.25983527513701,-46.25983527513701,True,True,0.0,True,4.52000240329653e-05,True,True,0.0,True,0.0001050999853760004,True,True,0.0,True,0.0002733000146690756,True,True,0.0,True,0.04124079999746755
p2-135-1,3,0.5,0.8,25.0,0.005,True,14,False,False,-24.793379560139226,-24.793379560139226,True,False,1.4593540629769244,False,8.279999019578099e-05,True,True,0.0,False,7.539999205619097e-05,True,True,0.0,False,0.0005210999806877226,True,True,0.0,False,0.01590930001111701
p2-135-2,3,0.5,0.8,25.0,0.005,True,30,False,True,-48.814237284341566,-48.81423728434157,True,False,1.6362892737690657,False,4.1799998143687844e-05,True,False,1.6362892737690657,False,0.00011699998867698014,True,True,0.0,True,0.00021490000654011965,True,False,1.6362892737690657,False,0.03322189999744296
p2-136-0,3,0.5,0.8,25.0,0.01,True,35,False,False,-39.54848125127949,-39.54848125127949,True,True,0.0,False,4.6699977247044444e-05,True,True,0.0,False,0.00010870001278817654,True,True,0.0,False,0.0002142000012099743,True,True,0.0,False,0.04149250002228655
p2-136-1,3,0.5,0.8,25.0,0.01,True,22,False,False,-29.554549354110144,-29.554549354110144,True,True,0.0,False,3.7999998312443495e-05,True,True,0.0,False,8.599998545832932e-05,True,True,0.0,False,0.00019439999596215785,True,True,0.0,False,0.025061899999855086
p2-136-2,3,0.5,0.8,25.0,0.01,True,19,False,False,-29.28199335734664,-29.28199335734664,True,True,0.0,False,3.510000533424318e-05,True,True,0.0,False,8.070000330917537e-05,True,True,0.0,False,0.00026810000417754054,True,True,0.0,False,0.02129970001988113
p2-137-0,3,0.5,0.8,25.0,0.02,True,53,False,False,-34.60433845703331,-34.60433845703331,True,False,0.3891527363888514,False,5.5100012104958296e-05,True,False,3.953571624899247,False,0.00012859998969361186,True,True,0.0,False,0.0003671000013127923,True,False,2.6485978541317934,False,0.06325289999949746
p2-137-1,3,0.5,0.8,25.0,0.02,True,30,False,False,-29.481338982194618,-29.481338982194618,True,True,0.0,False,4.759998410008848e-05,True,False,2.0247620305559337,True,0.00015889998758211732,True,True,0.0,False,0.00029409999842755497,True,False,0.7096736760821756,False,0.03701229998841882
p2-137-2,3,0.5,0.8,25.0,0.02,True,32,False,False,-30.41441359524089,-30.41441359524089,True,True,0.0,False,4.3899985030293465e-05,True,True,0.0,False,0.00010510001447983086,True,True,0.0,False,0.00023089998285286129,True,False,0.8998924093764664,False,0.03691880000405945
p2-138-0,3,0.5,0.8,50.0,0.005,True,16,False,False,-46.98713169412454,-46.98713169412455,True,True,0.0,False,5.1700015319511294e-05,True,True,0.0,False,0.0001236999814864248,True,True,0.0,False,0.00020280000171624124,True,True,0.0,False,0.019648500019684434
p2-138-1,3,0.5,0.8,50.0,0.005,True,26,False,True,-58.565261695338464,-58.565261695338464,True,True,0.0,True,4.129999433644116e-05,True,False,3.0449041977880995,False,0.00010710000060498714,True,True,0.0,True,0.00017549999756738544,True,True,0.0,True,0.028640500007895753
p2-138-2,3,0.5,0.8,50.0,0.005,True,14,False,True,-35.9063364323208,-35.9063364323208,True,True,0.0,True,3.160000778734684e-05,True,False,2.6852963250517803,False,8.110000635497272e-05,True,True,0.0,True,0.00015690000145696104,True,True,0.0,True,0.016186199994990602
p2-139-0,3,0.5,0.8,50.0,0.01,True,31,False,True,-51.53272340901249,-51.53272340901249,True,True,0.0,True,0.00014180000289343297,True,True,0.0,True,0.00015199999324977398,True,True,0.0,True,0.00021329999435693026,True,True,0.0,True,0.03537680002045818
p2-139-1,3,0.5,0.8,50.0,0.01,True,32,True,False,-37.88773135171377,-37.906264733212524,True,True,0.0,False,4.579999949783087e-05,True,False,3.0895865274551397,False,0.00010570001904852688,True,True,0.0,False,0.006196699978318065,True,False,0.4196810705272753,False,0.03691699999035336
p2-139-2,3,0.5,0.8,50.0,0.01,True,28,False,False,-43.50434806268277,-43.50434806268277,True,True,0.0,False,4.47999918833375e-05,True,False,1.506109964872664,False,0.0001060000213328749,True,True,0.0,False,0.006439700024202466,True,True,0.0,False,0.03038159999414347
p2-140-0,3,0.5,0.8,50.0,0.02,True,29,False,False,-29.314394016534813,-29.314394016534813,True,False,4.711367414820614,False,4.220000118948519e-05,True,True,0.0,False,0.00012070001685060561,True,True,0.0,False,0.00022330001229420304,True,True,0.0,False,0.032778199994936585
p2-140-1,3,0.5,0.8,50.0,0.02,True,41,True,True,-39.62733942601367,-40.08757385497581,True,True,0.0,True,6.38000201433897e-05,True,True,0.0,True,0.00016379999578930438,True,False,0.04326675900063748,False,0.00874449999537319,True,False,0.9910081676188014,False,0.04487760001211427
p2-140-2,3,0.5,0.8,50.0,0.02,True,30,True,False,-34.19717374793631,-34.241013000356176,True,False,0.24124682456918833,False,4.159999662078917e-05,True,False,2.7920048115010694,False,0.00010350000229664147,True,True,0.0,False,0.006692499999189749,True,False,0.24124682456918833,False,0.03329049999592826
p2-141-0,3,0.5,0.8,100.0,0.005,True,21,False,True,-52.96808532460969,-52.96808532460969,True,True,0.0,True,3.679998917505145e-05,True,False,5.703360512733113,False,9.23000043258071e-05,True,True,0.0,True,0.00015380000695586205,True,True,0.0,True,0.023853199993027374
p2-141-1,3,0.5,0.8,100.0,0.005,True,23,False,True,-61.111293707747166,-61.111293707747166,True,True,0.0,True,3.860000288113952e-05,True,False,3.141395863133191,False,9.99000039882958e-05,True,True,0.0,True,0.00016729999333620071,True,True,0.0,True,0.02657250000629574
p2-141-2,3,0.5,0.8,100.0,0.005,True,14,False,True,-41.054107763438374,-41.054107763438374,True,True,0.0,True,4.320000880397856e-05,True,False,4.66957011126798,False,0.00010949998977594078,True,True,0.0,True,0.0002350000140722841,True,True,0.0,True,0.01681159998406656
p2-142-0,3,0.5,0.8,100.0,0.01,True,17,False,True,-43.90013020756583,-43.90013020756582,True,True,0.0,True,3.500000457279384e-05,True,False,2.2618203280862232,False,8.780002826824784e-05,True,True,0.0,True,0.00017749998369254172,True,True,0.0,True,0.0182963999977801
p2-142-1,3,0.5,0.8,100.0,0.01,True,21,False,True,-49.229924913064735,-49.229924913064735,True,True,0.0,True,4.3899985030293465e-05,True,False,2.632189722747796,False,0.00012309997691772878,True,True,0.0,True,0.00019340001745149493,True,True,0.0,True,0.02481219999026507
p2-142-2,3,0.5,0.8,100.0,0.01,True,5,False,True,-16.11798905300879,-16.11798905300879,True,True,0.0,True,2.8699985705316067e-05,True,True,0.0,True,6.9500005338341e-05,True,True,0.0,True,0.0001081999798770994,True,True,0.0,True,0.007241200015414506
p2-143-0,3,0.5,0.8,100.0,0.02,True,18,False,True,-33.13218624579606,-33.13218624579606,True,True,0.0,True,3.429999924264848e-05,True,True,0.0,True,8.840000373311341e-05,True,True,0.0,True,0.00018429997726343572,True,True,0.0,True,0.022183299995958805
p2-143-1,3,0.5,0.8,100.0,0.02,True,28,False,False,-39.187885965047904,-39.18788596504791,True,True,0.0,False,4.33000095654279e-05,True,True,0.0,False,0.0001033000007737428,True,True,0.0,False,0.00017790001584216952,True,True,0.0,False,0.033316199987893924
p2-143-2,3,0.5,0.8,100.0,0.02,True,33,False,True,-47.98299536343012,-47.98299536343012,True,True,0.0,True,4.52000240329653e-05,True,True,0.0,True,0.00011690001701936126,True,True,0.0,True,0.00018539998563937843,True,True,0.0,True,0.03743250001571141
p2-144-0,3,0.5,0.9,25.0,0.005,True,17,False,True,-32.959815111911304,-32.959815111911304,True,False,3.2879294758937476,False,3.510000533424318e-05,True,True,0.0,True,9.23000043258071e-05,True,True,0.0,True,0.0001139000232797116,True,True,0.0,True,0.019073900009971112
p2-144-1,3,0.5,0.9,25.0,0.005,True,46,False,True,-52.82387383335646,-52.82387383335646,True,False,0.9421423729827154,False,7.459998596459627e-05,True,False,4.341020062579446,False,0.00017869999282993376,True,True,0.0,True,0.0003570999833755195,True,False,6.13147429313085,False,0.05389049998484552
p2-144-2,3,0.5,0.9,25.0,0.005,True,33,False,True,-44.98622826023346,-44.98622826023346,True,True,0.0,True,4.7200010158121586e-05,True,False,4.189496635013043,False,0.00011029999586753547,True,True,0.0,True,0.00017889999435283244,True,False,2.2274384408977568,False,0.036440900003071874
p2-145-0,3,0.5,0.9,25.0,0.01,True,52,False,False,-47.32495464331914,-47.32495464331913,True,False,4.838094437458878,False,5.8200006606057286e-05,True,False,4.838094437458878,False,0.0001351000100839883,True,True,0.0,False,0.0003766000154428184,True,False,2.024648652207979,False,0.058287200023187324
p2-145-1,3,0.5,0.9,25.0,0.01,True,29,False,False,-32.874366670588884,-32.874366670588884,True,False,2.2668478035456907,False,4.549999721348286e-05,True,True,0.0,False,0.0001044000091496855,True,True,0.0,False,0.0002106000029016286,True,True,0.0,False,0.041343400022014976
p2-145-2,3,0.5,0.9,25.0,0.01,True,48,False,False,-40.516184494138415,-40.51618449413841,True,False,0.8774778273085886,False,5.6599994422867894e-05,True,False,0.8774778273085886,False,0.00013899998157285154,True,True,0.0,False,0.00034810000215657055,True,False,0.28763391386398496,False,0.05558869999367744
p2-146-0,3,0.5,0.9,25.0,0.02,True,63,False,False,-40.10978409868204,-40.10978409868204,True,True,0.0,False,6.739998934790492e-05,True,True,0.0,False,0.00015360000543296337,True,True,0.0,False,0.00026089997845701873,True,False,1.7813858884706235,True,0.07731749999220483
p2-146-1,3,0.5,0.9,25.0,0.02,True,40,False,False,-34.62524719397327,-34.62524719397327,True,False,0.5480194554351598,False,6.170000415295362e-05,True,False,0.5480194554351598,False,0.0001700999855529517,True,True,0.0,False,0.0004160999960731715,True,True,0.0,False,0.04906889999983832
p2-146-2,3,0.5,0.9,25.0,0.02,True,72,False,False,-46.11627882285083,-46.11627882285083,True,True,0.0,False,9.940000018104911e-05,True,False,3.782890981616376,True,0.000222400005441159,True,True,0.0,False,0.0009496999846305698,True,False,4.134762469982803,False,0.08933700001216494
p2-147-0,3,0.5,0.9,50.0,0.005,True,21,False,True,-45.93911424299523,-45.93911424299523,True,True,0.0,True,4.780001472681761e-05,True,True,0.0,True,0.0001252999936696142,True,True,0.0,True,0.00022879999596625566,True,True,0.0,True,0.02374439997947775
p2-147-1,3,0.5,0.9,50.0,0.005,True,26,False,True,-54.579130731945384,-54.579130731945384,True,True,0.0,True,4.2800005758181214e-05,True,True,0.0,True,0.0002179000002797693,True,True,0.0,True,0.0003234999894630164,True,True,0.0,True,0.03273119998630136
p2-147-2,3,0.5,0.9,50.0,0.005,True,18,False,True,-47.382412608675374,-47.382412608675374,True,True,0.0,True,3.57000099029392e-05,True,True,0.0,True,9.929999941959977e-05,True,True,0.0,True,0.00015459998394362628,True,True,0.0,True,0.019467899983283132
p2-148-0,3,0.5,0.9,50.0,0.01,True,30,False,True,-37.12315052735405,-37.12315052735405,True,False,4.329488815805696,False,4.409998655319214e-05,True,False,4.329488815805696,False,0.00010060000931844115,True,True,0.0,True,0.00020029998268000782,True,True,0.0,True,0.032879100006539375
p2-148-1,3,0.5,0.9,50.0,0.01,True,23,False,False,-41.14215386963733,-41.142153869637326,True,True,0.0,False,5.180001608096063e-05,True,False,4.302742602489282,False,0.00013299999409355223,True,True,0.0,False,0.00023320000036619604,True,True,0.0,False,0.027124500018544495
p2-148-2,3,0.5,0.9,50.0,0.01,True,20,False,True,-32.43013479825536,-32.43013479825537,True,True,0.0,True,4.7200010158121586e-05,True,False,4.216493602206121,False,0.0001269000058528036,True,True,0.0,True,0.00017579999985173345,True,True,0.0,True,0.022088400000939146
p2-149-0,3,0.5,0.9,50.0,0.02,True,62,False,True,-44.032232989079276,-44.032232989079276,True,False,0.0013861473301801652,False,6.510000093840063e-05,True,False,0.0013861473301801652,False,0.00015629999688826501,True,True,0.0,True,0.00036949999048374593,True,False,5.697372162243589,False,0.07301100000040606
p2-149-1,3,0.5,0.9,50.0,0.02,True,34,False,False,-30.659252239086587,-30.659252239086587,True,False,2.2957021740106747,True,4.7999987145885825e-05,True,True,0.0,False,0.00012250000145286322,True,True,0.0,False,0.00017839999054558575,True,True,0.0,False,0.0373039000260178
p2-149-2,3,0.5,0.9,50.0,0.02,True,37,False,False,-36.22261510502267,-36.22261510502267,True,False,1.0590081862769125,False,6.6100008552894e-05,True,False,1.0590081862769125,False,0.0001669999910518527,True,True,0.0,False,0.0003485000052023679,True,True,0.0,False,0.05191859998740256
p2-150-0,3,0.5,0.9,100.0,0.005,True,20,False,True,-48.229772517599876,-48.229772517599876,True,True,0.0,True,3.850000211969018e-05,True,False,3.3098257373594606,False,9.620000491850078e-05,True,True,0.0,True,0.00016820000018924475,True,True,0.0,True,0.02217539999401197
p2-150-1,3,0.5,0.9,100.0,0.005,True,19,False,True,-46.77597173991615,-46.775971739916145,True,True,0.0,True,5.050000618211925e-05,True,False,2.882545387273076,False,0.00013619998935610056,True,True,0.0,True,0.00022100002388469875,True,True,0.0,True,0.030225800001062453
p2-150-2,3,0.5,0.9,100.0,0.005,True,22,False,False,-53.37157443580525,-53.37157443580526,True,False,0.4341150713791606,True,4.8999994760379195e-05,True,False,0.4341150713791606,True,0.000135900016175583,True,True,0.0,False,0.00041629999759607017,True,True,0.0,False,0.02510300002177246
p2-151-0,3,0.5,0.9,100.0,0.01,True,22,False,True,-43.35685495708701,-43.35685495708701,True,True,0.0,True,4.910002462565899e-05,True,False,6.1756109083866235,False,0.00014739998732693493,True,True,0.0,True,0.00017210000078193843,True,True,0.0,True,0.03315539998584427
p2-151-1,3,0.5,0.9,100.0,0.01,True,22,False,True,-48.01634452074573,-48.01634452074573,True,True,0.0,True,4.2100000428035855e-05,True,False,2.4316540058388654,False,0.00010320000001229346,True,True,0.0,True,0.00016269998741336167,True,True,0.0,True,0.027672600001096725
p2-151-2,3,0.5,0.9,100.0,0.01,True,30,False,False,-57.15989130267269,-57.15989130267269,True,True,0.0,False,5.9699988923966885e-05,True,True,0.0,False,0.00018649999401532114,True,True,0.0,False,0.0017223999893758446,True,False,0.3643536502175948,True,0.03485320002073422
p2-152-0,3,0.5,0.9,100.0,0.02,True,27,False,True,-47.2204335747123,-47.2204335747123,True,True,0.0,True,5.190001684240997e-05,True,True,0.0,True,0.00014780001947656274,True,True,0.0,True,0.00022849999368190765,True,True,0.0,True,0.034869000024627894
p2-152-1,3,0.5,0.9,100.0,0.02,True,24,False,False,-42.28899954508546,-42.28899954508546,True,True,0.0,False,5.339999916031957e-05,True,True,0.0,False,0.0001568000006955117,True,True,0.0,False,0.0002373000024817884,True,True,0.0,False,0.03390170002239756
p2-152-2,3,0.5,0.9,100.0,0.02,True,25,False,True,-40.70939671399691,-40.70939671399691,True,True,0.0,True,4.81999886687845e-05,True,False,4.040088508185235,False,0.00010959999053739011,True,True,0.0,True,0.00017970000044442713,True,True,0.0,True,0.028007699991576374
p2-153-0,3,0.5,1.0,25.0,0.005,True,20,False,True,-53.69416737400643,-53.69416737400643,True,False,16.668443096962882,False,6.319998647086322e-05,True,False,16.668443096962882,False,9.330001194030046e-05,True,True,0.0,True,6.269998266361654e-05,True,True,0.0,True,0.02538439998170361
p2-153-1,3,0.5,1.0,25.0,0.005,True,23,False,True,-53.8408288238863,-53.8408288238863,True,True,0.0,True,4.1799998143687844e-05,True,True,0.0,True,0.00011079999967478216,True,True,0.0,True,7.389998063445091e-05,True,True,0.0,True,0.02609550001216121
p2-153-2,3,0.5,1.0,25.0,0.005,True,29,False,False,-52.76459020345297,-52.76459020345297,True,True,0.0,False,4.4899992644786835e-05,True,True,0.0,False,0.00010899998596869409,True,True,0.0,False,0.00025690000620670617,True,True,0.0,False,0.031899900001008064
p2-154-0,3,0.5,1.0,25.0,0.01,True,31,False,True,-46.34667143079485,-46.34667143079485,True,False,1.940459521000939,False,4.539999645203352e-05,True,False,1.940459521000939,False,0.00011959997937083244,True,True,0.0,True,0.000287600007141009,True,True,0.0,True,0.034505899995565414
p2-154-1,3,0.5,1.0,25.0,0.01,True,24,False,True,-42.748479412596524,-42.748479412596524,True,False,0.4251750697874144,False,4.199999966658652e-05,True,False,0.4251750697874144,False,0.00010090001160278916,True,True,0.0,True,0.00019789999350905418,True,True,0.0,True,0.028728799981763586
p2-154-2,3,0.5,1.0,25.0,0.01,True,29,False,False,-45.47031166639402,-45.47031166639401,True,False,13.783697713104178,False,4.600000102072954e-05,True,False,13.783697713104178,False,0.00010900001507252455,True,True,0.0,False,0.0003291000030003488,True,True,0.0,False,0.03289140001288615
p2-155-0,3,0.5,1.0,25.0,0.02,True,41,False,False,-41.95544715711416,-41.95544715711416,True,False,1.510438134145602,False,6.429999484680593e-05,True,False,1.510438134145602,False,0.00016990001313388348,True,True,0.0,False,0.0005231999966781586,True,False,0.16536502188979085,False,0.049110000021755695
p2-155-1,3,0.5,1.0,25.0,0.02,True,39,False,False,-38.45846184033026,-38.45846184033026,True,False,2.730998208343948,False,6.379999103955925e-05,True,False,9.995658151687088,False,0.00017340001068077981,True,True,0.0,False,0.0005013000045437366,True,False,0.5631926697767256,False,0.05013139999937266
p2-155-2,3,0.5,1.0,25.0,0.02,True,35,False,True,-41.569978762346274,-41.569978762346274,True,False,0.6489683853054089,False,5.4800009820610285e-05,True,False,0.6489683853054089,False,0.00012480001896619797,True,True,0.0,True,0.00022159999934956431,True,True,0.0,True,0.03916350001236424
p2-156-0,3,0.5,1.0,50.0,0.005,True,12,False,True,-56.23819684466035,-56.23819684466035,True,True,0.0,True,3.070000093430281e-05,True,True,0.0,True,7.709997589699924e-05,True,True,0.0,True,5.729999975301325e-05,True,True,0.0,True,0.014399900013813749
p2-156-1,3,0.5,1.0,50.0,0.005,True,15,False,True,-54.470770580228745,-54.470770580228745,True,True,0.0,True,3.29999893438071e-05,True,True,0.0,True,8.759999764151871e-05,True,True,0.0,True,6.260001100599766e-05,True,True,0.0,True,0.01666209998074919
p2-156-2,3,0.5,1.0,50.0,0.005,True,13,False,True,-55.39805888118061,-55.39805888118061,True,True,0.0,True,2.9799994081258774e-05,True,True,0.0,True,8.140000863932073e-05,True,True,0.0,True,5.8999983593821526e-05,True,True,0.0,True,0.015477600012673065
p2-157-0,3,0.5,1.0,50.0,0.01,True,14,False,True,-49.25432537220309,-49.25432537220309,True,True,0.0,True,3.060000017285347e-05,True,True,0.0,True,8.410000009462237e-05,True,True,0.0,True,6.310001481324434e-05,True,True,0.0,True,0.01832579998881556
p2-157-1,3,0.5,1.0,50.0,0.01,True,15,False,True,-48.77814892847855,-48.77814892847856,True,True,0.0,True,3.409999771974981e-05,True,True,0.0,True,8.450000314041972e-05,True,True,0.0,True,5.9600017266348004e-05,True,True,0.0,True,0.01772140001412481
p2-157-2,3,0.5,1.0,50.0,0.01,True,13,False,True,-51.09086395731549,-51.09086395731549,True,True,0.0,True,3.9000005926936865e-05,True,True,0.0,True,0.00010959999053739011,True,True,0.0,True,7.229999755509198e-05,True,True,0.0,True,0.020583000004990026
p2-158-0,3,0.5,1.0,50.0,0.02,True,32,False,False,-41.99241554675803,-41.99241554675803,True,False,3.1845642168180888,False,4.460001946426928e-05,True,False,13.267654685392195,False,0.0001100999943446368,True,True,0.0,False,7.310000364668667e-05,True,True,0.0,False,0.039998299995204434
p2-158-1,3,0.5,1.0,50.0,0.02,True,19,False,True,-43.4469006331864,-43.44690063318641,True,True,0.0,True,4.490002174861729e-05,True,True,0.0,True,0.00014479999663308263,True,True,0.0,True,8.260001777671278e-05,True,True,0.0,True,0.021095400006743148
p2-158-2,3,0.5,1.0,50.0,0.02,True,29,False,False,-37.807775289555025,-37.807775289555025,True,False,0.17687233930668356,True,4.370001261122525e-05,True,False,8.971636470261693,False,0.00010720000136643648,True,True,0.0,False,0.0002066000015474856,True,True,0.0,False,0.04073370000696741
p2-159-0,3,0.5,1.0,100.0,0.005,True,12,False,True,-56.75626910496426,-56.75626910496426,True,True,0.0,True,3.120000474154949e-05,True,True,0.0,True,7.499998901039362e-05,True,True,0.0,True,5.729999975301325e-05,True,True,0.0,True,0.01339219999499619
p2-159-1,3,0.5,1.0,100.0,0.005,True,12,False,True,-55.578385703527985,-55.578385703527985,True,True,0.0,True,2.9799994081258774e-05,True,True,0.0,True,7.719997665844858e-05,True,True,0.0,True,5.6199991377070546e-05,True,True,0.0,True,0.015214299986837432
p2-159-2,3,0.5,1.0,100.0,0.005,True,13,False,True,-53.74628624758452,-53.74628624758452,True,True,0.0,True,3.400002606213093e-05,True,True,0.0,True,0.00010060000931844115,True,True,0.0,True,5.9299985878169537e-05,True,True,0.0,True,0.019872999982908368
p2-160-0,3,0.5,1.0,100.0,0.01,True,13,False,True,-48.85315124307243,-48.85315124307243,True,True,0.0,True,3.899997682310641e-05,True,True,0.0,True,0.00011520000407472253,True,True,0.0,True,7.520001963712275e-05,True,True,0.0,True,0.020565699989674613
p2-160-1,3,0.5,1.0,100.0,0.01,True,15,False,True,-50.0207073138818,-50.0207073138818,True,True,0.0,True,3.700001980178058e-05,True,True,0.0,True,0.0001002000062726438,True,True,0.0,True,7.499998901039362e-05,True,True,0.0,True,0.017778500012354925
p2-160-2,3,0.5,1.0,100.0,0.01,True,12,False,True,-47.38613340434621,-47.38613340434621,True,True,0.0,True,3.070000093430281e-05,True,True,0.0,True,7.690000347793102e-05,True,True,0.0,True,5.709999823011458e-05,True,True,0.0,True,0.01481170000624843
p2-161-0,3,0.5,1.0,100.0,0.02,True,12,False,True,-41.08216420103578,-41.08216420103578,True,True,0.0,True,3.029999788850546e-05,True,True,0.0,True,8.100000559352338e-05,True,True,0.0,True,7.440001354552805e-05,True,True,0.0,True,0.014672999997856095
p2-161-1,3,0.5,1.0,100.0,0.02,True,23,False,True,-41.23003358019595,-41.23003358019595,True,True,0.0,True,4.5199994929134846e-05,True,True,0.0,True,0.0001412999990861863,True,True,0.0,True,8.47000046633184e-05,True,True,0.0,True,0.025619099993491545
p2-161-2,3,0.5,1.0,100.0,0.02,True,20,False,True,-44.96095982724323,-44.96095982724323,True,True,0.0,True,3.840000135824084e-05,True,True,0.0,True,0.0001010000123642385,True,True,0.0,True,6.770002073608339e-05,True,True,0.0,True,0.021895599988056347
p2-162-0,3,1.0,0.8,25.0,0.005,True,37,False,True,-47.389984683880044,-47.389984683880044,True,True,0.0,True,6.079999729990959e-05,True,True,0.0,True,0.0001689000055193901,True,True,0.0,True,0.0004603999841492623,True,True,0.0,True,0.04684070000075735
p2-162-1,3,1.0,0.8,25.0,0.005,True,33,False,True,-40.75879232147606,-40.75879232147605,True,True,0.0,True,5.740000051446259e-05,True,True,0.0,True,0.0001568000006955117,True,True,0.0,True,0.0005927000020164996,True,True,0.0,True,0.04351010001846589
p2-162-2,3,1.0,0.8,25.0,0.005,True,21,False,False,-33.45289626385039,-33.45289626385039,True,True,0.0,False,3.899997682310641e-05,True,True,0.0,False,0.00010040000779554248,True,True,0.0,False,0.0002035000070463866,True,True,0.0,False,0.03053150000050664
p2-163-0,3,1.0,0.8,25.0,0.01,True,55,False,True,-39.06126929472187,-39.06126929472187,True,False,3.384293238473539,False,6.78999931551516e-05,True,False,4.679103653541148,False,0.00014360001659952104,True,True,0.0,True,0.0004566000134218484,True,False,1.8006748641229393,False,0.06026890000794083
p2-163-1,3,1.0,0.8,25.0,0.01,True,59,False,False,-46.70831571090437,-46.70831571090437,True,False,3.426707801646991,False,6.749999010935426e-05,True,False,3.426707801646991,False,0.0001576000067871064,True,True,0.0,False,0.0010680000123102218,True,False,1.4736688556235151,False,0.06404319999273866
p2-163-2,3,1.0,0.8,25.0,0.01,True,51,False,False,-38.31651949170776,-38.31651949170776,True,False,0.6133578984628443,False,6.130000110715628e-05,True,False,0.6133578984628443,False,0.00013940001372247934,True,True,0.0,False,0.00048749998677521944,True,False,0.45848134787278383,True,0.05585390000487678
p2-164-0,3,1.0,0.8,25.0,0.02,True,32,False,False,-22.067529988648996,-22.067529988648996,True,True,0.0,False,4.789998638443649e-05,True,True,0.0,False,0.00011439999798312783,True,True,0.0,False,0.00045259998296387494,True,True,0.0,False,0.03761169998324476
p2-164-1,3,1.0,0.8,25.0,0.02,True,46,False,False,-30.35984761210237,-30.35984761210237,True,False,0.3128572771713749,False,5.880001117475331e-05,True,False,0.3128572771713749,False,0.00014230000670067966,True,True,0.0,False,0.0007726000039838254,True,False,0.3128572771713749,False,0.050024000025587156
p2-164-2,3,1.0,0.8,25.0,0.02,True,46,False,False,-29.178251060310213,-29.178251060310213,True,False,1.5935680503316156,False,7.179999374784529e-05,True,False,0.7137849110208805,False,0.00013459997717291117,True,True,0.0,False,0.00033129999064840376,True,False,0.10384163118294154,False,0.05176400000345893
p2-165-0,3,1.0,0.8,50.0,0.005,True,24,False,True,-49.66207702270577,-49.66207702270577,True,True,0.0,True,5.329999839887023e-05,True,False,3.0675965224296533,False,0.00015189999248832464,True,True,0.0,True,0.0002395999908912927,True,True,0.0,True,0.030108000006293878
p2-165-1,3,1.0,0.8,50.0,0.005,True,29,False,False,-52.976937626256976,-52.97693762625697,True,True,0.0,False,4.4100015657022595e-05,True,True,0.0,False,0.00011380002251826227,True,True,0.0,False,0.0002505999873392284,True,True,0.0,False,0.03443980001611635
p2-165-2,3,1.0,0.8,50.0,0.005,True,21,False,True,-40.53669930151342,-40.53669930151342,True,True,0.0,True,4.129999433644116e-05,True,False,1.3438131568490803,False,0.00010760000441223383,True,True,0.0,True,0.00022329998319037259,True,True,0.0,True,0.028412100014975294
p2-166-0,3,1.0,0.8,50.0,0.01,True,22,False,True,-37.80818724306597,-37.80818724306597,True,True,0.0,True,4.959999932907522e-05,True,False,5.295306548811062,False,0.00014769998961128294,True,True,0.0,True,0.00021850000484846532,True,True,0.0,True,0.02653280002414249
p2-166-1,3,1.0,0.8,50.0,0.01,True,17,False,False,-34.64351743156693,-34.64351743156692,True,True,0.0,False,5.2099989261478186e-05,True,False,2.9867689513287132,False,0.00013339999713934958,True,True,0.0,False,0.00016090000281110406,True,True,0.0,False,0.02120739998645149
p2-166-2,3,1.0,0.8,50.0,0.01,True,38,False,True,-40.21209372272958,-40.21209372272958,True,True,0.0,True,4.919999628327787e-05,True,True,0.0,True,0.00011739999172277749,True,True,0.0,True,0.0002772000152617693,True,False,1.8422548757461286,False,0.04899060001480393
p2-167-0,3,1.0,0.8,50.0,0.02,True,45,False,False,-33.60883563544654,-33.60883563544654,True,False,1.0996201492074533,False,5.630002124235034e-05,True,False,5.7698059336613206,False,0.00013349999790079892,True,True,0.0,False,0.00045769999269396067,True,False,3.649002373341684,False,0.05750990001251921
p2-167-1,3,1.0,0.8,50.0,0.02,True,78,False,False,-46.848072388973584,-46.84807238897358,True,True,0.0,False,7.530002039857209e-05,True,False,2.9967764480043755,False,0.00017540002590976655,True,True,0.0,False,0.0005407999851740897,True,False,2.0344293626554517,False,0.0938087000104133
p2-167-2,3,1.0,0.8,50.0,0.02,True,45,False,True,-35.223891746729684,-35.223891746729684,True,True,0.0,True,6.86999992467463e-05,True,True,0.0,True,0.00016510000568814576,True,True,0.0,True,0.00023999999393709004,True,True,0.0,True,0.05308480001986027
p2-168-0,3,1.0,0.8,100.0,0.005,True,19,False,True,-45.365395107069645,-45.36539510706964,True,True,0.0,True,4.260000423528254e-05,True,False,2.7773636199953984,False,0.00010029997793026268,True,True,0.0,True,0.00017079999088309705,True,True,0.0,True,0.02161489997524768
p2-168-1,3,1.0,0.8,100.0,0.005,True,11,False,True,-28.704592520144484,-28.704592520144484,True,True,0.0,True,3.659998765215278e-05,True,True,0.0,True,7.71000050008297e-05,True,True,0.0,True,0.00014390001888386905,True,True,0.0,True,0.01274169998941943
p2-168-2,3,1.0,0.8,100.0,0.005,True,17,False,True,-46.99272031736515,-46.99272031736515,True,True,0.0,True,7.050001295283437e-05,True,True,0.0,True,0.00013689999468624592,True,True,0.0,True,0.00022680000984109938,True,True,0.0,True,0.021089900023071095
p2-169-0,3,1.0,0.8,100.0,0.01,True,20,False,True,-38.79019724601178,-38.79019724601177,True,True,0.0,True,3.9399979868903756e-05,True,False,5.600305955848675,False,9.890002547763288e-05,True,True,0.0,True,0.00017350001144222915,True,True,0.0,True,0.022561399993719533
p2-169-1,3,1.0,0.8,100.0,0.01,True,20,False,False,-44.262909132904284,-44.262909132904284,True,True,0.0,False,3.860000288113952e-05,True,False,3.126102824673488,True,0.00010619999375194311,True,True,0.0,False,0.00021200001356191933,True,True,0.0,False,0.02336479999939911
p2-169-2,3,1.0,0.8,100.0,0.01,True,12,False,True,-25.85584681409379,-25.85584681409379,True,True,0.0,True,9.509999654255807e-05,True,True,0.0,True,9.580000187270343e-05,True,True,0.0,True,0.00016349999350495636,True,True,0.0,True,0.013990000006742775
p2-170-0,3,1.0,0.8,100.0,0.02,True,26,True,False,-31.36594546860318,-31.594936206263142,True,False,3.473297934205778,False,4.4500018702819943e-05,True,False,0.5664865591559369,False,0.00010749997454695404,True,True,0.0,False,0.008723099977942184,True,True,0.0,False,0.029265699995448813
p2-170-1,3,1.0,0.8,100.0,0.02,True,27,False,False,-36.526221764105415,-36.526221764105415,True,True,0.0,False,5.8600009651854634e-05,True,False,5.436438428132011,False,0.0001996000064536929,True,True,0.0,False,0.0002355000178795308,True,True,0.0,False,0.03639120000298135
p2-170-2,3,1.0,0.8,100.0,0.02,True,31,True,False,-32.8470576602905,-33.08385499539442,True,False,0.763914144395379,False,4.4100015657022595e-05,True,True,0.0,False,0.00011309998808428645,True,True,0.0,False,0.006451599998399615,True,True,0.0,False,0.04233979998389259
p2-171-0,3,1.0,0.9,25.0,0.005,True,50,False,False,-46.28067050905175,-46.28067050905175,True,True,0.0,False,5.800000508315861e-05,True,True,0.0,False,0.00012470001820474863,True,True,0.0,False,0.00021959998412057757,True,False,0.7796113758884431,True,0.055294199992204085
p2-171-1,3,1.0,0.9,25.0,0.005,True,35,False,False,-39.66251186994658,-39.66251186994657,True,True,0.0,False,5.590001819655299e-05,True,True,0.0,False,0.00012779998360201716,True,True,0.0,False,0.0004778000002261251,True,True,0.0,False,0.04763180000009015
p2-171-2,3,1.0,0.9,25.0,0.005,True,41,False,False,-49.447700041837905,-49.447700041837905,True,True,0.0,False,5.150001379661262e-05,True,True,0.0,False,0.00012439998681657016,True,True,0.0,False,0.00018709999858401716,True,True,0.0,False,0.049428500002250075
p2-172-0,3,1.0,0.9,25.0,0.01,True,40,False,False,-33.0561310259412,-33.0561310259412,True,False,0.24227439466489642,True,5.23999915458262e-05,True,False,0.24227439466489642,True,0.0001275000104214996,True,True,0.0,False,0.0001970999874174595,True,False,1.5829609656422683,False,0.05101129997638054
p2-172-1,3,1.0,0.9,25.0,0.01,True,41,False,True,-28.188784772348278,-28.188784772348278,True,False,3.629957574693165,False,5.01000031363219e-05,True,False,0.50705207136469,False,0.00011829999857582152,True,True,0.0,True,0.0004757000133395195,True,False,0.17927289047477757,False,0.05276609997963533
p2-172-2,3,1.0,0.9,25.0,0.01,True,46,False,True,-35.72838904910619,-35.728389049106184,True,True,0.0,True,5.540001438930631e-05,True,True,0.0,True,0.00014429999282583594,True,True,0.0,True,0.00019650001195259392,True,True,0.0,True,0.05797210001037456
p2-173-0,3,1.0,0.9,25.0,0.02,True,24,False,False,-19.41176594335629,-19.41176594335629,True,True,0.0,False,4.349998198449612e-05,True,False,2.076808307002196,False,0.00010320000001229346,True,True,0.0,False,0.0004574000195134431,True,False,0.1937794066422711,False,0.02842170000076294
p2-173-1,3,1.0,0.9,25.0,0.02,True,65,False,False,-35.04714888150119,-35.04714888150119,True,False,1.519724391988973,False,6.86999992467463e-05,True,False,4.777922134587477,False,0.0001508000132162124,True,True,0.0,False,0.0003355000226292759,True,True,0.0,False,0.07511380000505596
p2-173-2,3,1.0,0.9,25.0,0.02,True,50,False,False,-27.94770479543839,-27.94770479543839,True,False,1.0266022386739238,False,6.009999196976423e-05,True,False,4.670161652138276,False,0.0001370999962091446,True,True,0.0,False,0.0005721999914385378,True,False,0.47692008806703257,False,0.05646650001290254
p2-174-0,3,1.0,0.9,50.0,0.005,True,20,False,True,-43.65100672391456,-43.65100672391456,True,True,0.0,True,4.230000195093453e-05,True,True,0.0,True,0.00010159998782910407,True,True,0.0,True,0.00017460001981817186,True,True,0.0,True,0.021488099999260157
p2-174-1,3,1.0,0.9,50.0,0.005,True,26,False,True,-50.77758033024241,-50.777580330242415,True,True,0.0,True,5.649999366141856e-05,True,True,0.0,True,0.00011789999553002417,True,True,0.0,True,0.00018240002100355923,True,True,0.0,True,0.028640000004088506
p2-174-2,3,1.0,0.9,50.0,0.005,True,26,False,False,-42.35337831910551,-42.35337831910551,True,True,0.0,False,4.2400002712383866e-05,True,False,4.0799011289212075,False,0.00011940000695176423,True,True,0.0,False,0.00013940001372247934,True,True,0.0,False,0.031904200004646555
p2-175-0,3,1.0,0.9,50.0,0.01,True,24,False,True,-34.61299824696652,-34.61299824696652,True,True,0.0,True,5.029997555539012e-05,True,True,0.0,True,0.00014300001203082502,True,True,0.0,True,0.00022399998852051795,True,True,0.0,True,0.030101400014245883
p2-175-1,3,1.0,0.9,50.0,0.01,True,27,False,True,-38.96559079207903,-38.96559079207902,True,True,0.0,True,4.509999416768551e-05,True,True,0.0,True,0.00013149998267181218,True,True,0.0,True,0.0003907000063918531,True,True,0.0,True,0.03133170001092367
p2-175-2,3,1.0,0.9,50.0,0.01,True,26,False,False,-35.13243701725632,-35.13243701725632,True,False,0.4349760335683541,False,4.379998426884413e-05,True,False,4.40770813554014,False,0.00011959997937083244,True,True,0.0,False,0.0003920000162906945,True,True,0.0,False,0.028407900012098253
p2-176-0,3,1.0,0.9,50.0,0.02,True,57,False,False,-30.748098769207452,-30.748098769207452,True,False,2.919782535775923,False,6.419999408535659e-05,True,False,2.919782535775923,False,0.00016480000340379775,True,True,0.0,False,0.00030089999199844897,True,False,3.7977767199600265,False,0.06588259999989532
p2-176-1,3,1.0,0.9,50.0,0.02,True,56,False,False,-35.62580770102121,-35.625807701021216,True,False,3.799875043207628,False,6.0200021835044026e-05,True,False,6.156925157714497,False,0.0001537000061944127,True,True,0.0,False,0.0005216999852564186,True,False,3.2390823823084958,False,0.06610860000364482
p2-176-2,3,1.0,0.9,50.0,0.02,True,35,False,True,-26.574971293896763,-26.574971293896766,True,True,0.0,True,4.8600020818412304e-05,True,True,0.0,True,0.0001233999792020768,True,True,0.0,True,7.939999341033399e-05,True,True,0.0,True,0.04859789999318309
p2-177-0,3,1.0,0.9,100.0,0.005,True,22,False,True,-51.842242410299846,-51.84224241029985,True,True,0.0,True,4.25000034738332e-05,True,False,3.8658329328517667,False,0.00010460001067258418,True,True,0.0,True,0.00016399999731220305,True,True,0.0,True,0.024901900003897026
p2-177-1,3,1.0,0.9,100.0,0.005,True,25,False,True,-52.219698443183006,-52.21969844318301,True,True,0.0,True,6.489999941550195e-05,True,False,3.151693754139508,False,0.000159399991389364,True,True,0.0,True,0.00024259998463094234,True,True,0.0,True,0.030154799984302372
p2-177-2,3,1.0,0.9,100.0,0.005,True,22,False,True,-43.6845788334583,-43.6845788334583,True,True,0.0,True,4.0099985199049115e-05,True,False,7.495889288872753,False,0.00010829998063854873,True,True,0.0,True,0.00018170001567341387,True,True,0.0,True,0.02636079999501817
p2-178-0,3,1.0,0.9,100.0,0.01,True,14,False,True,-23.467893661008354,-23.467893661008354,True,True,0.0,True,3.3499993151053786e-05,True,False,3.8315535811555037,False,8.220001473091543e-05,True,True,0.0,True,0.00012099999003112316,True,True,0.0,True,0.015386900020530447
p2-178-1,3,1.0,0.9,100.0,0.01,True,18,False,True,-40.45862939322843,-40.45862939322843,True,True,0.0,True,3.330002073198557e-05,True,True,0.0,True,8.499997784383595e-05,True,True,0.0,True,0.00014579997514374554,True,True,0.0,True,0.020488100009970367
p2-178-2,3,1.0,0.9,100.0,0.01,True,20,False,True,-28.45417636934183,-28.45417636934183,True,True,0.0,True,3.4199998481199145e-05,True,True,0.0,True,8.510000770911574e-05,True,True,0.0,True,0.00015049998182803392,True,True,0.0,True,0.024514999997336417
p2-179-0,3,1.0,0.9,100.0,0.02,True,22,False,True,-29.850266424595684,-29.850266424595688,True,True,0.0,True,3.789999755099416e-05,True,False,3.3501651561912134,False,9.899999713525176e-05,True,True,0.0,True,0.00016090000281110406,True,True,0.0,True,0.024451200006296858
p2-179-1,3,1.0,0.9,100.0,0.02,True,29,False,True,-32.663928251074104,-32.663928251074104,True,True,0.0,True,4.159999662078917e-05,True,False,3.6731826481312027,False,0.00010060000931844115,True,True,0.0,True,0.00016269998741336167,True,True,0.0,True,0.032954700000118464
p2-179-2,3,1.0,0.9,100.0,0.02,True,38,False,True,-34.54628674094173,-34.54628674094173,True,False,2.4668820958588853,False,5.0099974032491446e-05,True,False,2.4668820958588853,False,0.0001517999917268753,True,True,0.0,True,0.0002330999996047467,True,True,0.0,True,0.04405570001108572
p2-180-0,3,1.0,1.0,25.0,0.005,True,31,False,True,-47.72791018823179,-47.72791018823179,True,True,0.0,True,4.369998350739479e-05,True,True,0.0,True,0.00012740000966005027,True,True,0.0,True,0.000277700019069016,True,True,0.0,True,0.03605160000734031
p2-180-1,3,1.0,1.0,25.0,0.005,True,22,False,False,-43.6225340174083,-43.6225340174083,True,True,0.0,False,4.05999890062958e-05,True,False,11.390646213073104,False,0.00011309998808428645,True,True,0.0,False,0.0002618000144138932,True,True,0.0,False,0.024998000008054078
p2-180-2,3,1.0,1.0,25.0,0.005,True,33,False,False,-42.66550485864408,-42.66550485864408,True,False,1.3589526444830824,False,5.6199991377070546e-05,True,False,1.3589526444830824,False,0.00012510002125054598,True,True,0.0,False,7.799998275004327e-05,True,True,0.0,False,0.03807020001113415
p2-181-0,3,1.0,1.0,25.0,0.01,True,28,False,True,-42.41169795822856,-42.41169795822856,True,True,0.0,True,4.1000021155923605e-05,True,True,0.0,True,0.00010340000153519213,True,True,0.0,True,6.890000076964498e-05,True,True,0.0,True,0.03126299998257309
p2-181-1,3,1.0,1.0,25.0,0.01,True,30,False,True,-37.50945764634402,-37.50945764634402,True,False,9.56545907380098,False,4.370001261122525e-05,True,False,9.56545907380098,False,0.00011060002725571394,True,True,0.0,True,0.0004228000179864466,True,True,0.0,True,0.03472130000591278
p2-181-2,3,1.0,1.0,25.0,0.01,True,28,False,True,-35.01734180278649,-35.01734180278649,True,False,8.763146437675019,False,4.140002420172095e-05,True,False,8.763146437675019,False,0.00010840001050382853,True,True,0.0,True,0.00046900002053007483,True,True,0.0,True,0.03368090000003576
p2-182-0,3,1.0,1.0,25.0,0.02,True,39,False,False,-29.964549827861774,-29.964549827861774,True,False,1.1700901201589886,False,5.050000618211925e-05,True,False,7.475979209248543,False,0.00012260000221431255,True,True,0.0,False,0.0005077999958302826,True,True,0.0,False,0.04371519997948781
p2-182-1,3,1.0,1.0,25.0,0.02,True,48,False,False,-36.452149151770236,-36.452149151770236,True,False,0.48865535868478815,False,5.6899996707215905e-05,True,False,0.48865535868478815,False,0.00013440000475384295,True,True,0.0,False,0.00042810000013560057,True,True,0.0,False,0.05572589999064803
p2-182-2,3,1.0,1.0,25.0,0.02,True,62,False,True,-36.24406351928185,-36.24406351928185,True,False,0.9495349507542699,False,6.689998554065824e-05,True,False,0.9495349507542699,False,0.00017499999376013875,True,True,0.0,True,9.819999104365706e-05,True,False,2.1719504403023535,False,0.07355159998405725
p2-183-0,3,1.0,1.0,50.0,0.005,True,16,False,True,-51.0863561784169,-51.0863561784169,True,True,0.0,True,3.5600009141489863e-05,True,True,0.0,True,9.759998647496104e-05,True,True,0.0,True,6.780002149753273e-05,True,True,0.0,True,0.01856769999722019
p2-183-1,3,1.0,1.0,50.0,0.005,True,16,False,True,-40.84899589263047,-40.84899589263047,True,True,0.0,True,3.300001844763756e-05,True,True,0.0,True,8.58000130392611e-05,True,True,0.0,True,0.0004724999889731407,True,True,0.0,True,0.019242499984102324
p2-183-2,3,1.0,1.0,50.0,0.005,True,14,False,False,-33.47970274832542,-33.47970274832542,True,True,0.0,False,3.220001235604286e-05,True,True,0.0,False,8.589998469687998e-05,True,True,0.0,False,6.520000169984996e-05,True,True,0.0,False,0.01875129999825731
p2-184-0,3,1.0,1.0,50.0,0.01,True,20,False,True,-41.06158663963536,-41.06158663963536,True,False,4.379813411227865,False,4.499999340623617e-05,True,False,12.588691607579072,False,9.690001024864614e-05,True,True,0.0,True,0.0002941999991890043,True,True,0.0,True,0.02461240001139231
p2-184-1,3,1.0,1.0,50.0,0.01,True,22,False,True,-43.39381775429933,-43.393817754299334,True,True,0.0,True,4.010001430287957e-05,True,True,0.0,True,0.00010889998520724475,True,True,0.0,True,7.490001735277474e-05,True,True,0.0,True,0.02691190000041388
p2-184-2,3,1.0,1.0,50.0,0.01,True,18,False,True,-42.44046511061952,-42.44046511061953,True,True,0.0,True,3.500000457279384e-05,True,True,0.0,True,9.919999865815043e-05,True,True,0.0,True,7.069998537190259e-05,True,True,0.0,True,0.02073349998681806
p2-185-0,3,1.0,1.0,50.0,0.02,True,22,False,True,-29.270602416723193,-29.270602416723193,True,False,5.712459873005894,False,3.63999861292541e-05,True,False,17.359874149359133,False,9.590000263415277e-05,True,True,0.0,True,0.00018730000010691583,True,True,0.0,True,0.024459100008243695
p2-185-1,3,1.0,1.0,50.0,0.02,True,37,False,False,-36.9669658825329,-36.9669658825329,True,False,2.207537168563526,False,5.040000542066991e-05,True,False,2.207537168563526,False,0.0001269000058528036,True,True,0.0,False,8.610001532360911e-05,True,True,0.0,False,0.045974900014698505
p2-185-2,3,1.0,1.0,50.0,0.02,True,23,False,True,-35.27240448463222,-35.27240448463222,True,True,0.0,True,4.160002572461963e-05,True,True,0.0,True,0.0001094000181183219,True,True,0.0,True,7.330000516958535e-05,True,True,0.0,True,0.027404199994634837
p2-186-0,3,1.0,1.0,100.0,0.005,True,14,False,True,-48.958587486549916,-48.95858748654992,True,True,0.0,True,3.2400013878941536e-05,True,True,0.0,True,8.47000046633184e-05,True,True,0.0,True,6.419999408535659e-05,True,True,0.0,True,0.015491500002099201
p2-186-1,3,1.0,1.0,100.0,0.005,True,13,False,True,-46.76120340377961,-46.761203403779604,True,True,0.0,True,3.480000304989517e-05,True,True,0.0,True,8.659999002702534e-05,True,True,0.0,True,5.9900019550696015e-05,True,True,0.0,True,0.015232799982186407
p2-186-2,3,1.0,1.0,100.0,0.005,True,14,False,True,-53.000928872289066,-53.000928872289066,True,True,0.0,True,3.029999788850546e-05,True,True,0.0,True,8.329999400302768e-05,True,True,0.0,True,5.930001498199999e-05,True,True,0.0,True,0.015492100006667897
p2-187-0,3,1.0,1.0,100.0,0.01,True,17,False,True,-45.42397269455123,-45.42397269455123,True,True,0.0,True,3.260001540184021e-05,True,True,0.0,True,9.139999747276306e-05,True,True,0.0,True,6.670001312159002e-05,True,True,0.0,True,0.02071310000610538
p2-187-1,3,1.0,1.0,100.0,0.01,True,14,False,True,-42.54882332391206,-42.54882332391206,True,True,0.0,True,3.1400006264448166e-05,True,True,0.0,True,0.00010039997869171202,True,True,0.0,True,6.120000034570694e-05,True,True,0.0,True,0.015253499994287267
p2-187-2,3,1.0,1.0,100.0,0.01,True,16,False,False,-27.555091510688236,-27.555091510688236,True,True,0.0,False,3.3100019209086895e-05,True,True,0.0,False,9.580000187270343e-05,True,True,0.0,False,6.749999010935426e-05,True,True,0.0,False,0.01899250000133179
p2-188-0,3,1.0,1.0,100.0,0.02,True,18,False,False,-39.029430399035405,-39.029430399035405,True,True,0.0,False,4.1799998143687844e-05,True,True,0.0,False,0.00012620000052265823,True,True,0.0,False,8.149998029693961e-05,True,True,0.0,False,0.02230430001509376
p2-188-1,3,1.0,1.0,100.0,0.02,True,27,False,True,-35.60539913735378,-35.60539913735378,True,True,0.0,True,6.709998706355691e-05,True,True,0.0,True,0.0001514999894425273,False,False,,False,7.890001870691776e-05,True,True,0.0,True,0.03202800001599826
p2-188-2,3,1.0,1.0,100.0,0.02,True,17,False,True,-37.52021147603547,-37.52021147603547,True,True,0.0,True,3.5200006095692515e-05,True,True,0.0,True,9.14999982342124e-05,True,True,0.0,True,6.510000093840063e-05,True,True,0.0,True,0.024256500008050352
p2-189-0,3,2.0,0.8,25.0,0.005,True,28,False,True,-35.60937773312993,-35.60937773312993,True,True,0.0,True,4.350001108832657e-05,True,False,5.698221482009096,False,0.00011029999586753547,True,True,0.0,True,0.0001866999955382198,True,True,0.0,True,0.03092109999852255
p2-189-1,3,2.0,0.8,25.0,0.005,True,25,False,True,-39.708256118914164,-39.708256118914164,True,True,0.0,True,6.150000263005495e-05,True,True,0.0,True,0.00023750000400468707,True,True,0.0,True,0.0002720999764278531,True,True,0.0,True,0.030499699991196394
p2-189-2,3,2.0,0.8,25.0,0.005,True,32,False,True,-39.14837765605838,-39.14837765605838,True,False,0.19284185888380279,False,5.4800009820610285e-05,True,False,3.2160687625076534,False,0.00015480001457035542,True,True,0.0,True,0.0010029000113718212,True,True,0.0,True,0.03789480001432821
p2-190-0,3,2.0,0.8,25.0,0.01,True,49,False,False,-38.37451134904981,-38.37451134904981,True,False,3.1680307545034623,False,5.709999823011458e-05,True,False,2.5938612924496454,False,0.00015359997632913291,True,True,0.0,False,0.0003192000149283558,True,True,0.0,False,0.05675119999796152
p2-190-1,3,2.0,0.8,25.0,0.01,True,54,False,False,-37.61329925312359,-37.61329925312359,True,True,0.0,False,6.810002378188074e-05,True,True,0.0,False,0.00015259999781847,True,True,0.0,False,0.0002741999924182892,True,True,0.0,False,0.060159799992106855
p2-190-2,3,2.0,0.8,25.0,0.01,True,48,False,False,-32.90381159380301,-32.90381159380301,True,False,1.6022053768894509,False,5.7699973694980145e-05,True,False,4.2123490488667485,False,0.00013620001845993102,True,True,0.0,False,0.00024080000002868474,True,True,0.0,False,0.05932359999860637
p2-191-0,3,2.0,0.8,25.0,0.02,True,55,False,False,-24.034770562601228,-24.03477056260123,True,False,0.8878989913263986,False,6.379999103955925e-05,True,False,0.8878989913263986,False,0.00014670001110062003,True,True,0.0,False,0.000538099993718788,True,False,0.2289838471109853,False,0.062441300018690526
p2-191-1,3,2.0,0.8,25.0,0.02,True,30,False,False,-21.971330540477055,-21.971330540477055,True,False,2.8078874297876766,False,4.67000063508749e-05,True,False,2.8078874297876766,False,0.00010899998596869409,True,True,0.0,False,0.00013349999790079892,True,True,0.0,False,0.033470099995611235
p2-191-2,3,2.0,0.8,25.0,0.02,True,66,False,False,-28.854246115471977,-28.854246115471977,True,False,3.0052825819334323,False,7.259999983943999e-05,True,False,4.498527626744995,False,0.00017529999604448676,True,True,0.0,False,0.00038279997534118593,True,False,1.721102168694621,False,0.08144730000640266
p2-192-0,3,2.0,0.8,50.0,0.005,True,18,False,True,-36.188357559121556,-36.188357559121556,True,True,0.0,True,7.219999679364264e-05,True,False,3.0885585962453277,False,0.00016259998665191233,True,True,0.0,True,0.00019049999536946416,True,True,0.0,True,0.021819899993715808
p2-192-1,3,2.0,0.8,50.0,0.005,True,16,False,False,-30.20307868152856,-30.20307868152856,True,True,0.0,False,3.440000000409782e-05,True,True,0.0,False,8.710002293810248e-05,True,True,0.0,False,0.0002201999886892736,True,True,0.0,False,0.01888439999311231
p2-192-2,3,2.0,0.8,50.0,0.005,True,14,False,False,-23.82870080135708,-23.82870080135708,True,True,0.0,False,3.429999924264848e-05,True,False,0.40843308785074584,True,8.369999704882503e-05,True,True,0.0,False,0.00011569997877813876,True,True,0.0,False,0.015736700006527826
p2-193-0,3,2.0,0.8,50.0,0.01,True,37,False,False,-38.01665915459775,-38.01665915459774,True,False,0.08115930338739474,False,4.859999171458185e-05,True,False,3.1479149604974523,False,0.00012620000052265823,True,True,0.0,False,0.0003361999988555908,True,True,0.0,False,0.04197640001075342
p2-193-1,3,2.0,0.8,50.0,0.01,True,32,False,False,-40.324836505287685,-40.324836505287685,True,True,0.0,False,4.6200002543628216e-05,True,False,2.3788401819829943,False,0.0001362999901175499,True,True,0.0,False,0.00021040000137872994,True,False,2.3788401819829943,False,0.04145429999334738
p2-193-2,3,2.0,0.8,50.0,0.01,True,34,False,True,-40.51028324668791,-40.510283246687905,True,True,0.0,True,6.409999332390726e-05,True,True,0.0,True,0.00020969999604858458,True,True,0.0,True,0.0002597999991849065,True,True,0.0,True,0.04796220001298934
p2-194-0,3,2.0,0.8,50.0,0.02,True,21,False,False,-15.251720408066195,-15.251720408066195,True,False,0.3132772719299588,True,3.850000211969018e-05,True,False,0.3132772719299588,True,9.190000128000975e-05,True,True,0.0,False,0.0002641999744810164,True,True,0.0,False,0.024949499987997115
p2-194-1,3,2.0,0.8,50.0,0.02,True,21,False,False,-14.72255719860907,-14.72255719860907,True,True,0.0,False,4.2800005758181214e-05,True,False,1.2080416874068813,True,0.00012159999459981918,True,True,0.0,False,0.0003318999952170998,True,True,0.0,False,0.025721699988935143
p2-194-2,3,2.0,0.8,50.0,0.02,True,71,False,False,-30.04297770075059,-30.04297770075059,True,False,1.2199297212042524,True,0.00011029999586753547,True,False,1.3639962329474642,False,0.00021729999571107328,True,True,0.0,False,0.0010809999948833138,True,False,2.8675033730239434,False,0.08326970000052825
p2-195-0,3,2.0,0.8,100.0,0.005,True,35,False,False,-69.39929777697715,-69.39929777697715,True,False,0.37847779718009633,False,5.15999854542315e-05,True,False,2.6437996779443154,False,0.00015440001152455807,True,True,0.0,False,0.00028899998869746923,True,True,0.0,False,0.040552299993578345
p2-195-1,3,2.0,0.8,100.0,0.005,True,28,False,False,-51.35259122715716,-51.35259122715716,True,True,0.0,False,4.509999416768551e-05,True,False,1.5487065081614304,False,0.0001275000104214996,True,True,0.0,False,0.0005461999971885234,True,True,0.0,False,0.038230399979511276
p2-195-2,3,2.0,0.8,100.0,0.005,True,14,False,True,-31.868708833016573,-31.86870883301657,True,True,0.0,True,3.4199998481199145e-05,True,True,0.0,True,9.210000280290842e-05,True,True,0.0,True,0.00012400001287460327,True,True,0.0,True,0.01577150000957772
p2-196-0,3,2.0,0.8,100.0,0.01,True,29,False,True,-38.94426293430969,-38.94426293430969,True,True,0.0,True,4.6699977247044444e-05,True,False,2.207381801834856,False,0.0001235000090673566,True,True,0.0,True,0.00026099997921846807,True,True,0.0,True,0.03522540000267327
p2-196-1,3,2.0,0.8,100.0,0.01,True,28,False,True,-38.15628729922403,-38.15628729922403,True,True,0.0,True,4.680000711232424e-05,True,True,0.0,True,0.00012349997996352613,True,True,0.0,True,0.00029669998912140727,True,True,0.0,True,0.031831500004045665
p2-196-2,3,2.0,0.8,100.0,0.01,True,32,False,True,-42.991869733780916,-42.991869733780916,True,True,0.0,True,4.449998959898949e-05,True,False,2.8758191489153475,False,0.0001188000023830682,True,True,0.0,True,0.0002902999985963106,True,False,0.11630444298496911,False,0.04006080000544898
p2-197-0,3,2.0,0.8,100.0,0.02,True,55,False,False,-32.077778976851214,-32.077778976851214,True,False,0.6878303973733892,False,6.079999729990959e-05,True,False,3.46820319395491,False,0.00015129998791962862,True,True,0.0,False,0.00042070000199601054,True,False,2.123515891644363,False,0.06324519999907352
p2-197-1,3,2.0,0.8,100.0,0.02,True,22,True,True,-20.80872719037126,-20.932281268674018,True,True,0.0,True,4.919999628327787e-05,True,True,0.0,True,0.00010619999375194311,True,True,0.0,True,0.006399399979272857,True,True,0.0,True,0.026149399986024946
p2-197-2,3,2.0,0.8,100.0,0.02,True,34,False,False,-37.91363838067771,-37.91363838067771,True,False,0.6847858258446138,False,4.830001853406429e-05,True,False,0.6847858258446138,False,0.00012879999121651053,True,True,0.0,False,0.0002148000057786703,True,True,0.0,False,0.04033409999101423
p2-198-0,3,2.0,0.9,25.0,0.005,True,41,False,True,-40.53238462853336,-40.53238462853336,True,False,0.07539393202598887,False,6.250001024454832e-05,True,False,0.07539393202598887,False,0.00017919999663718045,True,True,0.0,True,0.00025519999326206744,True,False,0.07539393202598887,False,0.04903540000668727
p2-198-1,3,2.0,0.9,25.0,0.005,True,37,False,True,-38.75201599773802,-38.75201599773802,True,True,0.0,True,5.3099996875971556e-05,True,False,3.7061902811303042,False,0.0001336999994236976,True,True,0.0,True,0.0001739000144880265,True,True,0.0,True,0.041949300008127466
p2-198-2,3,2.0,0.9,25.0,0.005,True,38,False,True,-32.38402950591379,-32.38402950591379,True,True,0.0,True,6.200000643730164e-05,True,False,4.538556331260388,False,0.00015830001211725175,True,True,0.0,True,0.00024080000002868474,True,False,3.4627322557913907,False,0.04458590000285767
p2-199-0,3,2.0,0.9,25.0,0.01,True,64,False,False,-35.68316159170173,-35.68316159170173,True,False,0.04081641406419578,False,6.590000702999532e-05,True,False,2.365511600870761,False,0.00015559999155811965,True,True,0.0,False,0.0005600000149570405,True,False,2.864906513920346,False,0.078057800012175
p2-199-1,3,2.0,0.9,25.0,0.01,True,43,False,False,-26.377577682860597,-26.377577682860597,True,True,0.0,False,5.310002597980201e-05,True,False,2.6813916348004376,False,0.0001304999750573188,True,True,0.0,False,0.0003335000074002892,True,True,0.0,False,0.050493999995524064
p2-199-2,3,2.0,0.9,25.0,0.01,True,53,False,False,-29.76608120827865,-29.766081208278653,True,True,0.0,False,6.160000339150429e-05,True,True,0.0,False,0.00014600000577047467,True,True,0.0,False,9.240000508725643e-05,True,True,0.0,False,0.06684839999070391
p2-200-0,3,2.0,0.9,25.0,0.02,True,71,False,False,-28.95033231045367,-28.950332310453675,True,False,0.0841463002289089,False,7.539999205619097e-05,True,False,2.232581223738258,False,0.0001914000022225082,True,True,0.0,False,0.0015023000014480203,True,False,0.83429308536153,False,0.08526409999467432
p2-200-1,3,2.0,0.9,25.0,0.02,True,79,False,False,-35.90079075240417,-35.90079075240417,True,False,0.16488589048451985,False,8.200001320801675e-05,True,False,2.448241162013005,False,0.00018859998090192676,True,True,0.0,False,0.0007123999821487814,True,False,4.563268025645819,False,0.09138170001097023
p2-200-2,3,2.0,0.9,25.0,0.02,True,75,False,False,-30.74163873291365,-30.74163873291365,True,False,0.010638544602375788,False,7.639999967068434e-05,True,False,1.629006336170434,False,0.00018580001778900623,True,True,-3.552713678800501e-15,False,0.0005342999938875437,True,False,0.010638544602375788,False,0.08632249999209307
p2-201-0,3,2.0,0.9,50.0,0.005,True,20,False,True,-33.15630506697819,-33.15630506697819,True,True,0.0,True,5.1000009989365935e-05,True,True,0.0,True,0.00014789999113418162,True,True,0.0,True,0.0001771999814081937,True,True,0.0,True,0.023430600005667657
p2-201-1,3,2.0,0.9,50.0,0.005,True,31,False,True,-40.15900092690883,-40.15900092690883,True,True,0.0,True,4.449998959898949e-05,True,False,7.987851370424551,False,0.00012089998926967382,True,True,0.0,True,0.00014819999341852963,True,True,0.0,True,0.03477910000947304
p2-201-2,3,2.0,0.9,50.0,0.005,True,22,False,True,-29.500269790989936,-29.50026979098994,True,True,0.0,True,4.4400017941370606e-05,True,True,0.0,True,0.0001145999995060265,True,True,0.0,True,0.000155699992319569,True,True,0.0,True,0.02688530000159517
p2-202-0,3,2.0,0.9,50.0,0.01,True,27,False,True,-23.677234715546607,-23.677234715546607,True,True,0.0,True,4.2599975131452084e-05,True,True,0.0,True,0.00010560001828707755,True,True,0.0,True,0.0001309999788645655,True,True,0.0,True,0.03075649999664165
p2-202-1,3,2.0,0.9,50.0,0.01,True,50,False,False,-36.30669465082352,-36.30669465082352,True,False,0.48525263167952915,True,5.6899996707215905e-05,True,False,0.48525263167952915,True,0.0001509999856352806,True,True,0.0,False,0.00042189998202957213,True,True,0.0,False,0.05521150000276975
p2-202-2,3,2.0,0.9,50.0,0.01,True,48,False,True,-36.62554659426649,-36.62554659426649,True,True,0.0,True,5.729999975301325e-05,True,True,0.0,True,0.00015060001169331372,True,True,0.0,True,0.00016589998267591,True,True,0.0,True,0.05859410000266507
p2-203-0,3,2.0,0.9,50.0,0.02,True,63,False,False,-27.771031337614993,-27.771031337614993,True,True,0.0,False,6.86999992467463e-05,True,True,0.0,False,0.0001585999852977693,True,True,0.0,False,0.0004349999944679439,True,True,0.0,False,0.07163459999719635
p2-203-1,3,2.0,0.9,50.0,0.02,True,86,True,False,-37.581748417347164,-38.02967605609264,True,False,0.1653004178913946,False,8.570001227781177e-05,True,False,3.217483109077641,False,0.00020280000171624124,True,False,0.12792485030627887,False,0.012354600010439754,True,False,2.455128346292227,False,0.10182449998683296
p2-203-2,3,2.0,0.9,50.0,0.02,True,34,False,False,-22.934273850162022,-22.934273850162022,True,False,0.060292292902392575,False,6.469999789260328e-05,True,False,5.027811734582645,False,0.00017059998936019838,True,True,0.0,False,0.00018020000425167382,True,False,0.13640165123374004,False,0.041853300004731864
p2-204-0,3,2.0,0.9,100.0,0.005,True,27,False,True,-50.80957626012594,-50.80957626012593,True,True,0.0,True,4.420001641847193e-05,True,True,0.0,True,0.0001235000090673566,True,True,0.0,True,0.00020730000687763095,True,True,0.0,True,0.03163840001798235
p2-204-1,3,2.0,0.9,100.0,0.005,True,25,False,True,-45.213918542627006,-45.213918542627006,True,True,0.0,True,4.47999918833375e-05,True,False,4.1154761192210785,False,0.00011419999646022916,True,True,0.0,True,0.00013989998842589557,True,True,0.0,True,0.02825259999372065
p2-204-2,3,2.0,0.9,100.0,0.005,True,28,False,False,-36.87291228182534,-36.87291228182535,True,True,0.0,False,4.6200002543628216e-05,True,False,4.381292991733979,False,0.0001260999997612089,True,True,0.0,False,0.000381499994546175,True,True,0.0,False,0.03228099999250844
p2-205-0,3,2.0,0.9,100.0,0.01,True,25,False,True,-36.393924676185605,-36.393924676185605,True,True,0.0,True,5.199998850002885e-05,True,False,4.188524490209609,False,0.00018500001169741154,True,True,0.0,True,0.00018780000391416252,True,True,0.0,True,0.031145399989327416
p2-205-1,3,2.0,0.9,100.0,0.01,True,26,False,False,-27.974555958957637,-27.974555958957637,True,False,1.176703023038229,False,5.09000092279166e-05,True,True,0.0,False,0.00011860000086016953,True,True,0.0,False,0.00018760000239126384,True,True,0.0,False,0.029150199989089742
p2-205-2,3,2.0,0.9,100.0,0.01,True,17,False,True,-22.9289250792147,-22.9289250792147,True,True,0.0,True,4.300000728107989e-05,True,True,0.0,True,0.00012519999290816486,True,True,0.0,True,0.00014600000577047467,True,True,0.0,True,0.0206758999847807
p2-206-0,3,2.0,0.9,100.0,0.02,True,45,False,False,-36.57590372242567,-36.57590372242567,True,False,0.22770284135117436,False,5.740000051446259e-05,True,False,6.0228421891680455,False,0.00014739998732693493,True,True,0.0,False,0.00035370001569390297,True,False,0.22770284135117436,False,0.052514799986965954
p2-206-1,3,2.0,0.9,100.0,0.02,True,29,False,False,-27.632516778919964,-27.632516778919964,True,False,0.2846973909914645,False,4.3599982745945454e-05,True,False,6.772567078586974,False,0.00012599999899975955,True,True,0.0,False,0.0004107000131625682,True,False,0.2846973909914645,False,0.033018400019500405
p2-206-2,3,2.0,0.9,100.0,0.02,True,34,False,True,-33.35979682247047,-33.35979682247047,True,True,0.0,True,4.4500018702819943e-05,True,True,0.0,True,0.00012660000356845558,True,True,0.0,True,7.350000669248402e-05,True,True,0.0,True,0.03996530000586063
p2-207-0,3,2.0,1.0,25.0,0.005,True,30,False,True,-40.64585832483,-40.64585832483,True,False,12.735929104038853,False,4.529999569058418e-05,True,False,12.735929104038853,False,0.00012450001668184996,True,True,0.0,True,7.920002099126577e-05,True,True,0.0,True,0.036147500009974465
p2-207-1,3,2.0,1.0,25.0,0.005,True,22,False,True,-36.572770791640046,-36.572770791640046,True,False,9.825481826290755,False,0.00016090000281110406,True,False,9.825481826290755,False,0.0001579000090714544,True,True,0.0,True,0.0003203999949619174,True,True,0.0,True,0.02615620000869967
p2-207-2,3,2.0,1.0,25.0,0.005,True,32,False,True,-40.23747387130521,-40.23747387130521,True,True,0.0,True,9.590000263415277e-05,True,True,0.0,True,0.00018050000653602183,True,True,0.0,True,0.00010149998706765473,True,True,0.0,True,0.039419300010195
p2-208-0,3,2.0,1.0,25.0,0.01,True,32,False,False,-31.26968357496616,-31.26968357496616,True,False,0.47907694371806286,False,5.490001058205962e-05,True,False,0.47907694371806286,False,0.00016220001270994544,True,True,0.0,False,0.00041939999209716916,True,True,0.0,False,0.037523800012422726
p2-208-1,3,2.0,1.0,25.0,0.01,True,28,False,True,-31.456336310630796,-31.456336310630796,True,False,7.492350662491326,False,4.360001184977591e-05,True,False,7.492350662491326,False,0.0001210999907925725,True,True,0.0,True,0.00022879999596625566,True,True,0.0,True,0.03292729999520816
p2-208-2,3,2.0,1.0,25.0,0.01,True,35,False,True,-33.69989496643635,-33.69989496643635,True,True,0.0,True,6.0399994254112244e-05,True,True,0.0,True,0.00019699998665601015,True,True,0.0,True,0.00011360002099536359,True,True,0.0,True,0.04063609999138862
p2-209-0,3,2.0,1.0,25.0,0.02,True,51,False,False,-28.663152624025187,-28.66315262402519,True,False,1.7569733847954296,False,5.889998283237219e-05,True,False,8.563676112362593,False,0.00014779999037273228,True,True,0.0,False,0.000304599991068244,True,False,0.6140536068752525,False,0.05721040000207722
p2-209-1,3,2.0,1.0,25.0,0.02,True,39,False,False,-29.645826187103328,-29.64582618710333,True,False,0.27369350836140427,False,4.8999994760379195e-05,True,False,0.27369350836140427,False,0.0001272000081371516,True,True,0.0,False,0.0002652000111993402,True,True,0.0,False,0.04444070000317879
p2-209-2,3,2.0,1.0,25.0,0.02,True,41,False,True,-22.84898532864697,-22.84898532864697,True,False,0.22426542431384888,False,5.1000009989365935e-05,True,False,6.569052204143052,False,0.00013040000339969993,True,True,0.0,True,0.00026359999901615083,True,True,0.0,True,0.04491900000721216
p2-210-0,3,2.0,1.0,50.0,0.005,True,23,False,False,-41.67315535338661,-41.67315535338661,True,True,0.0,False,4.230000195093453e-05,True,True,0.0,False,0.00012459998833946884,True,True,0.0,False,8.270001853816211e-05,True,True,0.0,False,0.024914300011005253
p2-210-1,3,2.0,1.0,50.0,0.005,True,18,False,True,-41.95893679169253,-41.95893679169253,True,True,0.0,True,4.049998824484646e-05,True,True,0.0,True,0.0001092999882530421,True,True,0.0,True,7.360000745393336e-05,True,True,0.0,True,0.02080779999960214
p2-210-2,3,2.0,1.0,50.0,0.005,True,21,False,True,-37.50456422072707,-37.50456422072707,True,True,0.0,True,3.740002284757793e-05,True,True,0.0,True,0.00011660001473501325,True,True,0.0,True,7.730000652372837e-05,True,True,0.0,True,0.02497959998436272
p2-211-0,3,2.0,1.0,50.0,0.01,True,25,False,True,-31.35989522492961,-31.359895224929605,True,False,8.874765619827365,False,4.2800005758181214e-05,True,False,8.874765619827365,False,0.0001154000055976212,True,True,0.0,True,7.500001811422408e-05,True,True,0.0,True,0.02942170001915656
p2-211-1,3,2.0,1.0,50.0,0.01,True,19,False,True,-35.54661164617269,-35.54661164617269,True,True,0.0,True,3.7999998312443495e-05,True,True,0.0,True,0.0001066999975591898,True,True,0.0,True,6.880000000819564e-05,True,True,0.0,True,0.02115590000175871
p2-211-2,3,2.0,1.0,50.0,0.01,True,25,False,True,-36.98021087887981,-36.9802108788798,True,True,0.0,True,4.029998672194779e-05,True,True,0.0,True,0.0001142999972216785,True,True,0.0,True,7.429998368024826e-05,True,True,0.0,True,0.02786919998470694
p2-212-0,3,2.0,1.0,50.0,0.02,True,28,False,False,-25.362480118581324,-25.362480118581324,True,False,0.7626806682015079,False,4.449998959898949e-05,True,False,6.782780098163052,False,0.00012050001532770693,True,True,0.0,False,0.0003425999893806875,True,True,0.0,False,0.031032899976707995
p2-212-1,3,2.0,1.0,50.0,0.02,True,43,False,False,-29.603184517524063,-29.603184517524063,True,True,0.0,False,5.7600002037361264e-05,True,True,0.0,False,0.00016060000052675605,True,True,0.0,False,0.0007598000229336321,True,True,0.0,False,0.048001900024246424
p2-212-2,3,2.0,1.0,50.0,0.02,True,40,False,True,-29.817777652927205,-29.817777652927205,True,False,1.3809224149989774,False,5.43000060133636e-05,True,False,1.3809224149989774,False,0.00014109999756328762,True,True,0.0,True,9.57000011112541e-05,True,True,0.0,True,0.04795779997948557
p2-213-0,3,2.0,1.0,100.0,0.005,True,20,False,True,-43.47690700986913,-43.47690700986913,True,True,0.0,True,4.0000013541430235e-05,True,True,0.0,True,0.00012140002218075097,True,True,0.0,True,8.180001168511808e-05,True,True,0.0,True,0.022781800013035536
p2-213-1,3,2.0,1.0,100.0,0.005,True,23,False,True,-44.73927536244326,-44.73927536244326,True,True,0.0,True,3.9799982914701104e-05,True,True,0.0,True,0.00013860000763088465,True,True,0.0,True,8.090000483207405e-05,True,True,0.0,True,0.026433999999426305
p2-213-2,3,2.0,1.0,100.0,0.005,True,19,False,True,-44.95632578293299,-44.95632578293299,True,True,0.0,True,3.7999998312443495e-05,True,True,0.0,True,0.00010900001507252455,True,True,0.0,True,7.109998841769993e-05,True,True,0.0,True,0.022263299993937835
p2-214-0,3,2.0,1.0,100.0,0.01,True,24,False,True,-36.24601911987659,-36.24601911987659,True,True,0.0,True,4.05999890062958e-05,True,True,0.0,True,0.00012520002201199532,True,True,0.0,True,8.100000559352338e-05,True,True,0.0,True,0.027457599993795156
p2-214-1,3,2.0,1.0,100.0,0.01,True,18,False,True,-40.39364217519749,-40.39364217519749,True,True,0.0,True,3.779999678954482e-05,True,True,0.0,True,9.889999637380242e-05,True,True,0.0,True,6.959997699595988e-05,True,True,0.0,True,0.019433800014667213
p2-214-2,3,2.0,1.0,100.0,0.01,True,19,False,True,-33.944375895682505,-33.9443758956825,True,True,0.0,True,3.5699980799108744e-05,True,True,0.0,True,0.00010499998461455107,True,True,0.0,True,7.139999070204794e-05,True,True,0.0,True,0.02042539999820292
p2-215-0,3,2.0,1.0,100.0,0.02,True,19,False,False,-20.603288251510598,-20.603288251510598,True,True,0.0,False,4.4899992644786835e-05,True,True,0.0,False,0.00010449998080730438,False,False,,False,6.19000056758523e-05,True,True,0.0,False,0.02425810002023354
p2-215-1,3,2.0,1.0,100.0,0.02,True,17,False,False,-21.785049287301096,-21.785049287301096,True,True,0.0,False,3.579998156055808e-05,True,True,0.0,False,9.560000034980476e-05,True,True,0.0,False,7.989999721758068e-05,True,True,0.0,False,0.018755199998850003
p2-215-2,3,2.0,1.0,100.0,0.02,True,23,False,True,-33.72334299923901,-33.72334299923901,True,True,0.0,True,3.989998367615044e-05,True,True,0.0,True,0.00011650001397356391,True,True,0.0,True,7.449998520314693e-05,True,True,0.0,True,0.026767699979245663
p2-216-0,4,0.0,0.8,25.0,0.005,True,33,False,True,73.07574741143829,73.0757474114383,True,False,25.79204199748348,False,4.539999645203352e-05,True,True,0.0,True,0.00011079999967478216,True,True,0.0,True,0.00026709999656304717,True,False,1.586354414864644,False,0.03661489998921752
p2-216-1,4,0.0,0.8,25.0,0.005,True,52,False,True,80.9090916261964,80.90909162619639,True,False,27.820282235111563,False,5.810000584460795e-05,True,False,2.2283703666964527,False,0.00013159998343326151,True,True,0.0,True,0.00031709999893791974,True,False,5.314786998866239,False,0.060121200018329546
p2-216-2,4,0.0,0.8,25.0,0.005,True,17,False,True,62.94166142283068,62.941661422830684,True,False,16.113762305956016,False,3.929997910745442e-05,True,False,2.8603898120043425,False,9.180000051856041e-05,True,True,0.0,True,0.00015310000162571669,True,True,0.0,True,0.018250000022817403
p2-217-0,4,0.0,0.8,25.0,0.01,True,53,False,False,79.79590732903736,79.79590732903736,True,False,26.006936808839782,False,5.7199998991563916e-05,True,False,0.7237960272066175,False,0.00012959999730810523,True,True,0.0,False,0.0003011000226251781,True,False,4.827380293712736,False,0.058572799985995516
p2-217-1,4,0.0,0.8,25.0,0.01,True,45,False,False,80.27426264100976,80.27426264100976,True,False,25.490953652093253,False,5.5199983762577176e-05,True,False,3.1551151720828585,False,0.00012250000145286322,True,True,0.0,False,0.0005004999984521419,True,False,0.1204073522298188,True,0.05028879997553304
p2-217-2,4,0.0,0.8,25.0,0.01,True,12,False,False,53.225584895807174,53.225584895807174,True,False,10.212241711381424,False,3.160000778734684e-05,True,False,2.341757171639401,False,7.100001676008105e-05,True,True,0.0,False,0.00016590001177974045,True,True,0.0,False,0.012864599993918091
p2-218-0,4,0.0,0.8,25.0,0.02,True,41,False,False,74.71652356190452,74.71652356190452,True,False,15.449900040703412,False,4.7200010158121586e-05,True,False,2.588285680826374,False,0.00011370002175681293,True,True,0.0,False,0.0015572999836876988,True,False,0.8264831667819976,False,0.05006500001763925
p2-218-1,4,0.0,0.8,25.0,0.02,True,59,False,False,89.115924590872,89.115924590872,True,False,23.580106080304844,False,6.059999577701092e-05,True,False,1.5181743015882176,False,0.00014039999223314226,True,True,0.0,False,0.0005491999909281731,True,False,1.887554545145207,False,0.06474290002370253
p2-218-2,4,0.0,0.8,25.0,0.02,True,46,False,False,79.62387974916844,79.62387974916844,True,False,21.790797136931133,False,0.00014099999680183828,True,False,0.41154486480562014,True,0.00018740000086836517,True,True,0.0,False,0.000451600004453212,True,False,1.9371179146550617,False,0.054320800001733005
p2-219-0,4,0.0,0.8,50.0,0.005,True,17,False,True,69.3695934933154,69.36959349331539,True,False,19.54172596186956,False,3.600001218728721e-05,True,True,0.0,True,8.540000999346375e-05,True,True,0.0,True,0.00015899998834356666,True,True,0.0,True,0.022648599988315254
p2-219-1,4,0.0,0.8,50.0,0.005,True,16,False,True,66.28468787313263,66.28468787313261,True,False,22.618595248844528,False,3.6200013710185885e-05,True,True,0.0,True,8.680002065375447e-05,True,True,0.0,True,0.0001579000090714544,True,True,0.0,True,0.018550599983427674
p2-219-2,4,0.0,0.8,50.0,0.005,True,20,False,True,76.5982755823524,76.59827558235241,True,False,22.227673177090736,False,3.739999374374747e-05,True,False,1.9664745470361282,False,9.349998435936868e-05,True,True,0.0,True,0.00020549999317154288,True,True,0.0,True,0.02487910000490956
p2-220-0,4,0.0,0.8,50.0,0.01,True,47,False,False,97.47434193012126,97.47434193012126,True,False,29.49213627936514,False,5.8200006606057286e-05,True,False,0.8817991616954117,False,0.00013689999468624592,True,True,0.0,False,0.0005969000048935413,True,False,4.979001867887476,False,0.06518889998551458
p2-220-1,4,0.0,0.8,50.0,0.01,True,32,False,True,88.05942515026047,88.05942515026045,True,False,28.29701119873245,False,4.5900000259280205e-05,True,False,2.6889008006061488,False,0.00011100000119768083,True,True,0.0,True,0.00024900000425986946,True,False,4.394728107871316,False,0.03549519999069162
p2-220-2,4,0.0,0.8,50.0,0.01,True,33,False,True,74.36011147799842,74.36011147799843,True,False,20.85371953690334,False,4.640000406652689e-05,True,True,0.0,True,0.00010130001464858651,True,True,0.0,True,0.00016560000949539244,True,False,1.9119151614016943,False,0.03663580000284128
p2-221-0,4,0.0,0.8,50.0,0.02,True,70,False,True,102.11405724377897,102.11405724377897,True,False,33.12555538397109,False,8.970001363195479e-05,True,False,2.0108011220238637,False,0.000212200015084818,True,True,0.0,True,0.0005133999802637845,True,False,7.9857992232202974,False,0.0821457999991253
p2-221-1,4,0.0,0.8,50.0,0.02,True,61,False,False,95.98652920291036,95.98652920291036,True,False,27.99739854587844,False,7.159999222494662e-05,True,False,5.280362377617635,False,0.00015140001778490841,True,True,0.0,False,0.00034160001087002456,True,False,4.791996692876268,False,0.06808090000413358
p2-221-2,4,0.0,0.8,50.0,0.02,True,45,False,True,82.11664453918564,82.11664453918564,True,False,19.322869573408852,False,5.23999915458262e-05,True,False,1.4506421245022807,False,0.0001176999940071255,True,True,0.0,True,0.00031560001662001014,True,False,2.3716872858153977,False,0.05112449999433011
p2-222-0,4,0.0,0.8,100.0,0.005,True,24,False,True,83.79326652015635,83.79326652015635,True,False,24.94837822365797,False,4.020001506432891e-05,True,False,4.189792895016311,False,9.970000246539712e-05,True,True,0.0,True,0.00020400001085363328,True,True,0.0,True,0.026910000015050173
p2-222-1,4,0.0,0.8,100.0,0.005,True,12,False,True,57.1005594959114,57.1005594959114,True,False,12.093158177095205,False,3.070000093430281e-05,True,False,3.1966862995123435,False,7.179999374784529e-05,True,True,0.0,True,0.00017479999223724008,True,True,0.0,True,0.014722399995662272
p2-222-2,4,0.0,0.8,100.0,0.005,True,28,False,True,85.0958319119031,85.0958319119031,True,False,33.5128898323173,False,5.2000017603859305e-05,True,False,3.080682488370769,False,0.0001303000026382506,True,True,0.0,True,0.00017830001888796687,True,False,4.665555485686639,False,0.03203810000559315
p2-223-0,4,0.0,0.8,100.0,0.01,True,8,False,True,54.05995998249676,54.05995998249675,True,False,9.356961741097749,False,2.5899993488565087e-05,True,True,0.0,True,5.950001650489867e-05,True,True,0.0,True,0.00012169999536126852,True,True,0.0,True,0.008739500015508384
p2-223-1,4,0.0,0.8,100.0,0.01,True,16,False,True,75.60188788599204,75.60188788599204,True,False,19.572034933492617,False,3.489997470751405e-05,True,True,0.0,True,8.800000068731606e-05,True,True,0.0,True,0.00015619999612681568,True,True,0.0,True,0.018423200002871454
p2-223-2,4,0.0,0.8,100.0,0.01,True,18,False,True,75.62790505435697,75.62790505435697,True,False,19.504178212340577,False,3.460000152699649e-05,True,False,1.963811110069912,False,8.759999764151871e-05,True,True,0.0,True,0.00019150000298395753,True,True,0.0,True,0.01983999999356456
p2-224-0,4,0.0,0.8,100.0,0.02,True,18,False,True,82.53593646534405,82.53593646534405,True,False,18.848545480779265,False,3.500000457279384e-05,True,False,4.637750674967265,False,0.00010119998478330672,True,True,0.0,True,0.00022689998149871826,True,True,0.0,True,0.020158400002401322
p2-224-1,4,0.0,0.8,100.0,0.02,True,23,False,True,87.29757962801966,87.29757962801965,True,False,25.396141716505,False,3.849997301585972e-05,True,False,2.942109414516935,False,9.99000039882958e-05,True,True,0.0,True,0.00024309998843818903,True,True,0.0,True,0.026303899998310953
p2-224-2,4,0.0,0.8,100.0,0.02,True,20,True,False,76.79608111027461,76.61470043046718,True,False,13.288470238007164,False,4.3400010326877236e-05,True,False,4.190443222367605,False,9.14999982342124e-05,True,True,0.0,False,0.005095100001199171,True,True,0.0,False,0.022617299982812256
p2-225-0,4,0.0,0.9,25.0,0.005,True,16,False,True,63.90775305398731,63.90775305398731,True,False,25.32501326920159,False,3.3800024539232254e-05,True,True,0.0,True,8.399999933317304e-05,True,True,0.0,True,0.00010239999392069876,True,True,0.0,True,0.01899850001791492
p2-225-1,4,0.0,0.9,25.0,0.005,True,47,False,False,82.03615730246085,82.03615730246085,True,False,40.62804740119917,False,5.6599994422867894e-05,True,True,0.0,False,0.0001357999863103032,True,True,0.0,False,0.00032709998777136207,True,False,6.900850153309932,False,0.055076300021028146
p2-225-2,4,0.0,0.9,25.0,0.005,True,45,False,False,79.23759266408916,79.23759266408916,True,False,43.46530211142466,False,5.6199991377070546e-05,True,False,3.917406924001398,False,0.00012749998131766915,True,True,0.0,False,0.0001897999900393188,True,False,8.15573685323298,False,0.050412500015227124
p2-226-0,4,0.0,0.9,25.0,0.01,True,37,False,True,82.66520589880434,82.66520589880434,True,False,35.79008923661607,False,4.779998562298715e-05,True,False,4.084794651282607,False,0.00011470000026747584,True,True,0.0,True,0.0006179999909363687,True,True,0.0,True,0.041346300014993176
p2-226-1,4,0.0,0.9,25.0,0.01,True,71,False,True,86.17672887014821,86.17672887014821,True,False,44.12122655672404,False,7.010000990703702e-05,True,False,1.3392921306681416,False,0.00016229998436756432,True,True,0.0,True,0.0002761000068858266,True,False,5.32914148341257,False,0.08010270001250319
p2-226-2,4,0.0,0.9,25.0,0.01,True,68,False,True,86.22368166199531,86.22368166199531,True,False,44.089075539495624,False,7.040001219138503e-05,True,True,0.0,True,0.00015119998715817928,True,True,0.0,True,0.00014899999951012433,True,False,9.083674741592247,False,0.07999689999269322
p2-227-0,4,0.0,0.9,25.0,0.02,True,55,False,False,89.86236276586763,89.86236276586763,True,False,35.51719293710883,False,6.239998037926853e-05,True,False,3.844822954525256,False,0.00013979998766444623,True,True,0.0,False,0.000732100015738979,True,False,6.362017047776106,False,0.06403500001761131
p2-227-1,4,0.0,0.9,25.0,0.02,True,106,False,True,101.28869532896657,101.28869532896657,True,False,49.20833552423177,False,0.00010720000136643648,True,False,3.976984860564798,False,0.00021399999968707561,True,True,0.0,True,0.0009343999845441431,True,False,12.455720141477329,False,0.12603370001306757
p2-227-2,4,0.0,0.9,25.0,0.02,True,61,False,False,103.95261216245979,103.95261216245979,True,False,33.995057479919126,False,6.429999484680593e-05,True,False,7.524340938170951,False,0.00014730001566931605,True,True,0.0,False,0.0005759000196121633,True,False,5.549645496548862,False,0.06816749999416061
p2-228-0,4,0.0,0.9,50.0,0.005,True,23,False,True,71.66901098210695,71.66901098210695,True,False,39.848409237878016,False,4.949999856762588e-05,True,True,0.0,True,0.00015720000374130905,True,True,0.0,True,0.00014359998749569058,True,False,4.95723244048375,False,0.026639699994120747
p2-228-1,4,0.0,0.9,50.0,0.005,True,24,False,True,83.62049205914818,83.62049205914818,True,False,39.10070826242628,False,4.2199972085654736e-05,True,True,0.0,True,0.00010539998766034842,True,True,0.0,True,0.000172999978531152,True,False,4.743188605718643,False,0.02968840001267381
p2-228-2,4,0.0,0.9,50.0,0.005,True,21,False,True,78.93439227085956,78.93439227085956,True,False,32.574349061419724,False,4.290000651963055e-05,True,False,8.171673056755495,False,0.00010770000517368317,True,True,0.0,True,0.0001812000118661672,True,True,0.0,True,0.025579100009053946
p2-229-0,4,0.0,0.9,50.0,0.01,True,30,False,True,81.20886127959888,81.20886127959888,True,False,37.293977070019366,False,5.539998528547585e-05,True,True,0.0,True,0.00014709998504258692,True,True,0.0,True,0.0001537000061944127,True,False,5.465835696520045,False,0.035575499990954995
p2-229-1,4,0.0,0.9,50.0,0.01,True,42,False,True,97.45871276709534,97.45871276709534,True,False,44.70570618142901,False,5.440000677481294e-05,True,False,7.910560885413219,False,0.0001453000004403293,True,True,0.0,True,0.00022369998623616993,True,False,6.130266769935915,False,0.04817340002045967
p2-229-2,4,0.0,0.9,50.0,0.01,True,30,False,False,82.73543965561217,82.73543965561217,True,False,35.76503047226231,False,5.49999822396785e-05,True,False,0.08855643745275188,False,0.00014299998292699456,True,True,0.0,False,0.0004064000095240772,True,False,0.08855643745275188,False,0.03517609997652471
p2-230-0,4,0.0,0.9,50.0,0.02,True,33,False,False,82.35692133311431,82.35692133311431,True,False,30.548466780423183,False,4.8999994760379195e-05,True,False,1.2252805331819872,True,0.00011290001566521823,True,True,0.0,False,0.00025710000772960484,True,False,3.1900526271697913,False,0.039692999998806044
p2-230-1,4,0.0,0.9,50.0,0.02,True,73,True,False,109.40018418562386,108.40333565652536,True,False,41.06952201014437,False,7.339997682720423e-05,True,False,3.894041401390325,False,0.00016789999790489674,True,True,0.0,False,0.009790100011741742,True,False,4.845099769219075,False,0.08402660000137985
p2-230-2,4,0.0,0.9,50.0,0.02,True,50,False,True,87.83747993669962,87.83747993669964,True,False,37.51362757656982,False,5.8999983593821526e-05,True,False,5.207874869732336,False,0.00013899998157285154,True,True,0.0,True,0.00036130001535639167,True,False,7.613008261480516,False,0.06101250002393499
p2-231-0,4,0.0,0.9,100.0,0.005,True,20,False,True,77.16058160077482,77.16058160077482,True,False,34.28049559525388,False,6.650001159869134e-05,True,False,2.478283524904711,False,9.830002090893686e-05,True,True,0.0,True,0.0001598999951966107,True,True,0.0,True,0.02289819999714382
p2-231-1,4,0.0,0.9,100.0,0.005,True,16,False,True,69.21448545942512,69.21448545942512,True,False,31.13482445997147,False,3.840000135824084e-05,True,True,0.0,True,8.430000161752105e-05,True,True,0.0,True,0.0001036000030580908,True,True,0.0,True,0.01797469999291934
p2-231-2,4,0.0,0.9,100.0,0.005,True,22,False,False,84.46506177415858,84.46506177415858,True,False,38.15680006983128,False,3.980001201853156e-05,True,True,0.0,False,9.849999332800508e-05,True,True,0.0,False,0.00016349999350495636,True,True,0.0,False,0.02781089997733943
p2-232-0,4,0.0,0.9,100.0,0.01,True,25,False,True,90.50618673131633,90.50618673131632,True,False,39.78197002226274,False,4.2100000428035855e-05,True,False,4.075476871942229,False,0.0001286999904550612,True,True,0.0,True,0.0003625000244937837,True,False,4.183300213476144,False,0.02760950001538731
p2-232-1,4,0.0,0.9,100.0,0.01,True,24,False,True,89.88567114319888,89.88567114319888,True,False,40.34732514130452,False,5.229999078437686e-05,True,False,3.352667448216991,False,0.00014420002116821706,True,True,0.0,True,0.00026640002033673227,True,True,0.0,True,0.02651470000273548
p2-232-2,4,0.0,0.9,100.0,0.01,True,29,False,True,93.66188583056582,93.66188583056581,True,False,48.495035644841366,False,4.409998655319214e-05,True,True,0.0,True,0.00011029999586753547,True,True,0.0,True,0.00017610000213608146,True,False,4.855399949548612,False,0.034523500013165176
p2-233-0,4,0.0,0.9,100.0,0.02,True,25,False,True,102.1065354939571,102.1065354939571,True,False,35.77189419475664,False,4.239997360855341e-05,True,False,7.3361880784473215,False,0.00011410002480261028,True,True,0.0,True,0.00017329998081550002,True,True,0.0,True,0.03305510000791401
p2-233-1,4,0.0,0.9,100.0,0.02,True,40,False,True,96.93239105088112,96.93239105088112,True,False,41.0561998125071,False,8.180001168511808e-05,True,False,3.740870784279238,False,0.00017779998597688973,True,True,0.0,True,0.0002544999879319221,True,False,6.064565911847751,False,0.04653390002204105
p2-233-2,4,0.0,0.9,100.0,0.02,True,39,False,True,105.05955562616778,105.05955562616776,True,False,45.43042225743265,False,6.170000415295362e-05,True,False,3.3545081682599402,False,0.00016709999181330204,True,True,0.0,True,0.0002922999847214669,True,False,6.982936529151161,False,0.04673669999465346
p2-234-0,4,0.0,1.0,25.0,0.005,False,19,False,False,,,False,False,,False,,False,False,,False,,False,False,,False,,False,False,,False,
p2-234-1,4,0.0,1.0,25.0,0.005,True,17,False,True,90.31994641561272,90.3199464156127,False,False,,False,3.250001464039087e-05,False,False,,False,9.540002793073654e-05,True,True,0.0,True,0.00011140000424347818,True,True,0.0,True,0.019846900017000735
p2-234-2,4,0.0,1.0,25.0,0.005,False,18,False,False,,,False,False,,False,,False,False,,False,,False,False,,False,,False,False,,False,
p2-235-0,4,0.0,1.0,25.0,0.01,True,33,False,False,92.16755518845862,92.16755518845862,True,False,0.14870084742042877,False,5.339999916031957e-05,True,False,0.14870084742042877,False,0.0001576000067871064,True,True,0.0,False,0.0005623000033665448,True,True,0.0,False,0.039590300002601
p2-235-1,4,0.0,1.0,25.0,0.01,True,32,False,True,94.74366821540909,94.74366821540909,False,False,,False,4.779998562298715e-05,False,False,,False,0.00011160000576637685,True,True,0.0,True,0.00019329998758621514,True,True,0.0,True,0.04016490001231432
p2-235-2,4,0.0,1.0,25.0,0.01,True,23,False,False,91.25077072554161,91.25077072554161,False,False,,False,3.399999695830047e-05,False,False,,False,0.00010259999544359744,True,True,0.0,False,0.00011300001642666757,True,True,0.0,False,0.025944699998944998
p2-236-0,4,0.0,1.0,25.0,0.02,True,56,False,False,100.33370664364922,100.33370664364922,False,False,,False,5.190001684240997e-05,False,False,,False,0.00013839997700415552,True,True,0.0,False,0.0001917000045068562,True,False,0.019068611843792382,False,0.0635611999896355
p2-236-1,4,0.0,1.0,25.0,0.02,True,34,False,False,103.1855436232257,103.1855436232257,False,False,,False,3.980001201853156e-05,False,False,,False,0.00011850000009872019,True,True,0.0,False,0.00012310000602155924,True,True,0.0,False,0.03826530001242645
p2-236-2,4,0.0,1.0,25.0,0.02,True,64,False,False,97.8956136008329,97.8956136008329,True,False,0.1672505999560343,False,7.959999493323267e-05,True,False,0.1672505999560343,False,0.0002468999882694334,True,True,0.0,False,0.0002136999974027276,True,False,0.8413883144159939,False,0.07098760001827031
p2-237-0,4,0.0,1.0,50.0,0.005,True,4,False,True,82.9433496136421,82.94334961364211,True,True,0.0,True,3.1400006264448166e-05,True,True,0.0,True,0.00011230001109652221,True,True,0.0,True,6.859999848529696e-05,True,True,0.0,True,0.005031300010159612
p2-237-1,4,0.0,1.0,50.0,0.005,True,4,False,True,86.37553584348653,86.37553584348653,True,True,0.0,True,2.400000812485814e-05,True,True,0.0,True,8.560001151636243e-05,True,True,0.0,True,5.549998604692519e-05,True,True,0.0,True,0.004404600011184812
p2-237-2,4,0.0,1.0,50.0,0.005,True,5,False,True,82.2453191183897,82.24531911838972,True,True,0.0,True,2.2799998987466097e-05,True,True,0.0,True,7.799998275004327e-05,True,True,0.0,True,4.980000085197389e-05,True,True,0.0,True,0.005454700003610924
p2-238-0,4,0.0,1.0,50.0,0.01,True,13,False,True,94.23506451023063,94.23506451023063,True,True,0.0,True,3.1400006264448166e-05,True,True,0.0,True,8.480000542476773e-05,True,True,0.0,True,5.77000027988106e-05,True,True,0.0,True,0.01427220000186935
p2-238-1,4,0.0,1.0,50.0,0.01,True,6,False,True,93.94717217891844,93.94717217891845,True,True,0.0,True,2.4199980543926358e-05,True,True,0.0,True,8.139997953549027e-05,True,True,0.0,True,5.2099989261478186e-05,True,True,0.0,True,0.006553900020662695
p2-238-2,4,0.0,1.0,50.0,0.01,False,12,False,False,,,False,False,,False,,False,False,,False,,False,False,,False,,False,False,,False,
p2-239-0,4,0.0,1.0,50.0,0.02,True,35,False,True,97.30450415118285,97.30450415118285,True,True,0.0,True,4.549999721348286e-05,True,True,0.0,True,0.00011719999019987881,True,True,0.0,True,6.769999163225293e-05,True,True,0.0,True,0.04002549999859184
p2-239-1,4,0.0,1.0,50.0,0.02,True,25,False,True,100.14628870174363,100.14628870174363,True,True,0.0,True,4.049998824484646e-05,True,True,0.0,True,0.00010730000212788582,True,True,0.0,True,0.00010949998977594078,True,True,0.0,True,0.029017499997280538
p2-239-2,4,0.0,1.0,50.0,0.02,False,28,False,False,,,False,False,,False,,False,False,,False,,False,False,,False,,False,False,,False,
p2-240-0,4,0.0,1.0,100.0,0.005,True,4,False,True,82.32032118914563,82.32032118914563,True,True,0.0,True,2.440001117065549e-05,True,True,0.0,True,7.379997987300158e-05,True,True,0.0,True,5.399997462518513e-05,True,True,0.0,True,0.0063003999821376055
p2-240-1,4,0.0,1.0,100.0,0.005,True,4,False,True,88.73059184103292,88.73059184103292,True,True,0.0,True,2.5199988158419728e-05,True,True,0.0,True,0.00010499998461455107,True,True,0.0,True,6.059999577701092e-05,True,True,0.0,True,0.005526199995074421
p2-240-2,4,0.0,1.0,100.0,0.005,True,4,False,True,89.63043675958997,89.63043675958997,True,True,0.0,True,2.8300011763349175e-05,True,True,0.0,True,0.0001112000027205795,True,True,0.0,True,6.659998325631022e-05,True,True,0.0,True,0.006422000005841255
p2-241-0,4,0.0,1.0,100.0,0.01,False,3,False,False,,,False,False,,False,,False,False,,False,,False,False,,False,,False,False,,False,
p2-241-1,4,0.0,1.0,100.0,0.01,True,4,False,True,92.94624286651745,92.94624286651745,True,True,0.0,True,2.0700012100860476e-05,True,True,0.0,True,7.770000956952572e-05,True,True,0.0,True,5.110001075081527e-05,True,True,0.0,True,0.004643199994461611
p2-241-2,4,0.0,1.0,100.0,0.01,True,4,False,True,93.05601556491158,93.05601556491158,True,True,0.0,True,2.1599989850074053e-05,True,True,0.0,True,7.40000104997307e-05,True,True,0.0,True,5.020000389777124e-05,True,True,0.0,True,0.00461519998498261
p2-242-0,4,0.0,1.0,100.0,0.02,True,7,False,True,98.55989205729081,98.5598920572908,True,True,0.0,True,2.549999044276774e-05,True,True,0.0,True,7.9699995694682e-05,True,True,0.0,True,5.15999854542315e-05,True,True,0.0,True,0.007826399989426136
p2-242-1,4,0.0,1.0,100.0,0.02,True,7,False,True,100.92595639767134,100.92595639767134,True,True,0.0,True,2.5199988158419728e-05,True,True,0.0,True,7.979999645613134e-05,True,True,0.0,True,5.069997860118747e-05,True,True,0.0,True,0.007822100014891475
p2-242-2,4,0.0,1.0,100.0,0.02,True,7,False,True,102.22263443645078,102.22263443645079,True,True,0.0,True,2.5999994250014424e-05,True,True,0.0,True,7.77999812271446e-05,True,True,0.0,True,5.319999763742089e-05,True,True,0.0,True,0.007821100007276982
p2-243-0,4,0.5,0.8,25.0,0.005,True,31,False,False,-42.96411022849131,-42.96411022849131,True,False,0.2372682905685224,False,4.630000330507755e-05,True,False,7.18912260390686,False,0.0001221999991685152,True,True,0.0,False,0.0005902000120840967,True,True,0.0,False,0.03469060000497848
p2-243-1,4,0.5,0.8,25.0,0.005,True,36,False,False,-49.728410796859734,-49.728410796859734,True,False,0.5329193295818158,False,5.069997860118747e-05,True,False,3.1478221291975714,False,0.00011799999629147351,True,True,0.0,False,0.000822600006358698,True,True,0.0,False,0.04071930001373403
p2-243-2,4,0.5,0.8,25.0,0.005,True,43,False,False,-55.022782947462154,-55.022782947462154,True,True,0.0,False,5.259999306872487e-05,True,False,4.988615432953722,False,0.00012650000280700624,True,True,0.0,False,0.00024320001830346882,True,False,1.9935901615328788,False,0.05248449998907745
p2-244-0,4,0.5,0.8,25.0,0.01,True,46,False,False,-44.36491252542663,-44.36491252542663,True,False,2.637904792221896,False,5.740000051446259e-05,True,False,2.637904792221896,False,0.00012959999730810523,True,True,0.0,False,0.0003164999943692237,True,False,2.824805130908622,False,0.053798000008100644
p2-244-1,4,0.5,0.8,25.0,0.01,True,58,False,False,-48.09060290121993,-48.09060290121993,True,False,0.0029522954317613426,False,0.00011500000255182385,True,False,1.4939849734576924,False,0.00035960000241175294,True,True,0.0,False,0.000541799992788583,True,False,0.33272513435909445,False,0.07255340000847355
p2-244-2,4,0.5,0.8,25.0,0.01,True,51,False,False,-48.44408813659431,-48.44408813659431,True,False,1.6017716851699504,False,6.640001083724201e-05,True,False,1.6638436872085052,False,0.00013719999697059393,True,True,0.0,False,0.0004622999986167997,True,False,1.7727526265548406,False,0.06134990000282414
p2-245-0,4,0.5,0.8,25.0,0.02,True,23,False,False,-24.698277151889485,-24.698277151889485,True,True,0.0,False,3.99000127799809e-05,True,False,1.9837253184449857,False,8.430000161752105e-05,True,True,0.0,False,0.0003443999739829451,True,True,0.0,False,0.029021000023931265
p2-245-1,4,0.5,0.8,25.0,0.02,True,39,False,False,-31.793429062935946,-31.793429062935946,True,False,0.07454621784583182,False,5.269999383017421e-05,True,False,0.07454621784583182,False,0.0001139000232797116,True,True,0.0,False,0.0004828000091947615,True,False,0.07454621784583182,False,0.044908200012287125
p2-245-2,4,0.5,0.8,25.0,0.02,True,87,False,False,-45.059790344678724,-45.059790344678724,True,False,2.65439942218638,False,0.00010340000153519213,True,False,5.669658607356304,False,0.00023249999503605068,True,True,0.0,False,0.0013020999904256314,True,False,2.5542252446249094,False,0.10475229998701252
p2-246-0,4,0.5,0.8,50.0,0.005,True,37,False,True,-76.5410536141251,-76.5410536141251,True,True,0.0,True,5.169998621568084e-05,True,False,7.200512224094069,False,0.00015300000086426735,True,True,0.0,True,0.0002598999999463558,True,True,0.0,True,0.04291019999072887
p2-246-1,4,0.5,0.8,50.0,0.005,True,28,False,True,-58.69101762677454,-58.691017626774546,True,True,0.0,True,4.270000499673188e-05,True,False,2.017353317967057,False,0.00010510001447983086,True,True,0.0,True,0.00017350001144222915,True,True,0.0,True,0.033602100011194125
p2-246-2,4,0.5,0.8,50.0,0.005,True,19,False,False,-52.415719014048506,-52.415719014048506,True,True,0.0,False,5.259999306872487e-05,True,False,0.8959191554411561,False,0.00013460000627674162,True,True,0.0,False,0.00044800000614486635,True,True,0.0,False,0.02354139997623861
p2-247-0,4,0.5,0.8,50.0,0.01,True,36,False,True,-58.28258694938771,-58.282586949387714,True,True,0.0,True,4.469999112188816e-05,True,True,0.0,True,0.00012359998072497547,True,True,0.0,True,0.00017240000306628644,True,True,0.0,True,0.03923689998919144
p2-247-1,4,0.5,0.8,50.0,0.01,True,24,False,True,-47.993249258249506,-47.993249258249506,True,False,2.640787882954129,False,4.2100000428035855e-05,True,False,2.1603347359602125,False,0.00010519998613744974,True,True,0.0,True,0.0004202999989502132,True,True,0.0,True,0.027747199987061322
p2-247-2,4,0.5,0.8,50.0,0.01,True,15,False,True,-33.758478966509934,-33.75847896650993,True,True,0.0,True,3.239998477511108e-05,True,True,0.0,True,8.709999383427203e-05,True,True,0.0,True,0.000146100006531924,True,True,0.0,True,0.016440800012787804
p2-248-0,4,0.5,0.8,50.0,0.02,True,68,False,False,-49.54620670195922,-49.54620670195922,True,False,2.3174540518807163,False,6.719998782500625e-05,True,False,5.103639200523062,False,0.0001556000206619501,True,True,0.0,False,0.0003106999793089926,True,False,4.939513329112046,False,0.07651370001258329
p2-248-1,4,0.5,0.8,50.0,0.02,True,48,False,False,-47.472175874481664,-47.472175874481664,True,False,0.4221963871611649,False,5.729999975301325e-05,True,False,0.4221963871611649,False,0.0001379000023007393,True,True,0.0,False,0.00042619998566806316,True,True,0.0,False,0.05574389998218976
p2-248-2,4,0.5,0.8,50.0,0.02,True,31,False,False,-35.2219771112007,-35.2219771112007,True,True,0.0,False,4.3100008042529225e-05,True,False,2.5208158812079944,True,0.00010350000229664147,True,True,0.0,False,0.0002454000059515238,True,False,2.4347919998379908,False,0.03721219999715686
p2-249-0,4,0.5,0.8,100.0,0.005,True,19,False,False,-55.266136590223326,-55.266136590223326,True,True,0.0,False,3.530000685714185e-05,True,False,2.2319354247894196,False,9.040001896210015e-05,True,True,0.0,False,0.00016029999824240804,True,True,0.0,False,0.022031200001947582
p2-249-1,4,0.5,0.8,100.0,0.005,True,16,False,False,-52.22862069492617,-52.22862069492618,True,True,0.0,False,3.399999695830047e-05,True,True,0.0,False,8.599998545832932e-05,True,True,0.0,False,0.00019359998987056315,True,True,0.0,False,0.020267600018996745
p2-249-2,4,0.5,0.8,100.0,0.005,True,18,False,True,-49.24431086744015,-49.24431086744015,True,True,0.0,True,3.3899996196851134e-05,True,False,1.0641502929442552,False,9.23000043258071e-05,True,True,0.0,True,0.00015810001059435308,True,True,0.0,True,0.022066300007281825
p2-250-0,4,0.5,0.8,100.0,0.01,True,15,False,True,-37.94682929387536,-37.94682929387536,True,True,0.0,True,3.2800016924738884e-05,True,False,2.3601805705817114,False,7.800001185387373e-05,True,True,0.0,True,0.0001451000280212611,True,True,0.0,True,0.018783200008329004
p2-250-1,4,0.5,0.8,100.0,0.01,True,21,False,False,-53.98816933772907,-53.98816933772907,True,False,0.8702643369111698,True,4.6200002543628216e-05,True,True,0.0,False,0.0001373999984934926,True,True,0.0,False,0.00022339998395182192,True,True,0.0,False,0.025012800004333258
p2-250-2,4,0.5,0.8,100.0,0.01,True,24,False,True,-62.87162663191544,-62.87162663191545,True,True,0.0,True,3.9300008211284876e-05,True,True,0.0,True,9.889999637380242e-05,True,True,0.0,True,0.00016490000416524708,True,True,0.0,True,0.026844200008781627
p2-251-0,4,0.5,0.8,100.0,0.02,True,40,True,False,-47.64244778272066,-48.29178568392659,True,True,0.0,False,5.0000002374872565e-05,True,False,3.1966945157840314,False,0.00015140001778490841,True,True,0.0,False,0.00862000000779517,True,True,0.0,False,0.04722919999039732
p2-251-1,4,0.5,0.8,100.0,0.02,True,23,False,True,-43.11013268913687,-43.11013268913687,True,False,1.3957375655417437,False,5.539998528547585e-05,True,False,3.6469061925979247,False,0.00015189999248832464,True,True,0.0,True,0.0013133999891579151,True,True,0.0,True,0.03624620000482537
p2-251-2,4,0.5,0.8,100.0,0.02,True,46,False,True,-65.65390085371872,-65.65390085371872,True,True,0.0,True,5.880001117475331e-05,True,False,5.429915186726774,False,0.00014699998428113759,True,True,0.0,True,0.00025579999783076346,True,False,2.3056111888626134,False,0.05276330001652241
p2-252-0,4,0.5,0.9,25.0,0.005,True,54,False,False,-69.84755408027111,-69.84755408027111,True,False,1.4736836413244134,True,8.100000559352338e-05,True,False,8.985543203946449,False,0.00015490001533180475,True,True,0.0,False,0.00026369999977760017,True,False,4.905278565750493,False,0.06454629998188466
p2-252-1,4,0.5,0.9,25.0,0.005,True,71,False,False,-67.8898460211344,-67.8898460211344,True,False,3.066704800495856,False,7.130001904442906e-05,True,False,3.066704800495856,False,0.00015850001364015043,True,True,0.0,False,0.0005541999998968095,True,False,1.8910516386013398,False,0.0819781000027433
p2-252-2,4,0.5,0.9,25.0,0.005,True,47,False,True,-67.1631733542624,-67.1631733542624,True,True,0.0,True,5.400000372901559e-05,True,False,3.939211480233915,False,0.0001336999994236976,True,True,0.0,True,0.00019540000357665122,True,False,3.034396120329234,False,0.0634610999841243
p2-253-0,4,0.5,0.9,25.0,0.01,True,64,False,True,-50.40823819837516,-50.408238198375166,True,False,2.9889558698479632,False,7.589999586343765e-05,True,False,5.619844874882212,False,0.000159399991389364,True,True,0.0,True,0.0005742000066675246,True,False,4.731187627471179,False,0.07310429998324253
p2-253-1,4,0.5,0.9,25.0,0.01,True,93,False,False,-64.18386883530381,-64.18386883530381,True,False,3.342162159991105,False,8.800000068731606e-05,True,False,3.342162159991105,False,0.00019880000036209822,True,True,0.0,False,0.0009034000104293227,True,False,5.716570835984719,False,0.11204099998576567
p2-253-2,4,0.5,0.9,25.0,0.01,True,91,False,False,-66.42625286772369,-66.42625286772369,True,False,0.7854047095715515,False,0.00010539998766034842,True,False,0.7854047095715515,False,0.0002567000046838075,True,True,0.0,False,0.0006766000005882233,True,False,8.116497125566298,False,0.1070025000080932
p2-254-0,4,0.5,0.9,25.0,0.02,True,88,False,False,-46.50526313931437,-46.50526313931437,True,False,4.409545805772687,False,0.00010320000001229346,True,False,4.023596325117424,False,0.0003150000120513141,True,True,0.0,False,0.0008279999892693013,True,False,0.9380242657069218,False,0.10500889999093488
p2-254-1,4,0.5,0.9,25.0,0.02,True,100,False,False,-51.550727199550856,-51.550727199550856,True,False,3.2363327012427803,False,8.830000297166407e-05,True,False,6.7942091855688815,False,0.00019869999960064888,True,True,0.0,False,0.0008156000112649053,True,False,1.3154139919898213,False,0.12003260001074523
p2-254-2,4,0.5,0.9,25.0,0.02,True,86,False,False,-47.549375983155855,-47.549375983155855,True,False,2.437216585713749,False,8.709999383427203e-05,True,False,4.9157377075048885,False,0.00019230000907555223,True,True,0.0,False,0.0005922999989707023,True,False,4.878000972637295,False,0.1037711999961175
p2-255-0,4,0.5,0.9,50.0,0.005,True,26,False,True,-66.70754813913179,-66.70754813913179,True,True,0.0,True,4.889999399892986e-05,True,False,4.188380284031368,False,0.00016090000281110406,True,True,0.0,True,0.00022539999918080866,True,True,0.0,True,0.032356100011384115
p2-255-1,4,0.5,0.9,50.0,0.005,True,26,False,True,-54.8056425660389,-54.8056425660389,True,False,0.7158453047977602,False,4.149999585933983e-05,True,False,8.14413617907082,False,0.00010629999451339245,True,True,0.0,True,0.0002865999995265156,True,True,0.0,True,0.0314887999847997
p2-255-2,4,0.5,0.9,50.0,0.005,True,29,False,True,-75.83386802329628,-75.83386802329628,True,True,0.0,True,4.499999340623617e-05,True,False,4.186842176825493,False,0.0001303000026382506,True,True,0.0,True,0.00018730000010691583,True,True,0.0,True,0.032649300002958626
p2-256-0,4,0.5,0.9,50.0,0.01,True,32,False,False,-53.42543526098447,-53.42543526098447,True,False,0.18995660131875525,True,4.770001396536827e-05,True,False,0.18995660131875525,True,0.00012240000069141388,True,True,0.0,False,0.00028080001357011497,True,False,0.6845582222789375,False,0.03589579998515546
p2-256-1,4,0.5,0.9,50.0,0.01,True,30,False,True,-51.08405662007619,-51.08405662007619,True,True,0.0,True,4.630000330507755e-05,True,True,0.0,True,0.00011359999189153314,True,True,0.0,True,0.00018730000010691583,True,True,0.0,True,0.03539510001428425
p2-256-2,4,0.5,0.9,50.0,0.01,True,36,False,True,-54.02537920587826,-54.02537920587826,True,True,0.0,True,5.1000009989365935e-05,True,True,0.0,True,0.00012760001118294895,True,True,0.0,True,0.0001965999836102128,True,True,0.0,True,0.04638109999359585
p2-257-0,4,0.5,0.9,50.0,0.02,True,58,False,True,-51.256386559345074,-51.256386559345074,True,True,0.0,True,6.369999027810991e-05,True,False,4.355102542892702,False,0.0001477000187151134,True,True,0.0,True,0.0003960000176448375,True,False,1.3228918495386495,False,0.06794170002103783
p2-257-1,4,0.5,0.9,50.0,0.02,True,79,False,False,-55.418317340416245,-55.41831734041625,True,True,0.0,False,7.720000576227903e-05,True,True,0.0,False,0.00016450000111944973,True,True,0.0,False,0.00035990000469610095,True,False,5.986585656459958,False,0.09131240000715479
p2-257-2,4,0.5,0.9,50.0,0.02,True,46,False,True,-45.48336769361431,-45.48336769361432,True,False,1.4725504772424074,False,5.669999518431723e-05,True,True,0.0,True,0.0001303000026382506,True,True,0.0,True,0.000655200012261048,True,True,0.0,True,0.05039200000464916
p2-258-0,4,0.5,0.9,100.0,0.005,True,24,False,True,-67.50164213444216,-67.50164213444216,True,True,0.0,True,3.929997910745442e-05,True,False,3.938209230327132,False,0.0001033000007737428,True,True,0.0,True,0.00016450000111944973,True,True,0.0,True,0.029078899999149144
p2-258-1,4,0.5,0.9,100.0,0.005,True,29,False,True,-74.0189656472003,-74.0189656472003,True,True,0.0,True,4.199999966658652e-05,True,False,2.5418326059205185,False,0.0001109000004362315,True,True,0.0,True,0.00019749999046325684,True,True,0.0,True,0.032947100000455976
p2-258-2,4,0.5,0.9,100.0,0.005,True,25,False,True,-64.32391108757291,-64.32391108757291,True,True,0.0,True,4.0799990529194474e-05,True,False,1.6697166946130224,False,0.00011019999510608613,True,True,0.0,True,0.00017059998936019838,True,True,0.0,True,0.026847300003282726
p2-259-0,4,0.5,0.9,100.0,0.01,True,29,False,False,-61.27628499419666,-61.27628499419665,True,False,0.6927772966434844,False,0.00010920001659542322,True,False,0.6927772966434844,False,0.00014969997573643923,True,True,0.0,False,0.0003310999891255051,True,True,0.0,False,0.033521799981826916
p2-259-1,4,0.5,0.9,100.0,0.01,True,17,False,True,-46.15821481656859,-46.15821481656859,True,True,0.0,True,3.489997470751405e-05,True,False,4.584526865525426,False,8.919998072087765e-05,True,True,0.0,True,0.00015049998182803392,True,True,0.0,True,0.01864299998851493
p2-259-2,4,0.5,0.9,100.0,0.01,True,21,False,True,-51.83145412982531,-51.8314541298253,True,True,0.0,True,3.5900011425837874e-05,True,True,0.0,True,9.750001481734216e-05,True,True,0.0,True,0.00016560000949539244,True,True,0.0,True,0.024628299986943603
p2-260-0,4,0.5,0.9,100.0,0.02,True,34,False,True,-51.840813285022755,-51.840813285022755,True,True,0.0,True,4.919999628327787e-05,True,True,0.0,True,0.00012159999459981918,True,True,0.0,True,0.0001881999778561294,True,True,0.0,True,0.03836370000499301
p2-260-1,4,0.5,0.9,100.0,0.02,True,33,False,True,-48.4790847928963,-48.4790847928963,True,True,0.0,True,4.4199987314641476e-05,True,False,1.8727051374798336,False,0.00013020000187680125,True,True,0.0,True,0.00028929999098181725,True,True,0.0,True,0.03836159998900257
p2-260-2,4,0.5,0.9,100.0,0.02,True,21,False,True,-47.46746810700248,-47.46746810700248,True,True,0.0,True,3.679998917505145e-05,True,True,0.0,True,9.560000034980476e-05,True,True,0.0,True,0.0001613000058569014,True,True,0.0,True,0.02459000001545064
p2-261-0,4,0.5,1.0,25.0,0.005,True,33,False,True,-73.13816064059559,-73.13816064059559,True,True,0.0,True,4.350001108832657e-05,True,True,0.0,True,0.00011829999857582152,True,True,0.0,True,7.349997758865356e-05,True,True,0.0,True,0.041174600017257035
p2-261-1,4,0.5,1.0,25.0,0.005,True,27,False,True,-66.52885580634332,-66.52885580634332,True,True,0.0,True,4.549999721348286e-05,True,True,0.0,True,0.00011069999891333282,True,True,0.0,True,0.00021449997439049184,True,True,0.0,True,0.03694859999814071
p2-261-2,4,0.5,1.0,25.0,0.005,True,28,False,True,-72.29989351629641,-72.29989351629641,True,True,0.0,True,5.4500007536262274e-05,True,True,0.0,True,0.0002489000034984201,True,True,0.0,True,9.020001743920147e-05,True,True,0.0,True,0.03998859997955151
p2-262-0,4,0.5,1.0,25.0,0.01,True,44,False,False,-64.25370400222745,-64.25370400222745,True,False,0.022854702951192962,False,5.3499999921768904e-05,True,False,0.022854702951192962,False,0.00013349999790079892,True,True,0.0,False,0.00037949997931718826,True,False,0.022854702951192962,False,0.05378620000556111
p2-262-1,4,0.5,1.0,25.0,0.01,True,50,False,True,-60.123112045769126,-60.123112045769126,True,False,2.00605274525568,False,5.980001878924668e-05,True,False,2.00605274525568,False,0.00014879999798722565,True,True,0.0,True,0.00032909997389651835,True,True,0.0,True,0.05804290002561174
p2-262-2,4,0.5,1.0,25.0,0.01,True,59,False,True,-62.54508747883395,-62.54508747883395,True,False,13.324174050578165,False,7.920002099126577e-05,True,False,13.324174050578165,False,0.0002195000124629587,True,True,0.0,True,0.00041950002196244895,True,False,1.99541881306871,False,0.0683104999770876
p2-263-0,4,0.5,1.0,25.0,0.02,True,66,False,False,-54.470570710414464,-54.470570710414464,True,True,0.0,False,9.519999730400741e-05,True,True,0.0,False,0.00020629999926313758,True,True,0.0,False,0.0003904000041075051,True,True,0.0,False,0.07824050000635907
p2-263-1,4,0.5,1.0,25.0,0.02,True,69,False,False,-54.50747497930716,-54.50747497930716,True,False,2.0425029164292283,False,6.749999010935426e-05,True,False,10.813414698995999,False,0.00015960002201609313,True,True,0.0,False,0.0023443999816663563,True,False,3.563724377662197,False,0.07805959999677725
p2-263-2,4,0.5,1.0,25.0,0.02,True,69,False,False,-53.74746996409655,-53.74746996409655,True,False,14.855039774348995,False,8.399999933317304e-05,True,False,14.855039774348995,False,0.0002235999854747206,True,True,0.0,False,0.00035940000088885427,True,False,2.107741527198584,False,0.08268400002270937
p2-264-0,4,0.5,1.0,50.0,0.005,True,18,False,True,-68.79437417847492,-68.79437417847492,True,True,0.0,True,3.63999861292541e-05,True,True,0.0,True,0.00010199999087490141,True,True,0.0,True,6.510000093840063e-05,True,True,0.0,True,0.019815699983155355
p2-264-1,4,0.5,1.0,50.0,0.005,True,23,False,True,-71.09391810785291,-71.0939181078529,True,True,0.0,True,3.8300000596791506e-05,True,True,0.0,True,0.00011759999324567616,True,True,0.0,True,7.539999205619097e-05,True,True,0.0,True,0.02889280000817962
p2-264-2,4,0.5,1.0,50.0,0.005,True,18,False,True,-74.27796103158012,-74.27796103158012,True,True,0.0,True,4.1000021155923605e-05,True,True,0.0,True,9.879999561235309e-05,True,True,0.0,True,6.749999010935426e-05,True,True,0.0,True,0.020067900011781603
p2-265-0,4,0.5,1.0,50.0,0.01,True,30,False,False,-63.20603890038914,-63.20603890038914,True,True,0.0,False,5.080000846646726e-05,True,True,0.0,False,0.000152299995534122,False,False,,False,8.209998486563563e-05,True,True,0.0,False,0.0354166999750305
p2-265-1,4,0.5,1.0,50.0,0.01,True,25,False,True,-60.39038783481341,-60.39038783481341,True,True,0.0,True,3.960001049563289e-05,True,True,0.0,True,0.00011560000712051988,True,True,0.0,True,6.910000229254365e-05,True,True,0.0,True,0.02896979998331517
p2-265-2,4,0.5,1.0,50.0,0.01,True,31,False,True,-63.297118826719085,-63.297118826719085,True,True,0.0,True,4.119999357499182e-05,True,True,0.0,True,0.00011419999646022916,True,True,0.0,True,7.310000364668667e-05,True,True,0.0,True,0.035036100016441196
p2-266-0,4,0.5,1.0,50.0,0.02,True,33,False,True,-54.10317316081485,-54.10317316081485,True,True,0.0,True,4.439998883754015e-05,True,True,0.0,True,0.00013520001084543765,True,True,0.0,True,0.00026309999520890415,True,True,0.0,True,0.037586199992801994
p2-266-1,4,0.5,1.0,50.0,0.02,True,61,False,True,-56.3982829906256,-56.3982829906256,True,True,0.0,True,6.279998342506588e-05,True,True,0.0,True,0.0001576000067871064,True,True,0.0,True,9.129999671131372e-05,True,True,0.0,True,0.0696184000116773
p2-266-2,4,0.5,1.0,50.0,0.02,True,51,False,False,-52.00297774353099,-52.002977743530984,True,True,0.0,False,5.709999823011458e-05,True,True,0.0,False,0.00013620001845993102,True,True,0.0,False,7.860001642256975e-05,True,False,2.360552784018253,False,0.0558815999829676
p2-267-0,4,0.5,1.0,100.0,0.005,True,16,False,True,-79.17488406310751,-79.17488406310751,True,True,0.0,True,3.9000005926936865e-05,True,True,0.0,True,0.00012919999426230788,True,True,0.0,True,7.450001430697739e-05,True,True,0.0,True,0.020072100014658645
p2-267-1,4,0.5,1.0,100.0,0.005,True,18,False,True,-76.05294501237624,-76.05294501237624,True,True,0.0,True,3.470000228844583e-05,True,True,0.0,True,0.00010570001904852688,True,True,0.0,True,6.459999713115394e-05,True,True,0.0,True,0.019602800020948052
p2-267-2,4,0.5,1.0,100.0,0.005,True,16,False,True,-74.7734120581284,-74.7734120581284,True,True,0.0,True,3.470000228844583e-05,True,True,0.0,True,0.00010679999832063913,True,True,0.0,True,5.979998968541622e-05,True,True,0.0,True,0.019312399992486462
p2-268-0,4,0.5,1.0,100.0,0.01,True,18,False,True,-61.21427643517491,-61.21427643517491,True,True,0.0,True,3.99000127799809e-05,True,True,0.0,True,0.0001373999984934926,True,True,0.0,True,8.280001929961145e-05,True,True,0.0,True,0.027900399989448488
p2-268-1,4,0.5,1.0,100.0,0.01,True,15,False,False,-50.252909369991556,-50.252909369991556,True,True,0.0,False,3.200001083314419e-05,True,True,0.0,False,9.159999899566174e-05,True,True,0.0,False,6.350001785904169e-05,True,True,0.0,False,0.017231800011359155
p2-268-2,4,0.5,1.0,100.0,0.01,True,16,False,True,-68.03895754584076,-68.03895754584076,True,True,0.0,True,4.05999890062958e-05,True,True,0.0,True,9.200000204145908e-05,True,True,0.0,True,6.009999196976423e-05,True,True,0.0,True,0.018212200026027858
p2-269-0,4,0.5,1.0,100.0,0.02,True,25,False,True,-64.21921705035001,-64.21921705035001,True,True,0.0,True,3.860000288113952e-05,True,True,0.0,True,0.00010850001126527786,True,True,0.0,True,6.990000838413835e-05,True,True,0.0,True,0.028527299989946187
p2-269-1,4,0.5,1.0,100.0,0.02,True,15,False,False,-49.64108895579595,-49.64108895579595,True,True,0.0,False,3.400002606213093e-05,True,True,0.0,False,8.800000068731606e-05,True,True,0.0,False,6.419999408535659e-05,True,True,0.0,False,0.01774670000304468
p2-269-2,4,0.5,1.0,100.0,0.02,True,22,False,False,-53.424609517392966,-53.42460951739297,True,False,10.907130442291518,False,3.8700003642588854e-05,True,False,10.907130442291518,False,0.00010450000991113484,False,False,,False,6.170000415295362e-05,True,True,0.0,False,0.025192700006300583
p2-270-0,4,1.0,0.8,25.0,0.005,True,40,False,True,-52.69463178245053,-52.69463178245053,True,True,0.0,True,4.780001472681761e-05,True,False,5.11085957579958,False,0.00012900002184323967,True,True,0.0,True,0.0003019999712705612,True,False,1.030336779619283,False,0.046668399998452514
p2-270-1,4,1.0,0.8,25.0,0.005,True,36,False,False,-49.453622108126744,-49.45362210812674,True,False,0.7450988121572806,False,4.909999552182853e-05,True,False,0.7450988121572806,False,0.0001278999843634665,True,True,0.0,False,0.00031140001374296844,True,False,0.7450988121572806,False,0.03923719999147579
p2-270-2,4,1.0,0.8,25.0,0.005,True,25,False,False,-44.08304762820519,-44.08304762820519,True,False,2.210648005993349,False,4.060001811012626e-05,True,False,0.7601862014960545,True,0.00010950001887977123,True,True,0.0,False,0.00024480000138282776,True,True,0.0,False,0.028625300008570775
p2-271-0,4,1.0,0.8,25.0,0.01,True,49,False,False,-39.97938813457679,-39.97938813457678,True,True,0.0,False,5.390000296756625e-05,True,True,0.0,False,0.00013120000949129462,True,True,0.0,False,0.0008145000028889626,True,True,0.0,False,0.05543269999907352
p2-271-1,4,1.0,0.8,25.0,0.01,True,75,False,True,-46.81073547908127,-46.81073547908127,True,False,3.2164190981332013,False,7.48000165913254e-05,True,False,3.577139536585385,False,0.00016870000399649143,True,True,0.0,True,0.0005581000004895031,True,False,3.611580965424622,False,0.08277720000478439
p2-271-2,4,1.0,0.8,25.0,0.01,True,35,False,True,-34.6439195511402,-34.6439195511402,True,False,0.8812164838622394,False,4.529999569058418e-05,True,False,0.8812164838622394,False,0.0001092999882530421,True,True,0.0,True,0.0003724000125657767,True,False,0.8812164838622394,False,0.040209899976616725
p2-272-0,4,1.0,0.8,25.0,0.02,True,43,False,False,-26.68279086882438,-26.682790868824377,True,True,0.0,False,6.000002031214535e-05,True,True,0.0,False,0.00016070000128820539,True,True,0.0,False,0.0005400000081863254,True,False,0.48886015426781526,False,0.05011650000233203
p2-272-1,4,1.0,0.8,25.0,0.02,True,50,False,False,-30.600399002378833,-30.600399002378836,True,False,0.7734948890600926,False,6.19000056758523e-05,True,False,1.9544486561340548,False,0.00014379998901858926,True,True,0.0,False,0.002848700009053573,True,False,0.3928374542786095,False,0.0891399999964051
p2-272-2,4,1.0,0.8,25.0,0.02,True,46,False,False,-28.24595707691863,-28.24595707691863,True,False,0.6732294303795427,False,5.709999823011458e-05,True,False,5.761965051596896,False,0.00012980002793483436,True,True,0.0,False,0.00042050000047311187,True,True,0.0,False,0.05238909999025054
p2-273-0,4,1.0,0.8,50.0,0.005,True,22,False,True,-52.23370068828807,-52.23370068828807,True,True,0.0,True,4.759998410008848e-05,True,False,2.180633195574032,False,9.899999713525176e-05,True,True,0.0,True,0.0001694000093266368,True,True,0.0,True,0.027093299984699115
p2-273-1,4,1.0,0.8,50.0,0.005,True,37,False,False,-67.94099079554331,-67.94099079554333,True,True,0.0,False,6.170000415295362e-05,True,False,2.8157848942891945,False,0.00018760000239126384,True,True,0.0,False,0.00027680001221597195,True,False,3.425367645611189,False,0.04450400001951493
p2-273-2,4,1.0,0.8,50.0,0.005,True,27,False,True,-58.47799564211449,-58.47799564211449,True,True,0.0,True,4.300000728107989e-05,True,False,1.6523561860653615,False,0.00011480000102892518,True,True,0.0,True,0.00019800002337433398,True,True,0.0,True,0.029571799997938797
p2-274-0,4,1.0,0.8,50.0,0.01,True,37,False,False,-47.884126194556956,-47.884126194556956,True,False,0.3847903386059244,False,4.839999019168317e-05,True,False,2.2710204158969134,False,0.00012499999138526618,True,True,0.0,False,0.00024270001449622214,True,True,0.0,False,0.0404807000013534
p2-274-1,4,1.0,0.8,50.0,0.01,True,24,False,False,-34.955094237741996,-34.955094237741996,True,False,0.13181225720363443,True,3.929997910745442e-05,True,True,0.0,False,9.499999578110874e-05,True,True,0.0,False,0.0001976999919861555,True,True,0.0,False,0.02742130000842735
p2-274-2,4,1.0,0.8,50.0,0.01,True,47,False,False,-61.32297034858241,-61.322970348582416,True,True,0.0,False,0.00010039997869171202,True,False,3.183741000503531,True,0.00025179999647662044,True,True,0.0,False,0.000551399978576228,True,False,1.132631127903089,False,0.06096390000311658
p2-275-0,4,1.0,0.8,50.0,0.02,True,50,False,False,-39.33688340034127,-39.33688340034127,True,False,0.2236745783275964,True,5.709999823011458e-05,True,False,3.4136442272306553,False,0.00013219998800195754,True,True,0.0,False,0.0008129999914672226,True,True,0.0,False,0.05480499999248423
p2-275-1,4,1.0,0.8,50.0,0.02,True,27,False,False,-28.480625083091926,-28.480625083091926,True,True,0.0,False,5.15999854542315e-05,True,False,1.5609399861955282,False,0.00010839998139999807,True,True,0.0,False,0.00026450000586919487,True,True,0.0,False,0.028962100011995062
p2-275-2,4,1.0,0.8,50.0,0.02,True,84,False,False,-48.158195056369195,-48.158195056369195,True,False,0.16914745848791313,False,8.040000102482736e-05,True,False,0.16914745848791313,False,0.00018289999570697546,True,True,0.0,False,0.0006664000102318823,True,False,3.6074921530742685,False,0.09367840000777505
p2-276-0,4,1.0,0.8,100.0,0.005,True,23,False,False,-60.10521046535051,-60.1052104653505,True,True,0.0,False,3.9399979868903756e-05,True,False,5.600149950089133,False,0.00010450000991113484,True,True,0.0,False,0.00017930002650246024,True,True,0.0,False,0.024643100012326613
p2-276-1,4,1.0,0.8,100.0,0.005,True,25,False,False,-56.98614193443509,-56.98614193443509,True,False,0.008731698586032621,True,3.860000288113952e-05,True,False,2.3903069899109965,False,0.00010459998156875372,True,True,0.0,False,0.0001745999907143414,True,True,0.0,False,0.028196800005389377
p2-276-2,4,1.0,0.8,100.0,0.005,True,17,False,True,-46.60853703725818,-46.60853703725819,True,True,0.0,True,3.4199998481199145e-05,True,False,3.5627916367413803,False,8.719999459572136e-05,True,True,0.0,True,0.00025710000772960484,True,True,0.0,True,0.01849489999585785
p2-277-0,4,1.0,0.8,100.0,0.01,True,16,False,False,-34.29775815447802,-34.29775815447802,True,True,0.0,False,3.179998020641506e-05,True,False,2.0373459887990606,False,8.77000275067985e-05,True,True,0.0,False,0.000298700004350394,True,True,0.0,False,0.01815409999107942
p2-277-1,4,1.0,0.8,100.0,0.01,True,18,False,False,-42.441307557582405,-42.44130755758241,True,True,0.0,False,3.3499993151053786e-05,True,False,1.7534598198584348,True,9.099999442696571e-05,True,True,0.0,False,0.00019970000721514225,True,True,0.0,False,0.019753499975195155
p2-277-2,4,1.0,0.8,100.0,0.01,True,19,False,True,-47.058585843504154,-47.05858584350415,True,True,0.0,True,3.399999695830047e-05,True,True,0.0,True,9.779998799785972e-05,True,True,0.0,True,0.0001795999996829778,True,True,0.0,True,0.02074410000932403
p2-278-0,4,1.0,0.8,100.0,0.02,True,32,False,False,-36.46618207316665,-36.46618207316665,True,True,0.0,False,4.3400010326877236e-05,True,False,1.4017493643836474,True,0.00011839999933727086,True,True,0.0,False,0.0001433999859727919,True,True,0.0,False,0.03692720000981353
p2-278-1,4,1.0,0.8,100.0,0.02,True,43,False,False,-47.01541843044377,-47.01541843044377,True,True,0.0,False,5.339999916031957e-05,True,False,0.47931023785393734,True,0.00015690000145696104,True,True,0.0,False,0.0004295000107958913,True,False,1.222041593543679,False,0.047686100006103516
p2-278-2,4,1.0,0.8,100.0,0.02,True,20,False,False,-38.930884145008875,-38.930884145008875,True,True,0.0,False,3.510000533424318e-05,True,True,0.0,False,9.380001574754715e-05,True,True,0.0,False,0.00016590001177974045,True,True,0.0,False,0.021431900007883087
p2-279-0,4,1.0,0.9,25.0,0.005,True,62,False,False,-66.96003946360271,-66.96003946360273,True,False,2.4519305856711213,False,6.620000931434333e-05,True,False,5.6398503583155986,False,0.00017869999282993376,True,True,0.0,False,0.00045849999878555536,True,False,3.985899270851114,False,0.06739260000176728
p2-279-1,4,1.0,0.9,25.0,0.005,True,59,False,False,-52.05082259120135,-52.050822591201346,True,False,0.1153115924522865,False,7.589999586343765e-05,True,False,0.1153115924522865,False,0.00017099999240599573,True,True,0.0,False,0.0003692000173032284,True,False,0.19105236440566387,False,0.0633568000048399
p2-279-2,4,1.0,0.9,25.0,0.005,True,57,False,False,-55.389877994954226,-55.38987799495422,True,False,0.8440555091806488,True,5.9999991208314896e-05,True,False,0.6474090130897778,False,0.00017400001524947584,True,True,0.0,False,0.0005637999856844544,True,True,0.0,False,0.06173509999644011
p2-280-0,4,1.0,0.9,25.0,0.01,True,62,False,True,-44.33719438356226,-44.33719438356226,True,False,1.3796144877834706,False,0.00010160001693293452,True,False,1.3796144877834706,False,0.0002454000059515238,True,True,0.0,True,0.0004791999817825854,True,False,4.859025715990654,False,0.07518699998036027
p2-280-1,4,1.0,0.9,25.0,0.01,True,55,False,False,-45.860045639103014,-45.860045639103014,True,False,1.5160664389308707,False,6.059999577701092e-05,True,False,4.977792549413515,False,0.0001419000036548823,True,True,0.0,False,0.0004755999834742397,True,False,0.6771308330685741,False,0.061486100021284074
p2-280-2,4,1.0,0.9,25.0,0.01,True,70,False,True,-49.30800618612787,-49.30800618612787,True,False,1.8415623869584152,False,7.050001295283437e-05,True,False,5.028534854732293,False,0.00016989998403005302,True,True,0.0,True,0.00029349999385885894,True,False,2.0956315038224673,False,0.08151320001343265
p2-281-0,4,1.0,0.9,25.0,0.02,True,71,True,False,-35.0424447178756,-35.37551288336262,True,False,0.6019887095547887,False,7.039998308755457e-05,True,False,0.6019887095547887,False,0.00016299998969770968,True,True,0.0,False,0.008639700012281537,True,False,0.4744936279553684,False,0.0813493000168819
p2-281-1,4,1.0,0.9,25.0,0.02,True,115,False,False,-42.16141323534729,-42.16141323534728,True,False,4.409700335507097,False,0.00010069998097606003,True,False,8.232407540419764,False,0.00022440002067014575,True,True,7.105427357601002e-15,False,0.0011403000098653138,True,False,5.135813044254668,False,0.13613560001249425
p2-281-2,4,1.0,0.9,25.0,0.02,True,67,True,False,-33.00332167937805,-33.196716927246854,True,False,0.20016880509901114,False,7.070001447573304e-05,True,False,0.20016880509901114,False,0.00015820001135580242,True,True,0.0,False,0.008242599986260757,True,False,0.6183004280000404,False,0.07713359998888336
p2-282-0,4,1.0,0.9,50.0,0.005,True,24,False,True,-52.60426518353346,-52.60426518353346,True,True,0.0,True,4.049998824484646e-05,True,True,0.0,True,0.00010839998139999807,True,True,0.0,True,0.00019439999596215785,True,True,0.0,True,0.025680999999167398
p2-282-1,4,1.0,0.9,50.0,0.005,True,38,False,True,-68.54191872056727,-68.54191872056727,True,True,0.0,True,4.8600020818412304e-05,True,True,0.0,True,0.00013219998800195754,True,True,0.0,True,0.000201700022444129,True,True,0.0,True,0.04316790000302717
p2-282-2,4,1.0,0.9,50.0,0.005,True,35,False,False,-53.434999819526126,-53.434999819526126,True,False,0.16019105542446965,True,4.5900000259280205e-05,True,False,3.5612272849388944,False,0.00012120002065785229,True,True,0.0,False,0.00041130001773126423,True,False,0.16019105542446965,True,0.038818699977127835
p2-283-0,4,1.0,0.9,50.0,0.01,True,45,False,True,-53.18669366567282,-53.18669366567282,True,True,0.0,True,6.659998325631022e-05,True,False,1.5933112907575477,False,0.00019640001119114459,True,True,0.0,True,0.0004406999796628952,True,False,1.5933112907575477,False,0.05054009999730624
p2-283-1,4,1.0,0.9,50.0,0.01,True,50,False,False,-59.79677478782843,-59.79677478782844,True,False,2.7277635801242326,False,6.749999010935426e-05,True,False,1.1751958386520656,False,0.00015060001169331372,True,True,0.0,False,0.0010156000207643956,True,False,1.7167969666981264,False,0.05708480000612326
p2-283-2,4,1.0,0.9,50.0,0.01,True,45,False,False,-54.59027528984555,-54.59027528984555,True,True,0.0,False,7.559999357908964e-05,True,True,0.0,False,0.00019049999536946416,True,True,0.0,False,0.0005830999871250242,True,True,0.0,False,0.05214760001399554
p2-284-0,4,1.0,0.9,50.0,0.02,True,55,False,False,-34.37092926509074,-34.37092926509074,True,False,1.3101186070069062,False,6.059999577701092e-05,True,False,8.337748631855618,False,0.00014789999113418162,True,True,0.0,False,0.00044100001105107367,True,True,0.0,False,0.06140310000046156
p2-284-1,4,1.0,0.9,50.0,0.02,True,74,False,True,-41.2973312568399,-41.2973312568399,True,True,0.0,True,7.540002116002142e-05,True,False,4.207827790265398,False,0.00018580001778900623,True,True,0.0,True,0.0006950999959371984,True,False,3.074354458644585,False,0.08889439998893067
p2-284-2,4,1.0,0.9,50.0,0.02,True,56,False,True,-48.89892503182662,-48.89892503182662,True,True,0.0,True,6.219997885636985e-05,True,True,0.0,True,0.00014849999570287764,True,True,0.0,True,0.0002469999890308827,True,True,0.0,True,0.06791030001477338
p2-285-0,4,1.0,0.9,100.0,0.005,True,31,False,True,-76.26256909228621,-76.26256909228623,True,True,0.0,True,5.9399986639618874e-05,True,True,0.0,True,0.0001787999935913831,True,True,0.0,True,0.0002553999947849661,True,True,0.0,True,0.03804949999903329
p2-285-1,4,1.0,0.9,100.0,0.005,True,21,False,True,-53.275226354233084,-53.275226354233084,True,True,0.0,True,3.929997910745442e-05,True,False,4.353831165343102,False,9.819999104365706e-05,True,True,0.0,True,0.00016540000797249377,True,True,0.0,True,0.025462199992034584
p2-285-2,4,1.0,0.9,100.0,0.005,True,32,False,True,-71.00825769573598,-71.00825769573598,True,True,0.0,True,4.5199994929134846e-05,True,False,7.095793723413053,False,0.00012920002336613834,True,True,0.0,True,0.00020420001237653196,True,True,0.0,True,0.0364961999875959
p2-286-0,4,1.0,0.9,100.0,0.01,True,36,False,True,-62.94663730540458,-62.94663730540458,True,True,0.0,True,6.750001921318471e-05,True,False,3.872161884090147,False,0.00019200000679120421,True,True,0.0,True,0.0010747000051196665,True,True,0.0,True,0.04253669999889098
p2-286-1,4,1.0,0.9,100.0,0.01,True,32,False,True,-62.93079050705268,-62.93079050705267,True,True,0.0,True,4.499999340623617e-05,True,True,0.0,True,0.00012730000889860094,True,True,0.0,True,0.00021470000501722097,True,True,0.0,True,0.03809899999760091
p2-286-2,4,1.0,0.9,100.0,0.01,True,22,False,True,-37.33023828746132,-37.33023828746132,True,True,0.0,True,3.7999998312443495e-05,True,False,4.5483708217197005,False,0.00010119998478330672,True,True,0.0,True,0.0001391999830957502,True,True,0.0,True,0.02659349999157712
p2-287-0,4,1.0,0.9,100.0,0.02,True,34,False,False,-56.16940579770205,-56.169405797702055,True,True,0.0,False,4.530002479441464e-05,True,False,3.6861859657595133,True,0.0001275999820791185,True,True,0.0,False,0.00019109999993816018,True,True,0.0,False,0.03863270001602359
p2-287-1,4,1.0,0.9,100.0,0.02,True,47,False,False,-64.93539640148724,-64.93539640148725,True,True,0.0,False,5.840000812895596e-05,True,False,3.088200641643894,False,0.00015590002294629812,True,True,0.0,False,0.00017069999012164772,True,False,3.088200641643894,False,0.054197699995711446
p2-287-2,4,1.0,0.9,100.0,0.02,True,41,False,False,-46.16251819927125,-46.16251819927125,True,False,1.7466449988069073,True,6.150000263005495e-05,True,False,3.7351528379474814,False,0.00013270002091303468,True,True,0.0,False,0.00019359998987056315,True,True,0.0,False,0.04673619999084622
p2-288-0,4,1.0,1.0,25.0,0.005,True,40,False,True,-58.06423835188389,-58.06423835188389,True,False,10.228934075455783,False,5.09000092279166e-05,True,False,10.228934075455783,False,0.00013589998707175255,True,True,0.0,True,0.0004212000058032572,True,True,0.0,True,0.04361530000460334
p2-288-1,4,1.0,1.0,25.0,0.005,True,40,False,True,-62.43511266683642,-62.43511266683642,True,False,13.030898572732092,False,6.389999180100858e-05,True,False,13.030898572732092,False,0.00018400000408291817,True,True,0.0,True,0.0005583000020124018,True,True,0.0,True,0.04698270000517368
p2-288-2,4,1.0,1.0,25.0,0.005,True,28,False,True,-60.073182649360454,-60.073182649360454,True,False,14.727818595755679,False,4.439998883754015e-05,True,False,14.727818595755679,False,0.00012359998072497547,True,True,0.0,True,7.529999129474163e-05,True,True,0.0,True,0.0327926000172738
p2-289-0,4,1.0,1.0,25.0,0.01,True,51,False,False,-53.607990927869515,-53.60799092786951,True,False,2.5139115754801153,False,5.7199998991563916e-05,True,False,11.671183209761722,False,0.000159099989105016,True,True,0.0,False,0.000374099996406585,True,False,0.33761895705914924,True,0.059011699981056154
p2-289-1,4,1.0,1.0,25.0,0.01,True,71,False,False,-53.03620551794854,-53.036205517948545,True,False,1.8305953493550646,False,6.979997851885855e-05,True,False,0.5139007896030847,False,0.00016319999122060835,True,True,0.0,False,0.0003087999939452857,True,True,0.0,False,0.08035579998977482
p2-289-2,4,1.0,1.0,25.0,0.01,True,56,False,False,-53.750704291457325,-53.750704291457325,True,False,12.275276747013145,False,5.840000812895596e-05,True,False,12.275276747013145,False,0.00015510001685470343,True,True,0.0,False,0.00048809999134391546,True,False,1.552692874184899,False,0.0662921000039205
p2-290-0,4,1.0,1.0,25.0,0.02,True,62,False,True,-45.62820945261261,-45.62820945261261,True,False,9.694614535653464,False,6.269998266361654e-05,True,False,9.694614535653464,False,0.00016720002167858183,True,True,0.0,True,0.0002925999870058149,True,True,0.0,True,0.07017479999922216
p2-290-1,4,1.0,1.0,25.0,0.02,True,83,False,False,-46.28750429325083,-46.28750429325083,True,False,1.0037618116076317,False,8.460000390186906e-05,True,False,1.0037618116076317,False,0.0001815000141505152,False,False,,False,8.899997919797897e-05,True,False,0.8703740429218527,False,0.0945066999993287
p2-290-2,4,1.0,1.0,25.0,0.02,True,68,False,False,-47.54063091771425,-47.54063091771425,True,False,0.2617425994042719,False,6.9500005338341e-05,True,False,0.2617425994042719,False,0.00016659998800605536,True,True,0.0,False,0.000592500000493601,True,False,0.6518610096671011,False,0.08190289998310618
p2-291-0,4,1.0,1.0,50.0,0.005,True,21,False,True,-66.35603524993424,-66.35603524993424,True,True,0.0,True,3.99000127799809e-05,True,True,0.0,True,0.00010980002116411924,True,True,0.0,True,7.300000288523734e-05,True,True,0.0,True,0.02369819997693412
p2-291-1,4,1.0,1.0,50.0,0.005,True,19,False,True,-65.35648547321594,-65.35648547321594,True,True,0.0,True,3.500000457279384e-05,True,True,0.0,True,0.00010309999925084412,True,True,0.0,True,6.820002454333007e-05,True,True,0.0,True,0.021802600007504225
p2-291-2,4,1.0,1.0,50.0,0.005,True,21,False,True,-65.22518053613106,-65.22518053613106,True,True,0.0,True,4.810001701116562e-05,True,True,0.0,True,0.00016419999883510172,True,True,0.0,True,0.00010120001388713717,True,True,0.0,True,0.02558600000338629
p2-292-0,4,1.0,1.0,50.0,0.01,True,24,False,True,-57.51502550450321,-57.5150255045032,True,False,13.546779133568315,False,4.949999856762588e-05,True,False,13.546779133568315,False,0.00015629999688826501,True,True,0.0,True,9.23000043258071e-05,True,True,0.0,True,0.02836830000160262
p2-292-1,4,1.0,1.0,50.0,0.01,True,23,False,False,-38.83393614955684,-38.833936149556834,True,True,0.0,False,3.850000211969018e-05,True,True,0.0,False,0.00012939999578520656,True,True,0.0,False,7.730000652372837e-05,True,True,0.0,False,0.026896300027146935
p2-292-2,4,1.0,1.0,50.0,0.01,True,19,False,True,-58.293810630294715,-58.293810630294715,True,True,0.0,True,4.199999966658652e-05,True,True,0.0,True,0.00014019999071024358,True,True,0.0,True,8.080000407062471e-05,True,True,0.0,True,0.022603799996431917
p2-293-0,4,1.0,1.0,50.0,0.02,True,40,False,False,-49.07406077278732,-49.07406077278732,True,True,0.0,False,4.919999628327787e-05,True,False,8.601403978610229,False,0.00013880000915378332,True,True,0.0,False,8.410000009462237e-05,True,True,0.0,False,0.04689140000846237
p2-293-1,4,1.0,1.0,50.0,0.02,True,41,False,False,-45.03066324895249,-45.030663248952486,True,False,2.820845835521858,False,5.060000694356859e-05,True,False,11.68825482451512,False,0.000132200017105788,True,True,0.0,False,0.000208500016015023,True,True,0.0,False,0.045228300004964694
p2-293-2,4,1.0,1.0,50.0,0.02,True,41,False,False,-49.94111376825662,-49.94111376825661,True,False,0.8940511336884569,False,5.569998756982386e-05,True,False,0.8940511336884569,False,0.00013329999637790024,True,True,0.0,False,7.69999751355499e-05,True,True,0.0,False,0.04696060001151636
p2-294-0,4,1.0,1.0,100.0,0.005,True,18,False,True,-63.18354461100151,-63.18354461100151,True,True,0.0,True,3.390002530068159e-05,True,True,0.0,True,9.809999028220773e-05,True,True,0.0,True,6.489999941550195e-05,True,True,0.0,True,0.020823099999688566
p2-294-1,4,1.0,1.0,100.0,0.005,True,20,False,True,-69.85629925516321,-69.85629925516321,True,True,0.0,True,3.899997682310641e-05,True,True,0.0,True,0.00010999999358318746,True,True,0.0,True,6.809999467805028e-05,True,True,0.0,True,0.022435599996242672
p2-294-2,4,1.0,1.0,100.0,0.005,True,20,False,True,-65.72381135682194,-65.72381135682194,True,True,0.0,True,3.6299985367804766e-05,True,True,0.0,True,0.00010989999282173812,True,True,0.0,True,7.219999679364264e-05,True,True,0.0,True,0.023321199987549335
p2-295-0,4,1.0,1.0,100.0,0.01,True,19,False,True,-59.35754414729975,-59.35754414729975,True,True,0.0,True,3.630001447163522e-05,True,True,0.0,True,0.00010400000610388815,True,True,0.0,True,6.740001845173538e-05,True,True,0.0,True,0.021435200003907084
p2-295-1,4,1.0,1.0,100.0,0.01,True,21,False,True,-59.41018418355827,-59.41018418355827,True,True,0.0,True,3.759999526664615e-05,True,True,0.0,True,0.00011470000026747584,True,True,0.0,True,7.340000593103468e-05,True,True,0.0,True,0.02594139997381717
p2-295-2,4,1.0,1.0,100.0,0.01,True,20,False,True,-53.50294547644061,-53.502945476440615,True,True,0.0,True,3.630001447163522e-05,True,True,0.0,True,0.00010189999011345208,True,True,0.0,True,6.729998858645558e-05,True,True,0.0,True,0.02210560001549311
p2-296-0,4,1.0,1.0,100.0,0.02,True,27,False,False,-35.83708202975241,-35.83708202975241,True,False,0.0977824890062493,False,5.219999002292752e-05,True,False,0.0977824890062493,False,0.0001705000177025795,True,True,0.0,False,9.84000216703862e-05,True,True,0.0,False,0.03265420001116581
p2-296-1,4,1.0,1.0,100.0,0.02,True,27,False,True,-55.24797343637924,-55.24797343637923,True,True,0.0,True,4.1099992813542485e-05,True,True,0.0,True,0.0001218999968841672,True,True,0.0,True,7.490001735277474e-05,True,True,0.0,True,0.030050899978959933
p2-296-2,4,1.0,1.0,100.0,0.02,True,31,False,False,-38.5458933596091,-38.5458933596091,True,True,0.0,False,4.610000178217888e-05,True,True,0.0,False,0.00013669999316334724,True,True,0.0,False,0.000766999990446493,True,True,0.0,False,0.03527289998601191
p2-297-0,4,2.0,0.8,25.0,0.005,True,27,False,True,-33.852780633257886,-33.85278063325788,True,False,2.197596098776426,False,5.089998012408614e-05,True,False,3.402376432563834,False,0.00014629997895099223,True,True,0.0,True,0.0003598999755922705,True,True,0.0,True,0.03213629999663681
p2-297-1,4,2.0,0.8,25.0,0.005,True,48,False,True,-48.66231428898913,-48.66231428898912,True,False,1.3042180950762443,False,5.85000088904053e-05,True,False,2.949005707400545,False,0.0001446999958716333,True,True,0.0,True,0.0002059000253211707,True,True,0.0,True,0.05607859999872744
p2-297-2,4,2.0,0.8,25.0,0.005,True,58,False,True,-58.47868824474415,-58.478688244744156,True,True,0.0,True,7.089998689480126e-05,True,False,4.626895039423523,False,0.0001604999997653067,True,True,0.0,True,0.00032610000926069915,True,True,0.0,True,0.06882169999880716
p2-298-0,4,2.0,0.8,25.0,0.01,True,67,False,False,-42.198177121154174,-42.198177121154174,True,False,0.8569177497102203,False,6.859999848529696e-05,True,False,6.557913472946872,False,0.00017340001068077981,True,True,0.0,False,0.00032869999995455146,True,False,3.759267285455529,False,0.07753740000771359
p2-298-1,4,2.0,0.8,25.0,0.01,True,55,False,True,-31.054928789191315,-31.054928789191315,True,True,0.0,True,7.040001219138503e-05,True,False,5.453542917137803,False,0.00018500001169741154,True,True,0.0,True,0.0012042000016663224,True,False,1.029525516115342,False,0.062432600010652095
p2-298-2,4,2.0,0.8,25.0,0.01,True,28,False,False,-27.543154323423888,-27.54315432342389,True,True,0.0,False,4.539999645203352e-05,True,True,0.0,False,0.00010720000136643648,True,True,0.0,False,0.00022810001973994076,True,True,0.0,False,0.032436099980259314
p2-299-0,4,2.0,0.8,25.0,0.02,True,107,False,False,-33.09457224731463,-33.09457224731463,True,False,1.281717108083452,False,9.290000889450312e-05,True,False,3.578107873354824,False,0.00022380001610144973,True,True,0.0,False,0.0004690999921876937,True,False,1.947651789652852,False,0.12414490000810474
p2-299-1,4,2.0,0.8,25.0,0.02,True,128,False,False,-44.80386712284116,-44.80386712284117,True,False,0.8115289888282362,False,0.00011100000119768083,True,False,0.8115289888282362,False,0.0002533000078983605,True,True,0.0,False,0.0009465999901294708,True,False,4.9689989514052115,False,0.1521049999864772
p2-299-2,4,2.0,0.8,25.0,0.02,True,62,False,False,-29.956430946029606,-29.956430946029602,True,True,0.0,False,7.639999967068434e-05,True,False,4.889416918762215,False,0.00016960001084953547,True,True,0.0,False,0.0004924999957438558,True,False,1.7793655212440669,False,0.07056829999783076
p2-300-0,4,2.0,0.8,50.0,0.005,True,35,False,True,-60.873546346088546,-60.873546346088546,True,True,0.0,True,4.8600020818412304e-05,True,False,3.1726476491062527,False,0.00013880000915378332,True,True,0.0,True,0.00023299999884329736,True,True,0.0,True,0.04043399999500252
p2-300-1,4,2.0,0.8,50.0,0.005,True,36,False,False,-52.33693145160914,-52.336931451609146,True,False,4.055617669809273,False,6.429999484680593e-05,True,False,1.7434147300232041,False,0.00018620002083480358,True,True,0.0,False,0.0002764000091701746,True,True,0.0,False,0.043090299994219095
p2-300-2,4,2.0,0.8,50.0,0.005,True,28,False,True,-47.19249720937077,-47.19249720937078,True,True,0.0,True,4.640000406652689e-05,True,False,3.092530409898167,False,0.00011979998089373112,True,True,0.0,True,0.00020129999029450119,True,True,0.0,True,0.031849099992541596
p2-301-0,4,2.0,0.8,50.0,0.01,True,33,False,False,-37.33493825722805,-37.33493825722805,True,True,0.0,False,4.3400010326877236e-05,True,True,0.0,False,0.00012209999840706587,True,True,0.0,False,0.00019800002337433398,True,False,0.2966920269690192,False,0.039617500005988404
p2-301-1,4,2.0,0.8,50.0,0.01,True,56,False,False,-57.46472964938865,-57.46472964938866,True,True,0.0,False,6.579997716471553e-05,True,False,2.618258311475344,False,0.0001914000022225082,True,True,0.0,False,0.0007767000060994178,True,True,0.0,False,0.060915400012163445
p2-301-2,4,2.0,0.8,50.0,0.01,True,32,False,False,-35.31853747924127,-35.31853747924127,True,True,0.0,False,4.5100023271515965e-05,True,False,3.7707805893978836,False,0.00012140002218075097,True,True,0.0,False,0.00027710001450031996,True,True,0.0,False,0.035822900012135506
p2-302-0,4,2.0,0.8,50.0,0.02,True,96,False,True,-41.47918916386673,-41.47918916386673,True,True,0.0,True,0.00010490001295693219,True,True,0.0,True,0.00028369997744448483,True,True,0.0,True,0.0005201000021770597,True,False,4.66200861674735,False,0.11463550000917166
p2-302-1,4,2.0,0.8,50.0,0.02,True,57,False,False,-28.523163612819417,-28.523163612819417,True,False,3.8736799326424567,False,6.489999941550195e-05,True,False,1.5508432969853523,False,0.00015060001169331372,True,True,0.0,False,0.00042039999971166253,True,False,1.5508432969853523,False,0.0644492999999784
p2-302-2,4,2.0,0.8,50.0,0.02,True,44,False,False,-31.98544615879628,-31.985446158796275,True,False,1.281338398584765,False,6.329998723231256e-05,True,False,5.483462214281445,False,0.00014840002404525876,True,True,0.0,False,0.0002783999952953309,True,False,0.9819521815114847,False,0.051818200008710846
p2-303-0,4,2.0,0.8,100.0,0.005,True,16,False,True,-36.20213353389775,-36.20213353389775,True,True,0.0,True,4.539999645203352e-05,True,False,2.374623580775591,False,0.00014360001659952104,True,True,0.0,True,0.00020439998479560018,True,True,0.0,True,0.02700540001387708
p2-303-1,4,2.0,0.8,100.0,0.005,True,30,False,False,-62.96338628244139,-62.9633862824414,True,True,0.0,False,4.8999994760379195e-05,True,False,2.282800506663726,False,0.00014089999604038894,True,True,0.0,False,0.0004625000001396984,True,True,0.0,False,0.0331022999889683
p2-303-2,4,2.0,0.8,100.0,0.005,True,23,False,True,-53.47252215044101,-53.472522150441,True,True,0.0,True,4.499999340623617e-05,True,True,0.0,True,0.00012320000678300858,True,True,0.0,True,0.0003479000006336719,True,True,0.0,True,0.03196079999906942
p2-304-0,4,2.0,0.8,100.0,0.01,True,23,False,True,-38.2735958350384,-38.2735958350384,True,True,0.0,True,5.640002200379968e-05,True,False,2.1760338341314522,False,0.00019329998758621514,True,True,0.0,True,0.00024950000806711614,True,True,0.0,True,0.029443000006722286
p2-304-1,4,2.0,0.8,100.0,0.01,True,20,False,True,-36.384283530278665,-36.384283530278665,True,True,0.0,True,3.920000744983554e-05,True,True,0.0,True,0.00010720000136643648,True,True,0.0,True,0.00019720001728273928,True,True,0.0,True,0.022762599983252585
p2-304-2,4,2.0,0.8,100.0,0.01,True,20,False,True,-35.7745442040235,-35.7745442040235,True,True,0.0,True,4.0799990529194474e-05,True,False,2.886158195788866,False,0.00010760000441223383,True,True,0.0,True,0.00017159999697469175,True,True,0.0,True,0.02269539999542758
p2-305-0,4,2.0,0.8,100.0,0.02,True,24,False,True,-30.986408215938734,-30.986408215938738,True,True,0.0,True,5.189998773857951e-05,True,False,2.8452386506131546,False,0.00015609999536536634,True,True,0.0,True,0.0002452000044286251,True,True,0.0,True,0.029976999998325482
p2-305-1,4,2.0,0.8,100.0,0.02,True,50,False,False,-47.57715384636728,-47.57715384636729,True,False,0.38881658991449797,False,7.999999797903001e-05,True,False,1.9546915724241387,False,0.00022960000205785036,True,True,0.0,False,0.002399899996817112,True,False,0.12116898000737564,False,0.05706529997405596
p2-305-2,4,2.0,0.8,100.0,0.02,True,48,False,True,-43.736675542533916,-43.73667554253392,True,True,0.0,True,5.6199991377070546e-05,True,False,2.7888140855308663,False,0.0001385999785270542,True,True,0.0,True,0.00019580000662244856,True,False,2.7888140855308663,False,0.05824069998925552
p2-306-0,4,2.0,0.9,25.0,0.005,True,61,False,True,-48.77947806850839,-48.77947806850838,True,True,0.0,True,8.339999476447701e-05,True,True,0.0,True,0.0002590999938547611,True,True,0.0,True,0.00023669999791309237,True,False,2.4738256142558868,False,0.07371540000895038
p2-306-1,4,2.0,0.9,25.0,0.005,True,49,False,True,-48.86935644699374,-48.86935644699374,True,True,0.0,True,6.900000153109431e-05,True,True,0.0,True,0.00021699999342672527,True,True,0.0,True,0.0002736000169534236,True,False,2.1942497751190473,False,0.058562799997162074
p2-306-2,4,2.0,0.9,25.0,0.005,True,53,False,True,-53.333784123102504,-53.3337841231025,True,False,3.47006939880157,False,7.590002496726811e-05,True,False,8.02114746325207,False,0.00022409998928196728,True,True,0.0,True,0.0016355999978259206,True,True,0.0,True,0.06065239998861216
p2-307-0,4,2.0,0.9,25.0,0.01,True,79,False,False,-39.68374760313416,-39.68374760313416,True,True,0.0,False,7.959999493323267e-05,True,False,3.972638468656747,False,0.00017530002514831722,True,True,0.0,False,0.0008788999984972179,True,True,0.0,False,0.0893348999961745
p2-307-1,4,2.0,0.9,25.0,0.01,True,50,False,False,-34.091226357132754,-34.091226357132754,True,False,0.6526404193766453,False,5.810000584460795e-05,True,False,0.6526404193766453,False,0.00015590002294629812,True,True,0.0,False,0.0005675999855156988,True,False,2.678071388938921,False,0.05751470001996495
p2-307-2,4,2.0,0.9,25.0,0.01,True,73,False,False,-43.560448175831624,-43.56044817583163,True,False,3.2092888962737476,False,7.310000364668667e-05,True,False,3.2092888962737476,False,0.00018699999782256782,True,True,0.0,False,0.0006682999955955893,True,True,0.0,False,0.08430640000733547
p2-308-0,4,2.0,0.9,25.0,0.02,True,95,True,True,-33.8721355558209,-34.10873523522554,True,False,3.067993674238167,False,9.23000043258071e-05,True,False,4.78376846947836,False,0.0002004000125452876,True,False,0.6667837410654727,False,0.01231510000070557,True,False,2.029473977704143,False,0.11063559999456629
p2-308-1,4,2.0,0.9,25.0,0.02,True,79,False,False,-32.07026932120583,-32.07026932120583,True,True,0.0,False,7.559999357908964e-05,True,False,5.3741424215081395,False,0.0003714999766089022,True,True,0.0,False,0.0010415000142529607,True,False,5.0204440868452345,False,0.09274749999167398
p2-308-2,4,2.0,0.9,25.0,0.02,True,96,False,False,-35.61988448498698,-35.61988448498698,True,False,0.67680250299059,False,8.840000373311341e-05,True,False,6.23538296271683,False,0.00020169999334029853,True,True,0.0,False,0.0010173999762628227,True,False,2.4173191167029557,False,0.11409119999734685
p2-309-0,4,2.0,0.9,50.0,0.005,True,31,False,True,-43.10111050053494,-43.10111050053494,True,True,0.0,True,4.5599997974932194e-05,True,False,2.468104219260951,False,0.00014220000593923032,True,True,0.0,True,0.0002798000059556216,True,True,0.0,True,0.034450999984983355
p2-309-1,4,2.0,0.9,50.0,0.005,True,34,False,True,-53.01335561360919,-53.013355613609185,True,True,0.0,True,5.040000542066991e-05,True,False,3.8979963661016015,False,0.00014930000179447234,True,True,0.0,True,0.00017079999088309705,True,True,0.0,True,0.03722779999952763
p2-309-2,4,2.0,0.9,50.0,0.005,True,35,False,True,-48.28429523968139,-48.2842952396814,True,True,0.0,True,4.9700000090524554e-05,True,False,4.206841626659333,False,0.00014020001981407404,True,True,0.0,True,0.0002093000221066177,True,True,0.0,True,0.040653100004419684
p2-310-0,4,2.0,0.9,50.0,0.01,True,33,False,False,-35.371483380878466,-35.371483380878466,True,False,6.443342070176932,False,4.649997572414577e-05,True,False,3.5697130181545234,False,0.00012129999231547117,True,True,0.0,False,0.00022089999401941895,True,True,0.0,False,0.037572700006421655
p2-310-1,4,2.0,0.9,50.0,0.01,True,41,False,False,-43.58576284896847,-43.58576284896847,True,False,0.46565917665411405,False,5.4199976148083806e-05,True,False,0.46565917665411405,False,0.00014799999189563096,True,True,0.0,False,0.000897699996130541,True,True,0.0,False,0.04932260001078248
p2-310-2,4,2.0,0.9,50.0,0.01,True,49,False,False,-40.31622848512034,-40.31622848512034,True,True,0.0,False,7.029998232610524e-05,True,True,0.0,False,0.00016690001939423382,True,True,0.0,False,0.0003999000182375312,True,False,0.6412468096601103,False,0.05782070002169348
p2-311-0,4,2.0,0.9,50.0,0.02,True,35,False,True,-23.68203706741533,-23.68203706741533,True,False,1.130523976981756,False,4.770001396536827e-05,True,False,3.552575160535053,False,0.00011789999553002417,True,True,0.0,True,0.0002271000121254474,True,True,0.0,True,0.038408199994591996
p2-311-1,4,2.0,0.9,50.0,0.02,True,145,False,False,-53.2378261933758,-53.2378261933758,True,False,1.2236406885803959,False,0.00012069998774677515,True,False,3.28519330898677,False,0.00028020000900141895,True,True,0.0,False,0.0007263000006787479,True,False,7.449465919492972,False,0.17631640000035986
p2-311-2,4,2.0,0.9,50.0,0.02,True,88,True,False,-34.32100450618617,-34.49842859906164,True,True,0.0,False,0.00010559998918324709,True,False,4.655990616326157,False,0.00027469999622553587,True,True,0.0,False,0.011191100027645007,True,False,2.634208720820233,False,0.10155569997732528
p2-312-0,4,2.0,0.9,100.0,0.005,True,32,False,False,-62.0714704804967,-62.07147048049669,True,True,0.0,False,4.6699977247044444e-05,True,False,4.179723330255385,True,0.00012939999578520656,True,True,0.0,False,0.00024140000459738076,True,True,0.0,False,0.037694200000260025
p2-312-1,4,2.0,0.9,100.0,0.005,True,35,False,True,-58.857474116192826,-58.85747411619283,True,True,0.0,True,4.909999552182853e-05,True,True,0.0,True,0.00013829997624270618,True,True,0.0,True,0.00023250002413988113,True,True,0.0,True,0.03884180000750348
p2-312-2,4,2.0,0.9,100.0,0.005,True,28,False,True,-52.82049410573464,-52.82049410573464,True,True,0.0,True,4.299997817724943e-05,True,False,3.3634418108629305,False,0.0001255999959539622,True,True,0.0,True,0.00018919998547062278,True,True,0.0,True,0.036260100023355335
p2-313-0,4,2.0,0.9,100.0,0.01,True,28,False,True,-36.80329390670973,-36.80329390670973,True,True,0.0,True,4.679997800849378e-05,True,False,3.4712700308337716,False,0.0001323999895248562,True,True,0.0,True,0.001163299981271848,True,True,0.0,True,0.03095669997856021
p2-313-1,4,2.0,0.9,100.0,0.01,True,36,False,False,-46.01398052041096,-46.01398052041096,True,True,0.0,False,5.229999078437686e-05,True,True,0.0,False,0.00015159999020397663,True,True,0.0,False,0.0003310999891255051,True,True,0.0,False,0.04159919999074191
p2-313-2,4,2.0,0.9,100.0,0.01,True,33,False,True,-35.02399342316956,-35.02399342316956,True,True,0.0,True,4.740001168102026e-05,True,False,2.652872888427737,False,0.00014399999054148793,True,True,0.0,True,0.0002673999988473952,True,True,0.0,True,0.03838389998418279
p2-314-0,4,2.0,0.9,100.0,0.02,True,34,False,False,-34.990649326855475,-34.990649326855475,True,True,0.0,False,4.4500018702819943e-05,True,False,10.83517780550747,False,0.00012660000356845558,True,True,0.0,False,7.899999036453664e-05,True,True,0.0,False,0.038814200001070276
p2-314-1,4,2.0,0.9,100.0,0.02,True,49,False,False,-35.55420953786639,-35.55420953786639,True,False,1.086205769862886,False,7.169999298639596e-05,True,False,7.424847144901342,False,0.00016429999959655106,True,True,0.0,False,0.0010631999757606536,True,False,0.07740102035974417,False,0.05650870001409203
p2-314-2,4,2.0,0.9,100.0,0.02,True,30,True,True,-26.33631169855741,-26.56121042449528,True,True,0.0,True,4.469999112188816e-05,True,True,0.0,True,0.00012470001820474863,True,True,0.0,True,0.00761689999490045,True,True,0.0,True,0.032526300026802346
p2-315-0,4,2.0,1.0,25.0,0.005,True,42,False,False,-56.0398245799885,-56.039824579988505,True,True,0.0,False,4.900002386420965e-05,True,True,0.0,False,0.00014170000213198364,True,True,0.0,False,8.080000407062471e-05,True,True,0.0,False,0.0481345999869518
p2-315-1,4,2.0,1.0,25.0,0.005,True,36,False,True,-56.362948881450784,-56.362948881450784,True,True,0.0,True,4.809998790733516e-05,True,True,0.0,True,0.00012929999502375722,True,True,0.0,True,7.440001354552805e-05,True,True,0.0,True,0.04273580000153743
p2-315-2,4,2.0,1.0,25.0,0.005,True,43,False,True,-55.33486638692502,-55.33486638692502,True,False,0.6705736976578294,False,6.799999391660094e-05,True,False,0.6705736976578294,False,0.0002930999908130616,True,True,0.0,True,0.0001241999852936715,True,True,0.0,True,0.05123879999155179
p2-316-0,4,2.0,1.0,25.0,0.01,True,55,False,True,-46.62029811729519,-46.62029811729519,True,False,9.035427639630825,False,6.25999819021672e-05,True,False,9.035427639630825,False,0.000152299995534122,True,True,0.0,True,0.0003097000007983297,True,True,0.0,True,0.06114279999746941
p2-316-1,4,2.0,1.0,25.0,0.01,True,71,False,False,-47.83117390947389,-47.83117390947389,True,False,0.5037080637021134,False,7.189999450929463e-05,True,False,0.5037080637021134,False,0.00017430001753382385,True,True,0.0,False,9.549999958835542e-05,True,False,1.1994379644129936,False,0.08021460002055392
p2-316-2,4,2.0,1.0,25.0,0.01,True,59,False,False,-44.02863296748768,-44.02863296748768,True,False,8.330816816266335,False,6.579997716471553e-05,True,False,8.330816816266335,False,0.00016989998403005302,True,True,0.0,False,0.0003507999936118722,True,False,3.636338944532106,False,0.06895509999594651
p2-317-0,4,2.0,1.0,25.0,0.02,True,110,False,False,-40.345865274610524,-40.345865274610524,True,False,1.1914689813069756,False,9.819999104365706e-05,True,False,8.480213501277667,False,0.00023120001424103975,True,True,0.0,False,0.0005206000059843063,True,False,3.271029121181215,False,0.129445400001714
p2-317-1,4,2.0,1.0,25.0,0.02,True,59,False,False,-29.12320239452516,-29.12320239452516,True,True,0.0,False,6.549997488036752e-05,True,True,0.0,False,0.00016319999122060835,False,False,,False,8.560001151636243e-05,True,True,0.0,False,0.06663960000150837
p2-317-2,4,2.0,1.0,25.0,0.02,True,114,False,False,-40.085681593525926,-40.085681593525926,True,False,0.4962215380194763,False,0.0001033000007737428,True,False,0.4962215380194763,False,0.00024870000197552145,True,True,0.0,False,0.0005841999955009669,True,False,0.20364872347700214,False,0.13438010000390932
p2-318-0,4,2.0,1.0,50.0,0.005,True,26,False,False,-57.727199937362194,-57.727199937362194,True,True,0.0,False,4.549999721348286e-05,True,True,0.0,False,0.000139000010676682,True,True,0.0,False,8.719999459572136e-05,True,True,0.0,False,0.03163620000123046
p2-318-1,4,2.0,1.0,50.0,0.005,True,24,False,True,-56.55304000147579,-56.55304000147579,True,True,0.0,True,4.1799998143687844e-05,True,True,0.0,True,0.00012409998453222215,True,True,0.0,True,8.080000407062471e-05,True,True,0.0,True,0.025967599998693913
p2-318-2,4,2.0,1.0,50.0,0.005,True,25,False,True,-55.162983384762306,-55.16298338476231,True,True,0.0,True,4.260000423528254e-05,True,True,0.0,True,0.00012900002184323967,True,True,0.0,True,8.600001456215978e-05,True,True,0.0,True,0.026933499990263954
p2-319-0,4,2.0,1.0,50.0,0.01,True,42,False,False,-46.76444675655996,-46.76444675655997,True,True,0.0,False,5.1000009989365935e-05,True,True,0.0,False,0.0002699000178836286,True,True,0.0,False,0.00013159998343326151,True,True,0.0,False,0.04817609998281114
p2-319-1,4,2.0,1.0,50.0,0.01,True,30,False,True,-51.15837588932666,-51.15837588932666,True,True,0.0,True,4.710000939667225e-05,True,True,0.0,True,0.0001351000100839883,True,True,0.0,True,8.519997936673462e-05,True,True,0.0,True,0.034456900000805035
p2-319-2,4,2.0,1.0,50.0,0.01,True,34,False,False,-47.63151189571326,-47.63151189571326,True,True,0.0,False,4.509999416768551e-05,True,True,0.0,False,0.0001317000132985413,True,True,0.0,False,8.410000009462237e-05,True,True,0.0,False,0.03858510000281967
p2-320-0,4,2.0,1.0,50.0,0.02,True,43,False,False,-30.435850458962772,-30.435850458962772,True,True,0.0,False,5.840000812895596e-05,True,True,0.0,False,0.00017889999435283244,True,True,0.0,False,0.00011310001718811691,True,True,0.0,False,0.05051259999163449
p2-320-1,4,2.0,1.0,50.0,0.02,True,58,False,True,-38.26699639933208,-38.266996399332086,True,False,6.458018452084872,False,6.200000643730164e-05,True,False,6.458018452084872,False,0.00015639999764971435,True,True,0.0,True,8.679999154992402e-05,True,True,0.0,True,0.06531410000752658
p2-320-2,4,2.0,1.0,50.0,0.02,True,55,False,True,-41.26288572623105,-41.26288572623105,True,False,10.015902234995032,False,6.180000491440296e-05,True,False,10.015902234995032,False,0.0001590000174473971,True,True,0.0,True,0.00043230000301264226,True,False,0.7903647281391599,False,0.06370779999997467
p2-321-0,4,2.0,1.0,100.0,0.005,True,21,False,True,-59.879857558263,-59.879857558263,True,True,0.0,True,3.819999983534217e-05,True,True,0.0,True,0.0001145999995060265,True,True,0.0,True,7.430001278407872e-05,True,True,0.0,True,0.023298599990084767
p2-321-1,4,2.0,1.0,100.0,0.005,True,25,False,True,-61.465151613113434,-61.465151613113434,True,True,0.0,True,5.029997555539012e-05,True,True,0.0,True,0.00018960001762025058,True,True,0.0,True,0.00010880001354962587,True,True,0.0,True,0.02818150000530295
p2-321-2,4,2.0,1.0,100.0,0.005,True,22,False,True,-64.30247249500637,-64.30247249500637,True,True,0.0,True,4.569999873638153e-05,True,True,0.0,True,0.00015079998411238194,True,True,0.0,True,8.869997691363096e-05,True,True,0.0,True,0.02368220000062138
p2-322-0,4,2.0,1.0,100.0,0.01,True,25,False,True,-51.69783825079665,-51.69783825079665,True,True,0.0,True,4.129999433644116e-05,True,True,0.0,True,0.0001306000049225986,True,True,0.0,True,8.390002767555416e-05,True,True,0.0,True,0.028822699998272583
p2-322-1,4,2.0,1.0,100.0,0.01,True,22,False,False,-42.85626723450904,-42.85626723450904,True,True,0.0,False,3.969998215325177e-05,True,True,0.0,False,0.0001255999959539622,True,True,0.0,False,8.749999688006938e-05,True,True,0.0,False,0.02514270000392571
p2-322-2,4,2.0,1.0,100.0,0.01,True,19,False,True,-44.566634799108655,-44.566634799108655,True,True,0.0,True,3.530000685714185e-05,True,True,0.0,True,0.00010519998613744974,True,True,0.0,True,6.750001921318471e-05,True,True,0.0,True,0.022344500001054257
p2-323-0,4,2.0,1.0,100.0,0.02,True,27,False,True,-41.190263519080695,-41.1902635190807,True,False,1.5994575659109813,False,4.119999357499182e-05,True,False,8.612413611417708,False,0.00012099999003112316,True,True,0.0,True,0.0002505999873392284,True,True,0.0,True,0.030032600014237687
p2-323-1,4,2.0,1.0,100.0,0.02,True,26,False,False,-42.358299112439134,-42.358299112439134,True,True,0.0,False,4.4199987314641476e-05,True,True,0.0,False,0.0003595999733079225,True,True,0.0,False,0.00010919998749159276,True,True,0.0,False,0.029348199983360246
p2-323-2,4,2.0,1.0,100.0,0.02,True,23,False,True,-48.96797695897766,-48.96797695897766,True,True,0.0,True,3.920000744983554e-05,True,True,0.0,True,0.00011409999569877982,True,True,0.0,True,7.350000669248402e-05,True,True,0.0,True,0.025207600003341213
p2-324-0,5,0.0,0.8,25.0,0.005,True,51,False,False,88.59882144569912,88.59882144569912,True,False,30.019797325899603,False,5.590001819655299e-05,True,False,7.246614332253358,False,0.00013729999773204327,True,True,0.0,False,0.0002818999928422272,True,False,4.524935117587049,False,0.05657670000800863
p2-324-1,5,0.0,0.8,25.0,0.005,True,52,False,False,92.49990682793636,92.49990682793637,True,False,26.08576983598084,False,5.5800017435103655e-05,True,False,7.277871131626071,False,0.00013540001236833632,True,True,0.0,False,0.00020810001296922565,True,False,3.4989580700559912,False,0.05842899999697693
p2-324-2,5,0.0,0.8,25.0,0.005,True,54,False,True,93.45482735331161,93.45482735331161,True,False,35.02916953246644,False,6.019999273121357e-05,True,False,2.4977595257870036,False,0.00015200002235360444,True,True,0.0,True,0.0003039000148419291,True,False,5.2874447114899255,False,0.06090099998982623
p2-325-0,5,0.0,0.8,25.0,0.01,True,85,False,False,97.95575213829291,97.95575213829291,True,False,29.0102261494025,False,7.85999873187393e-05,True,False,2.8232395457640678,False,0.00017439998919144273,True,True,0.0,False,0.0005907000158913434,True,False,6.0193565298558696,False,0.09914139998727478
p2-325-1,5,0.0,0.8,25.0,0.01,True,74,False,False,102.86153101259816,102.86153101259815,True,False,34.665405483760196,False,7.700000423938036e-05,True,False,1.1520056469619249,False,0.00017079999088309705,True,True,0.0,False,0.00037280001561157405,True,False,5.014082049688383,False,0.08225979999406263
p2-325-2,5,0.0,0.8,25.0,0.01,True,5,False,True,27.0639455393662,27.0639455393662,True,False,4.692772879555797,False,2.3200002033263445e-05,True,True,0.0,True,4.5199994929134846e-05,True,True,0.0,True,4.339998122304678e-05,True,True,0.0,True,0.006521700008306652
p2-326-0,5,0.0,0.8,25.0,0.02,True,101,False,False,105.04401200002259,105.0440120000226,True,False,30.196705706861863,False,9.630000567995012e-05,True,False,0.0009461797434369146,False,0.00019419999443925917,True,True,0.0,False,0.001083599985577166,True,False,4.675189115904928,False,0.11652469998807646
p2-326-1,5,0.0,0.8,25.0,0.02,True,109,False,False,103.78614088179698,103.78614088179698,True,False,31.460233507347724,False,9.159999899566174e-05,True,False,3.5707491191330263,False,0.00019829999655485153,True,True,0.0,False,0.0021858999971300364,True,False,3.3459269574535,False,0.12817320000613108
p2-326-2,5,0.0,0.8,25.0,0.02,True,160,False,False,118.39498678524129,118.39498678524129,True,False,39.40543916679022,False,0.00013419997412711382,True,False,3.8997024777160334,False,0.00027129999944008887,True,True,0.0,False,0.0018526999920140952,True,False,11.050682001037728,False,0.19131650001509115
p2-327-0,5,0.0,0.8,50.0,0.005,True,14,False,True,74.53665590110461,74.53665590110461,True,False,14.396366133880576,False,3.3800024539232254e-05,True,False,0.9507773579101126,False,8.150000940077007e-05,True,True,0.0,True,0.00024240001221187413,True,True,0.0,True,0.015864700020756572
p2-327-1,5,0.0,0.8,50.0,0.005,True,23,False,False,82.00589338062623,82.00589338062623,True,False,26.729084207376815,False,3.99000127799809e-05,True,True,0.0,False,9.889999637380242e-05,True,True,0.0,False,0.00022599997464567423,True,True,0.0,False,0.025525999983074144
p2-327-2,5,0.0,0.8,50.0,0.005,True,26,False,True,91.21910495845765,91.21910495845765,True,False,27.41390443640742,False,4.81999886687845e-05,True,False,9.403219630402972,False,0.00010740000288933516,True,True,0.0,True,0.00022119999630376697,True,False,3.4172942122566354,False,0.029659699997864664
p2-328-0,5,0.0,0.8,50.0,0.01,True,35,False,False,84.07716390223796,84.07716390223796,True,False,21.765585063942865,False,4.7200010158121586e-05,True,False,8.098564616413157,False,0.00011039999662898481,True,True,0.0,False,0.00034729999606497586,True,False,0.3968580478564263,False,0.04000959999393672
p2-328-1,5,0.0,0.8,50.0,0.01,True,36,False,True,93.41454911890867,93.41454911890867,True,False,22.939228836663602,False,5.9200014220550656e-05,True,True,0.0,True,0.0001564999984111637,True,True,0.0,True,0.0004107000131625682,True,True,0.0,True,0.04266720000305213
p2-328-2,5,0.0,0.8,50.0,0.01,True,47,False,False,111.29093415679046,111.29093415679044,True,False,26.29827556972606,False,5.500001134350896e-05,True,False,5.692026350992791,False,0.00013599998783320189,True,True,0.0,False,0.00042470000335015357,True,False,4.716643960799189,False,0.05573519997415133
p2-329-0,5,0.0,0.8,50.0,0.02,True,69,False,True,113.36735755601043,113.36735755601043,True,False,33.183622004619,False,6.75999908708036e-05,True,True,0.0,True,0.00017030001617968082,True,True,0.0,True,0.0003278000222053379,True,False,3.540815646709504,False,0.08052389998920262
p2-329-1,5,0.0,0.8,50.0,0.02,True,75,False,False,108.00208563681672,108.00208563681672,True,False,27.327948563828002,False,7.310000364668667e-05,True,False,5.94325152249607,False,0.0001644000003580004,True,True,0.0,False,0.0006812000065110624,True,False,3.6834792151003626,False,0.08402760000899434
p2-329-2,5,0.0,0.8,50.0,0.02,True,53,False,True,98.17155571179177,98.17155571179175,True,False,25.803612473637685,False,7.670000195503235e-05,True,False,3.384806544936197,False,0.0001863999932538718,True,True,0.0,True,0.0003175000019837171,True,False,5.567415315318456,False,0.0623271000222303
p2-330-0,5,0.0,0.8,100.0,0.005,True,27,False,True,98.08418246588045,98.08418246588045,True,False,30.354427776335967,False,4.220000118948519e-05,True,False,5.012192121247381,False,0.00011409999569877982,True,True,0.0,True,0.00018759997328743339,True,False,2.1554424275047808,False,0.03234930001781322
p2-330-1,5,0.0,0.8,100.0,0.005,True,27,False,False,105.50840081063623,105.50840081063623,True,False,23.03985533714922,False,4.439998883754015e-05,True,False,4.606819219971229,False,0.00011300001642666757,True,True,0.0,False,0.0003377000102773309,True,False,1.5052666203111613,False,0.029628599993884563
p2-330-2,5,0.0,0.8,100.0,0.005,True,25,False,True,88.32279884775775,88.32279884775775,True,False,30.253245100797145,False,4.129999433644116e-05,True,True,0.0,True,0.00010810000821948051,True,True,0.0,True,0.00018080000882036984,True,False,7.57411919734885,False,0.027877299988176674
p2-331-0,5,0.0,0.8,100.0,0.01,True,29,False,True,108.79511300839458,108.79511300839457,True,False,28.778192333969898,False,7.239999831654131e-05,True,False,7.052612848155931,False,0.0001142999972216785,True,True,0.0,True,0.0001812000118661672,True,False,2.6554609587659286,False,0.03151400000206195
p2-331-1,5,0.0,0.8,100.0,0.01,True,31,False,True,113.32864379443134,113.32864379443134,True,False,34.72638869869061,False,4.4100015657022595e-05,True,False,8.492350133694202,False,0.00011839999933727086,True,True,0.0,True,0.00023230002261698246,True,False,4.805775714152176,False,0.0376414000056684
p2-331-2,5,0.0,0.8,100.0,0.01,True,21,False,True,90.24274242648302,90.242742426483,True,False,26.209607604844138,False,3.6299985367804766e-05,True,True,0.0,True,9.790001786313951e-05,True,True,0.0,True,0.0002111000067088753,True,False,3.9315676634276286,False,0.022509600006742403
p2-332-0,5,0.0,0.8,100.0,0.02,True,23,False,True,92.7199910375151,92.71999103751511,True,False,20.097971680212382,False,4.609997267834842e-05,True,False,2.683526751930387,False,0.00013040000339969993,True,True,0.0,True,0.0004246999742463231,True,False,3.701529436825709,False,0.02678000001469627
p2-332-1,5,0.0,0.8,100.0,0.02,True,20,False,True,92.82999193583456,92.82999193583456,True,False,19.783761976783254,False,4.369998350739479e-05,True,False,2.541084247380695,False,0.00012650000280700624,True,True,0.0,True,0.0002035000070463866,True,True,0.0,True,0.024739199987379834
p2-332-2,5,0.0,0.8,100.0,0.02,True,39,False,True,113.52020284709573,113.52020284709573,True,False,33.05347228861484,False,5.020000389777124e-05,True,True,0.0,True,0.00013219998800195754,True,True,0.0,True,0.00024950000806711614,True,False,7.3054271321130955,False,0.043795700010377914
p2-333-0,5,0.0,0.9,25.0,0.005,True,65,False,True,97.66383877572432,97.66383877572432,True,False,47.32103569989175,False,6.540000322274864e-05,True,False,6.01209318284387,False,0.00015619999612681568,True,True,0.0,True,0.00047729999641887844,True,False,6.398648659680461,False,0.07295910001266748
p2-333-1,5,0.0,0.9,25.0,0.005,True,82,False,False,105.69187471664759,105.69187471664759,True,False,61.599145103734486,False,7.6299998909235e-05,True,False,5.415313972674795,False,0.00018289999570697546,True,True,0.0,False,0.0002792000013869256,True,False,9.732778862939924,False,0.09459009999409318
p2-333-2,5,0.0,0.9,25.0,0.005,True,73,False,False,96.96444463360565,96.96444463360564,True,False,48.00931146520263,False,6.990000838413835e-05,True,False,4.2637404815917535,False,0.00016200001118704677,True,True,0.0,False,0.00032469999860040843,True,False,11.731041152865345,False,0.08868509999592789
p2-334-0,5,0.0,0.9,25.0,0.01,True,62,False,False,89.94495274331516,89.94495274331514,True,False,40.35407394753048,False,6.529997335746884e-05,True,False,4.6626798800183025,False,0.00014519999967887998,True,True,0.0,False,0.00038809998659417033,True,False,3.884298368864492,False,0.07397579998360015
p2-334-1,5,0.0,0.9,25.0,0.01,True,109,False,False,116.7827435156297,116.7827435156297,True,False,60.94244870064517,False,9.510002564638853e-05,True,True,0.0,False,0.00021600001491606236,True,True,0.0,False,0.0004296999832149595,True,False,6.9996107153259,False,0.1292156999988947
p2-334-2,5,0.0,0.9,25.0,0.01,True,68,False,False,103.48643076721092,103.48643076721093,True,False,50.531994371740495,False,7.320000440813601e-05,True,True,0.0,False,0.00016870000399649143,True,True,0.0,False,0.0004785000055562705,True,False,7.947887411040611,False,0.08442689999355935
p2-335-0,5,0.0,0.9,25.0,0.02,True,178,False,False,123.57720356316148,123.57720356316148,True,False,64.50587554087676,False,0.00015310000162571669,True,False,4.756469071124258,False,0.00030769998556934297,True,True,0.0,False,0.0132632999739144,True,False,15.441315319254585,False,0.21650069998577237
p2-335-1,5,0.0,0.9,25.0,0.02,True,172,False,False,127.56917321012605,127.56917321012605,True,False,60.525126183787165,False,0.0001652000064495951,True,False,8.958729878783117,False,0.00037579998024739325,True,True,0.0,False,0.0013055000163149089,True,False,13.764430648324492,False,0.21937630002503283
p2-335-2,5,0.0,0.9,25.0,0.02,True,198,False,False,123.2139076997855,123.2139076997855,True,False,64.89985396751419,False,0.0001947999990079552,True,False,5.125346782570887,False,0.0004104000108782202,True,True,0.0,False,0.0016177000070456415,True,False,10.611123664364186,False,0.2579312000016216
p2-336-0,5,0.0,0.9,50.0,0.005,True,22,False,True,83.06153848907813,83.06153848907812,True,False,39.6911949122571,False,7.750000804662704e-05,True,True,0.0,True,0.0002038000093307346,True,True,0.0,True,0.0002601000014692545,True,False,6.2066981463762545,False,0.037092599988682196
p2-336-1,5,0.0,0.9,50.0,0.005,True,21,False,True,83.09298518814289,83.09298518814289,True,False,39.59533903417754,False,7.700000423938036e-05,True,True,0.0,True,0.00019520000205375254,True,True,0.0,True,0.00021130000823177397,True,False,6.0931022892564215,False,0.03415570000652224
p2-336-2,5,0.0,0.9,50.0,0.005,True,32,False,True,102.27689047971015,102.27689047971016,True,False,53.834234559601526,False,6.660001236014068e-05,True,True,0.0,True,0.0001472999865654856,True,True,0.0,True,0.00018740000086836517,True,False,11.580242297185947,False,0.03452290000859648
p2-337-0,5,0.0,0.9,50.0,0.01,True,32,False,True,105.97563269179186,105.97563269179186,True,False,48.13475051094737,False,4.39999857917428e-05,True,False,4.169823164607024,False,0.0001134999911300838,True,True,0.0,True,0.00019400002202019095,True,False,6.400210646421968,False,0.034224200004246086
p2-337-1,5,0.0,0.9,50.0,0.01,True,33,False,True,100.32722127055284,100.32722127055285,True,False,41.78202080535446,False,4.6900007873773575e-05,True,False,4.604994404446202,False,0.00012760001118294895,True,True,0.0,True,0.0002750999992713332,True,False,2.1507860232133282,False,0.0355005000019446
p2-337-2,5,0.0,0.9,50.0,0.01,True,54,False,False,107.0242353085661,107.0242353085661,True,False,46.91049806824698,False,6.140000186860561e-05,True,False,3.8110637790520343,False,0.00013819997548125684,True,True,0.0,False,0.0004039999912492931,True,False,9.109600863782433,False,0.059387699991930276
p2-338-0,5,0.0,0.9,50.0,0.02,True,72,False,True,115.82143407152202,115.82143407152203,True,False,47.299217136506684,False,8.439997327513993e-05,True,False,3.8775663505378475,False,0.00018199998885393143,True,True,0.0,True,0.00034100000630132854,True,False,6.744009817425479,False,0.07691490001161583
p2-338-1,5,0.0,0.9,50.0,0.02,True,85,False,False,121.91195942119113,121.91195942119113,True,False,53.63080134379486,False,7.82000133767724e-05,True,False,7.977952412272188,False,0.00017869999282993376,True,True,0.0,False,0.0002969999914057553,True,False,10.415668396665794,False,0.09360100000048988
p2-338-2,5,0.0,0.9,50.0,0.02,True,87,False,True,120.83077793823742,120.83077793823742,True,False,54.72633558437724,False,8.490000618621707e-05,True,False,4.402070793172399,False,0.00018419997650198638,True,True,0.0,True,0.0002961000136565417,True,False,13.139103690498473,False,0.09647129999939352
p2-339-0,5,0.0,0.9,100.0,0.005,True,23,False,True,95.7222651003666,95.7222651003666,True,False,38.132387530129876,False,4.569999873638153e-05,True,False,8.130962920580188,False,0.00011650001397356391,True,True,0.0,True,0.0001188000023830682,True,True,0.0,True,0.025309799995739013
p2-339-1,5,0.0,0.9,100.0,0.005,True,27,False,True,95.87465605462262,95.87465605462262,True,False,49.13951682739088,False,4.090002039447427e-05,True,False,4.438224594430238,False,0.00011419999646022916,True,True,0.0,True,0.00012620000052265823,True,False,9.714778290611747,False,0.028883199993288144
p2-339-2,5,0.0,0.9,100.0,0.005,True,27,False,True,95.23546597193824,95.23546597193825,True,False,49.77615042198316,False,4.010001430287957e-05,True,True,0.0,True,0.00010689999908208847,True,True,0.0,True,0.0001255999959539622,True,False,5.931721822414673,False,0.029450800007907674
p2-340-0,5,0.0,0.9,100.0,0.01,True,27,False,True,104.55448998264589,104.55448998264589,True,False,49.53279891674623,False,4.449998959898949e-05,True,True,0.0,True,0.00011399999493733048,True,True,0.0,True,0.00012770001194439828,True,False,5.828162810511813,False,0.028983600001083687
p2-340-1,5,0.0,0.9,100.0,0.01,True,31,False,True,111.0393478709674,111.03934787096739,True,False,54.80547027228697,False,4.320000880397856e-05,True,False,4.472552597898783,False,0.00011940000695176423,True,True,0.0,True,0.0001900999923236668,True,False,4.472552597898783,False,0.03533730001072399
p2-340-2,5,0.0,0.9,100.0,0.01,True,32,False,True,113.50271696272839,113.50271696272839,True,False,52.360146403624896,False,4.7200010158121586e-05,True,False,6.671462931506838,False,0.00012500002048909664,True,True,0.0,True,0.00019300001440569758,True,True,0.0,True,0.03485930000897497
p2-341-0,5,0.0,0.9,100.0,0.02,True,49,False,True,120.32883408818813,120.32883408818813,True,False,55.129192228921056,False,5.6899996707215905e-05,True,False,4.551763201600281,False,0.00013649999164044857,True,True,0.0,True,0.00020640000002458692,True,False,13.211067095832675,False,0.053735699999378994
p2-341-1,5,0.0,0.9,100.0,0.02,True,21,False,True,95.1140475613008,95.11404756130081,True,False,30.078668932927386,False,3.950000973418355e-05,True,True,0.0,True,0.00010409997776150703,True,True,0.0,True,0.0001703999878372997,True,False,4.762166162860595,False,0.022824500018032268
p2-341-2,5,0.0,0.9,100.0,0.02,True,45,False,True,126.25296432609494,126.25296432609495,True,False,61.85511665941479,False,5.299999611452222e-05,True,True,0.0,True,0.00013530001160688698,True,True,0.0,True,0.0002604999754112214,True,False,6.114203771287293,False,0.04875099999480881
p2-342-0,5,0.0,1.0,25.0,0.005,True,28,False,True,105.0515244708688,105.0515244708688,False,False,,False,3.7999998312443495e-05,False,False,,False,0.0001170000177808106,True,True,0.0,True,0.00016450000111944973,True,True,0.0,True,0.03281609999248758
p2-342-1,5,0.0,1.0,25.0,0.005,False,26,False,False,,,False,False,,False,,False,False,,False,,False,False,,False,,False,False,,False,
p2-342-2,5,0.0,1.0,25.0,0.005,True,18,False,True,106.3051711231218,106.3051711231218,False,False,,False,3.23000131174922e-05,False,False,,False,0.0001078000059351325,True,True,0.0,True,0.00013109997962601483,True,True,0.0,True,0.019222900009481236
p2-343-0,5,0.0,1.0,25.0,0.01,True,48,False,False,115.85448379303058,115.8544837930306,True,False,0.5485898527355033,False,6.160000339150429e-05,True,False,0.5485898527355033,False,0.00017319998005405068,True,True,0.0,False,0.000294400000711903,True,False,0.19288731387804603,False,0.07143820001510903
p2-343-1,5,0.0,1.0,25.0,0.01,True,63,False,False,114.67153494700263,114.67153494700263,True,False,1.7612539028133085,False,6.849999772384763e-05,True,False,1.7612539028133085,False,0.00016110000433400273,True,True,0.0,False,0.00019520000205375254,True,False,1.1629622286122725,False,0.06859539999277331
p2-343-2,5,0.0,1.0,25.0,0.01,True,51,False,False,116.16667935710873,116.16667935710873,False,False,,False,4.689997876994312e-05,False,False,,False,0.00013989998842589557,True,True,0.0,False,0.00018220001948066056,True,True,0.0,False,0.05431110001518391
p2-344-0,5,0.0,1.0,25.0,0.02,True,97,False,False,125.22830174052518,125.22830174052518,False,False,,False,8.009999874047935e-05,False,False,,False,0.00020490001770667732,True,True,0.0,False,0.0002674999996088445,True,False,5.971399095240656,False,0.11069490000954829
p2-344-1,5,0.0,1.0,25.0,0.02,True,94,False,True,122.89914563918683,122.89914563918683,False,False,,False,7.720000576227903e-05,False,False,,False,0.00020030001178383827,True,True,0.0,True,9.899999713525176e-05,True,False,3.90324216755954,False,0.103010799997719
p2-344-2,5,0.0,1.0,25.0,0.02,True,100,False,False,120.077340268778,120.077340268778,True,True,0.0,False,8.379999781027436e-05,True,True,0.0,False,0.00020150002092123032,True,True,0.0,False,0.00017019998631440103,True,False,0.6888702980536578,False,0.11054950000834651
p2-345-0,5,0.0,1.0,50.0,0.005,True,5,False,True,109.71454424533223,109.71454424533223,True,True,0.0,True,2.5300018023699522e-05,True,True,0.0,True,9.560000034980476e-05,True,True,0.0,True,6.019999273121357e-05,True,True,0.0,True,0.005500400002347305
p2-345-1,5,0.0,1.0,50.0,0.005,True,6,False,True,104.65739100007646,104.65739100007646,True,True,0.0,True,2.5200017262250185e-05,True,True,0.0,True,8.950001210905612e-05,True,True,0.0,True,5.539998528547585e-05,True,True,0.0,True,0.0065713000076357275
p2-345-2,5,0.0,1.0,50.0,0.005,True,10,False,True,106.63315154449366,106.63315154449366,False,False,,False,2.379997749812901e-05,False,False,,False,9.469999349676073e-05,True,True,0.0,True,0.00011890000314451754,True,True,0.0,True,0.010838699992746115
p2-346-0,5,0.0,1.0,50.0,0.01,False,13,False,False,,,False,False,,False,,False,False,,False,,False,False,,False,,False,False,,False,
p2-346-1,5,0.0,1.0,50.0,0.01,True,16,False,False,122.95455284503683,122.95455284503683,True,True,0.0,False,4.1099992813542485e-05,True,True,0.0,False,9.940000018104911e-05,True,True,0.0,False,0.00010909998673014343,True,True,0.0,False,0.017602200008695945
p2-346-2,5,0.0,1.0,50.0,0.01,True,15,False,True,114.94304562827826,114.94304562827826,True,True,0.0,True,3.070000093430281e-05,True,True,0.0,True,9.710001177154481e-05,True,True,0.0,True,6.0999998822808266e-05,True,True,0.0,True,0.01606950000859797
p2-347-0,5,0.0,1.0,50.0,0.02,True,33,False,False,126.16688739227776,126.16688739227776,True,True,0.0,False,4.329998046159744e-05,True,True,0.0,False,0.00012569999671541154,True,True,0.0,False,7.160002132877707e-05,True,True,0.0,False,0.034914699994260445
p2-347-1,5,0.0,1.0,50.0,0.02,True,34,False,True,126.8155195276563,126.8155195276563,True,True,0.0,True,4.640000406652689e-05,True,True,0.0,True,0.00012879999121651053,True,True,0.0,True,7.080001523718238e-05,True,False,2.7811537043359635,False,0.038430600019637495
p2-347-2,5,0.0,1.0,50.0,0.02,True,40,False,True,131.7337397757691,131.7337397757691,False,False,,False,7.120001828297973e-05,False,False,,False,0.0002043000131379813,True,True,0.0,True,0.00036040000850334764,True,True,0.0,True,0.04530900000827387
p2-348-0,5,0.0,1.0,100.0,0.005,False,4,False,False,,,False,False,,False,,False,False,,False,,False,False,,False,,False,False,,False,
p2-348-1,5,0.0,1.0,100.0,0.005,True,5,False,True,106.87401086066079,106.87401086066079,True,True,0.0,True,2.4500011932104826e-05,True,True,0.0,True,8.519997936673462e-05,True,True,0.0,True,5.6899996707215905e-05,True,True,0.0,True,0.005429200013168156
p2-348-2,5,0.0,1.0,100.0,0.005,False,4,False,False,,,False,False,,False,,False,False,,False,,False,False,,False,,False,False,,False,
p2-349-0,5,0.0,1.0,100.0,0.01,True,5,False,True,113.36530690837749,113.36530690837749,True,True,0.0,True,2.269999822601676e-05,True,True,0.0,True,8.510000770911574e-05,True,True,0.0,True,5.3499999921768904e-05,True,True,0.0,True,0.005379099980928004
p2-349-1,5,0.0,1.0,100.0,0.01,True,5,False,True,118.73009739874308,118.73009739874307,True,True,0.0,True,2.1599989850074053e-05,True,True,0.0,True,8.659999002702534e-05,True,True,0.0,True,5.329999839887023e-05,True,True,0.0,True,0.00542119998135604
p2-349-2,5,0.0,1.0,100.0,0.01,True,5,False,True,119.28573297043386,119.28573297043386,True,True,0.0,True,2.1899992134422064e-05,True,True,0.0,True,8.530000923201442e-05,True,True,0.0,True,5.219999002292752e-05,True,True,0.0,True,0.005409900011727586
p2-350-0,5,0.0,1.0,100.0,0.02,True,18,False,True,121.76731597086396,121.76731597086398,True,False,1.5413012367063743,False,3.5600009141489863e-05,True,False,1.5413012367063743,False,0.00010720000136643648,True,True,0.0,True,6.600000779144466e-05,True,True,0.0,True,0.019260100001702085
p2-350-1,5,0.0,1.0,100.0,0.02,False,8,False,False,,,False,False,,False,,False,False,,False,,False,False,,False,,False,False,,False,
p2-350-2,5,0.0,1.0,100.0,0.02,True,12,False,True,124.36146770114696,124.36146770114698,True,True,0.0,True,2.920001861639321e-05,True,True,0.0,True,9.470002260059118e-05,True,True,0.0,True,5.930001498199999e-05,True,True,0.0,True,0.012960699998075143
p2-351-0,5,0.5,0.8,25.0,0.005,True,29,False,False,-54.08034880453446,-54.08034880453447,True,False,0.7018429066747913,True,4.119999357499182e-05,True,False,8.58726944770266,False,0.00011019999510608613,True,True,0.0,False,0.00018489998183213174,True,True,0.0,False,0.03201159997843206
p2-351-1,5,0.5,0.8,25.0,0.005,True,59,False,True,-75.20055316067435,-75.20055316067435,True,True,0.0,True,6.44999963697046e-05,True,False,3.1411192517442146,False,0.00015129998791962862,True,True,0.0,True,0.00035659997956827283,True,False,4.34421261556237,False,0.06414309999672696
p2-351-2,5,0.5,0.8,25.0,0.005,True,57,False,True,-71.65164215387078,-71.65164215387077,True,True,0.0,True,6.120000034570694e-05,True,False,2.6990075222799845,False,0.000145500001963228,True,True,0.0,True,0.0004994999908376485,True,False,4.609856340032664,False,0.06434149999404326
p2-352-0,5,0.5,0.8,25.0,0.01,True,89,False,True,-61.96490079540109,-61.96490079540109,True,True,0.0,True,8.72999953571707e-05,True,False,8.396646525024174,False,0.0002009000163525343,True,True,0.0,True,0.0007525999972131103,True,False,6.779232331719612,False,0.09909060000791214
p2-352-1,5,0.5,0.8,25.0,0.01,True,83,False,False,-74.39912641517707,-74.39912641517707,True,True,0.0,False,7.71000050008297e-05,True,False,2.0530408869545482,False,0.00019459999748505652,True,True,0.0,False,0.0003753999772015959,True,False,5.7759559581539435,False,0.09177629998885095
p2-352-2,5,0.5,0.8,25.0,0.01,True,72,False,False,-76.13027792383642,-76.13027792383642,True,False,3.203549078663798,False,7.85999873187393e-05,True,False,2.7206847875261246,False,0.00018400000408291817,True,True,0.0,False,0.0007020000193733722,True,False,1.7568737159485863,False,0.0784814000071492
p2-353-0,5,0.5,0.8,25.0,0.02,True,90,False,False,-54.807113074255675,-54.80711307425567,True,False,0.2203400669210751,False,7.899999036453664e-05,True,False,2.0651006150392917,False,0.0001841000048443675,True,True,0.0,False,0.0010288000048603863,True,False,4.745087122549371,False,0.10185260002617724
p2-353-1,5,0.5,0.8,25.0,0.02,True,121,False,False,-53.56672305843235,-53.56672305843235,True,False,3.7740836390856103,False,0.00010770000517368317,True,False,4.570418478303374,False,0.00022339998395182192,True,True,0.0,False,0.0009204999951180071,True,False,4.842275876656402,False,0.1386019000201486
p2-353-2,5,0.5,0.8,25.0,0.02,True,87,False,False,-48.451212803860166,-48.45121280386016,True,False,4.957853409574362,False,8.679999154992402e-05,True,True,0.0,False,0.00018599999020807445,True,True,0.0,False,0.0010111999872606248,True,False,5.707584420435651,False,0.1002779999980703
p2-354-0,5,0.5,0.8,50.0,0.005,True,29,False,True,-79.76732995329186,-79.76732995329186,True,True,0.0,True,4.5199994929134846e-05,True,False,4.42209258571836,False,0.00013470000703819096,True,True,0.0,True,0.0003155999875161797,True,True,0.0,True,0.031188099994324148
p2-354-1,5,0.5,0.8,50.0,0.005,True,35,False,True,-94.65509059217518,-94.65509059217518,True,True,0.0,True,4.449998959898949e-05,True,True,0.0,True,0.0001303000026382506,True,True,0.0,True,0.0002023999986704439,True,True,0.0,True,0.043700599984731525
p2-354-2,5,0.5,0.8,50.0,0.005,True,26,False,True,-60.858155990346546,-60.85815599034654,True,True,0.0,True,4.4400017941370606e-05,True,False,4.8420471271325525,False,0.00011210000957362354,True,True,0.0,True,0.00022069999249652028,True,True,0.0,True,0.0284821999957785
p2-355-0,5,0.5,0.8,50.0,0.01,True,38,False,False,-56.352546452485996,-56.352546452485996,True,False,3.365748614835965,False,4.6900007873773575e-05,True,False,7.360357116480223,False,0.00011820002691820264,True,True,0.0,False,0.00024160000612027943,True,False,2.934804954877066,False,0.04483949998393655
p2-355-1,5,0.5,0.8,50.0,0.01,True,48,False,False,-71.50207171155154,-71.50207171155154,True,True,0.0,False,5.7600002037361264e-05,True,True,0.0,False,0.00014069999451749027,True,True,0.0,False,0.0002654999843798578,True,False,5.6282756878324705,False,0.05212689997279085
p2-355-2,5,0.5,0.8,50.0,0.01,True,53,False,True,-78.36425835737035,-78.36425835737035,True,True,0.0,True,7.450001430697739e-05,True,False,2.742413220175223,False,0.00021299999207258224,True,True,0.0,True,0.00048729998525232077,True,False,7.355543169847564,False,0.07299729998339899
p2-356-0,5,0.5,0.8,50.0,0.02,True,95,False,False,-63.76282716792536,-63.762827167925366,True,False,1.1723371998585534,False,9.71999834291637e-05,True,False,3.8789910314060947,False,0.0002114000089932233,True,True,0.0,False,0.0007649000035598874,True,False,5.125971002953186,False,0.12014859999180771
p2-356-1,5,0.5,0.8,50.0,0.02,True,27,False,False,-33.686805111687214,-33.68680511168722,True,False,0.9501770538111245,False,5.529998452402651e-05,True,False,1.0372418407860096,False,0.00014940000255592167,True,True,0.0,False,0.0011409999860916287,True,True,0.0,False,0.034199299989268184
p2-356-2,5,0.5,0.8,50.0,0.02,True,116,False,False,-68.18193455700211,-68.18193455700212,True,True,0.0,False,0.00011249998351559043,True,True,0.0,False,0.0002159999858122319,True,True,0.0,False,0.00033939999411813915,True,False,7.613411852861134,False,0.14432720001786947
p2-357-0,5,0.5,0.8,100.0,0.005,True,28,False,True,-80.32912270198042,-80.32912270198042,True,True,0.0,True,4.509999416768551e-05,True,False,1.8441422113770471,False,0.00013440000475384295,True,True,0.0,True,0.0002497000095900148,True,True,0.0,True,0.03162829999928363
p2-357-1,5,0.5,0.8,100.0,0.005,True,33,False,True,-93.12852210149846,-93.12852210149846,True,True,0.0,True,4.999997327104211e-05,True,False,6.00635874512696,False,0.00012879999121651053,True,True,0.0,True,0.00021739999647252262,True,True,0.0,True,0.03679420001571998
p2-357-2,5,0.5,0.8,100.0,0.005,True,20,False,False,-71.64734019230674,-71.64734019230674,True,True,0.0,False,4.9299997044727206e-05,True,True,0.0,False,0.00015020000864751637,True,True,0.0,False,0.00030360001255758107,True,True,0.0,False,0.024008200009120628
p2-358-0,5,0.5,0.8,100.0,0.01,True,22,False,True,-59.24399956790176,-59.24399956790176,True,True,0.0,True,4.0399987483397126e-05,True,False,4.126313065053239,False,0.00010879998444579542,True,True,0.0,True,0.00022899999748915434,True,True,0.0,True,0.02665580000029877
p2-358-1,5,0.5,0.8,100.0,0.01,True,29,False,True,-75.30897419682861,-75.30897419682861,True,True,0.0,True,4.439998883754015e-05,True,False,3.3220577595970298,False,0.00013040000339969993,True,True,0.0,True,0.0003166000242345035,True,True,0.0,True,0.03689190000295639
p2-358-2,5,0.5,0.8,100.0,0.01,True,26,False,False,-73.2802582103875,-73.2802582103875,True,True,0.0,False,4.549999721348286e-05,True,True,0.0,False,0.00012080001761205494,True,True,0.0,False,0.00025969999842345715,True,True,0.0,False,0.03422949998639524
p2-359-0,5,0.5,0.8,100.0,0.02,True,32,False,False,-51.5917232012043,-51.591723201204296,True,False,0.6119377740750309,False,4.439998883754015e-05,True,False,5.150432103040686,False,0.00011319998884573579,True,True,0.0,False,0.0003533000126481056,True,True,0.0,False,0.03515129999141209
p2-359-1,5,0.5,0.8,100.0,0.02,True,38,False,False,-67.04969196199747,-67.04969196199747,True,False,1.8530315361133916,True,5.2799994591623545e-05,True,False,2.902076476411395,False,0.0001585999852977693,True,True,0.0,False,0.0002486000012140721,True,False,3.265509069191154,False,0.042571900004986674
p2-359-2,5,0.5,0.8,100.0,0.02,True,31,False,True,-60.72013775773948,-60.72013775773948,True,False,3.1678569967188466,False,5.01000031363219e-05,True,False,3.573461472954186,False,0.00012729997979477048,True,True,0.0,True,0.00019189997692592442,True,True,0.0,True,0.034200800000689924
p2-360-0,5,0.5,0.9,25.0,0.005,True,98,False,True,-94.94200502083297,-94.94200502083297,True,False,5.674283987065763,False,9.020001743920147e-05,True,False,5.674283987065763,False,0.00022310001077130437,True,True,0.0,True,0.0007218999962788075,True,False,8.415771953023011,False,0.12312129998463206
p2-360-1,5,0.5,0.9,25.0,0.005,True,53,False,False,-82.45401991273883,-82.45401991273884,True,True,0.0,False,6.2700011767447e-05,True,False,8.290331458763475,False,0.0001587000151630491,True,True,0.0,False,0.0002735000161919743,True,False,2.894882393721275,False,0.06677730000228621
p2-360-2,5,0.5,0.9,25.0,0.005,True,49,False,True,-82.9299767147732,-82.9299767147732,True,True,0.0,True,7.199999527074397e-05,True,True,0.0,True,0.00019610000890679657,True,True,0.0,True,0.00034429997322149575,True,True,0.0,True,0.057590699987486005
p2-361-0,5,0.5,0.9,25.0,0.01,True,64,False,False,-57.97842105901956,-57.97842105901956,True,False,5.583740654936257,False,8.58000130392611e-05,True,False,5.583740654936257,False,0.00021090000518597662,True,True,0.0,False,0.0005660000024363399,True,False,0.5282039433450834,False,0.08275810000486672
p2-361-1,5,0.5,0.9,25.0,0.01,True,95,False,False,-67.14694543324988,-67.14694543324987,True,False,6.425260621276713,False,8.87999776750803e-05,True,False,6.425260621276713,False,0.0001970999874174595,True,True,0.0,False,0.0013361000164877623,True,False,3.1825069188449504,False,0.12001990000135265
p2-361-2,5,0.5,0.9,25.0,0.01,True,116,False,False,-81.41483695879516,-81.41483695879518,True,False,4.771120799832758,False,0.0001365999924018979,True,False,0.2368941546998542,False,0.0003182999789714813,True,True,0.0,False,0.0010217000090051442,True,False,2.9641180180042426,False,0.14902459998847917
p2-362-0,5,0.5,0.9,25.0,0.02,True,143,False,False,-59.65948206126713,-59.65948206126712,True,False,3.4704756589520898,False,0.0001469000126235187,True,True,0.0,False,0.0003488999791443348,True,True,0.0,False,0.0021997999865561724,True,False,3.7002260141216254,False,0.19232030000421219
p2-362-1,5,0.5,0.9,25.0,0.02,True,117,False,False,-61.43340496911519,-61.43340496911519,True,False,0.3652306204231692,False,9.630000567995012e-05,True,False,0.3652306204231692,False,0.00022009998792782426,True,True,0.0,False,0.00061779998941347,True,False,5.312198408900535,False,0.13956079998752102
p2-362-2,5,0.5,0.9,25.0,0.02,True,223,False,False,-72.0221002941548,-72.02210029415478,True,False,3.8269724753746743,False,0.00026359999901615083,True,False,0.9511055425945045,False,0.00047489997814409435,True,True,1.4210854715202004e-14,False,0.0027089999930467457,True,False,7.193885408211315,False,0.2837652000016533
p2-363-0,5,0.5,0.9,50.0,0.005,True,40,False,True,-81.23185839676249,-81.23185839676249,True,True,0.0,True,5.129998316988349e-05,True,True,0.0,True,0.00014200000441633165,True,True,0.0,True,0.00025630000163801014,True,False,5.321809396712169,False,0.045777999999700114
p2-363-1,5,0.5,0.9,50.0,0.005,True,47,False,True,-95.95349076444137,-95.95349076444137,True,True,0.0,True,5.789997521787882e-05,True,False,2.338183606713386,False,0.00015470001380890608,True,True,0.0,True,0.0003026000049430877,True,False,4.854798635316129,False,0.0527699000085704
p2-363-2,5,0.5,0.9,50.0,0.005,True,36,False,True,-79.73733821500944,-79.73733821500944,True,True,0.0,True,4.8200017772614956e-05,True,True,0.0,True,0.00012879999121651053,True,True,0.0,True,0.00020509999012574553,True,True,0.0,True,0.04088680000859313
p2-364-0,5,0.5,0.9,50.0,0.01,True,36,False,True,-57.24803996267235,-57.24803996267236,True,True,0.0,True,4.830001853406429e-05,True,True,0.0,True,0.00012170002446509898,True,True,0.0,True,0.00019760002032853663,True,True,0.0,True,0.041807400004472584
p2-364-1,5,0.5,0.9,50.0,0.01,True,54,False,True,-76.03421420739397,-76.03421420739397,True,True,0.0,True,7.599999662488699e-05,True,True,0.0,True,0.0001500000071246177,True,True,0.0,True,0.00021509997895918787,True,False,5.4832517939739915,False,0.06341299999621697
p2-364-2,5,0.5,0.9,50.0,0.01,True,49,False,True,-62.61930379584601,-62.619303795846,True,False,3.34488579775401,False,5.77000027988106e-05,True,True,0.0,True,0.00014420002116821706,True,True,0.0,True,0.00030330001027323306,True,False,3.34488579775401,False,0.05468570001539774
p2-365-0,5,0.5,0.9,50.0,0.02,True,84,False,False,-68.37754650774886,-68.37754650774887,True,False,2.108176851258307,False,7.989999721758068e-05,True,True,0.0,False,0.00019339998834766448,True,True,0.0,False,0.0005360000068321824,True,False,7.007664453651451,False,0.0974702000094112
p2-365-1,5,0.5,0.9,50.0,0.02,True,62,False,False,-52.009685684825364,-52.009685684825364,True,False,0.031476639003393814,False,6.19000056758523e-05,True,False,0.031476639003393814,False,0.0001545000122860074,True,True,0.0,False,0.0008826999983284622,True,False,0.5241296498181427,False,0.0700141999986954
p2-365-2,5,0.5,0.9,50.0,0.02,True,65,False,True,-67.10620438613257,-67.10620438613257,True,True,0.0,True,6.520000169984996e-05,True,True,0.0,True,0.00016090000281110406,True,True,0.0,True,0.00022020001779310405,True,False,10.3182708067514,False,0.0731701000186149
p2-366-0,5,0.5,0.9,100.0,0.005,True,35,False,True,-93.10685485448253,-93.10685485448255,True,True,0.0,True,4.469999112188816e-05,True,False,8.924996861243457,False,0.0001227000029757619,True,True,0.0,True,0.00018539998563937843,True,True,0.0,True,0.040319799998542294
p2-366-1,5,0.5,0.9,100.0,0.005,True,31,False,True,-87.34658250696194,-87.34658250696194,True,True,0.0,True,4.4599990360438824e-05,True,False,4.519460058829452,False,0.0001280000142287463,True,True,0.0,True,0.00022419999004341662,True,True,0.0,True,0.03748060000361875
p2-366-2,5,0.5,0.9,100.0,0.005,True,31,False,False,-80.64939366184944,-80.64939366184944,True,False,0.6721652748604185,False,4.67000063508749e-05,True,True,0.0,False,0.00011970000923611224,True,True,0.0,False,0.00045620001037605107,True,True,0.0,False,0.036335799988592044
p2-367-0,5,0.5,0.9,100.0,0.01,True,33,False,True,-78.97577175730703,-78.97577175730703,True,True,0.0,True,4.740001168102026e-05,True,False,4.283520447845262,False,0.00012909999350085855,True,True,0.0,True,0.000215600011870265,True,True,0.0,True,0.03676440002163872
p2-367-1,5,0.5,0.9,100.0,0.01,True,27,False,True,-73.82490985530052,-73.82490985530052,True,True,0.0,True,5.989999044686556e-05,True,True,0.0,True,0.0001571000029798597,True,True,0.0,True,0.00022899999748915434,True,True,0.0,True,0.029702900006668642
p2-367-2,5,0.5,0.9,100.0,0.01,True,28,False,True,-71.61801154211317,-71.61801154211315,True,True,0.0,True,4.220000118948519e-05,True,False,4.4070225051610095,False,0.00011860000086016953,True,True,0.0,True,0.00018000000272877514,True,True,0.0,True,0.03188580001005903
p2-368-0,5,0.5,0.9,100.0,0.02,True,39,False,False,-56.146622735204204,-56.146622735204204,True,True,0.0,False,5.950001650489867e-05,True,True,0.0,False,0.0001742000167723745,True,True,0.0,False,0.00032640001154504716,True,True,0.0,False,0.04443499998888001
p2-368-1,5,0.5,0.9,100.0,0.02,True,53,False,True,-75.01339243793801,-75.013392437938,True,True,0.0,True,6.059999577701092e-05,True,False,3.207458983871973,False,0.00016339999274350703,True,True,0.0,True,0.00021359999664127827,True,False,12.726013873811048,False,0.05863000001409091
p2-368-2,5,0.5,0.9,100.0,0.02,True,47,False,False,-68.12491708101133,-68.12491708101135,True,False,2.3512428996264703,True,5.5199983762577176e-05,True,False,4.3235746350786854,False,0.0001548999862279743,True,True,0.0,False,0.00020969999604858458,True,False,5.503750419128451,False,0.05269209999823943
p2-369-0,5,0.5,1.0,25.0,0.005,True,40,False,True,-91.64779878765961,-91.64779878765962,True,True,0.0,True,9.660000796429813e-05,True,True,0.0,True,0.00019770002108998597,True,True,0.0,True,0.00010810000821948051,True,True,0.0,True,0.048241899989079684
p2-369-1,5,0.5,1.0,25.0,0.005,True,51,False,True,-89.75782770949402,-89.75782770949402,True,False,1.1064132087830814,False,5.7600002037361264e-05,True,False,1.1064132087830814,False,0.00014769998961128294,True,True,0.0,True,9.71999834291637e-05,True,True,0.0,True,0.06119800001033582
p2-369-2,5,0.5,1.0,25.0,0.005,True,41,False,True,-88.70769884869948,-88.70769884869947,True,True,0.0,True,6.0999998822808266e-05,True,True,0.0,True,0.00019210000755265355,True,True,0.0,True,0.0001286999904550612,True,True,0.0,True,0.04876229999354109
p2-370-0,5,0.5,1.0,25.0,0.01,True,66,False,True,-81.11886442027651,-81.11886442027651,True,False,1.489771250252602,False,7.759997970424592e-05,True,False,1.489771250252602,False,0.00017869999282993376,True,True,0.0,True,0.0003665999975055456,True,True,0.0,True,0.07724000001326203
p2-370-1,5,0.5,1.0,25.0,0.01,True,64,False,False,-80.09659736460745,-80.09659736460743,True,False,16.751141243006685,False,6.650001159869134e-05,True,False,16.751141243006685,False,0.00016690001939423382,True,True,0.0,False,9.390001650899649e-05,True,False,1.444891530066414,False,0.07615410001017153
p2-370-2,5,0.5,1.0,25.0,0.01,True,70,False,False,-79.01740041853634,-79.01740041853634,True,True,0.0,False,6.9500005338341e-05,True,True,0.0,False,0.0001750999945215881,True,True,0.0,False,0.0005133000086061656,True,False,0.6123843196665177,True,0.08152720000362024
p2-371-0,5,0.5,1.0,25.0,0.02,True,134,False,False,-66.81905776394822,-66.81905776394822,True,False,11.299739410754555,False,0.00011550000635907054,True,False,11.299739410754555,False,0.00027889999910257757,False,False,,False,0.00011180000728927553,True,False,2.056098902795739,False,0.17415450001135468
p2-371-1,5,0.5,1.0,25.0,0.02,True,92,False,False,-65.53878433631002,-65.53878433631002,True,False,9.877263533509463,False,0.00011669998639263213,True,False,9.877263533509463,False,0.00030610000248998404,True,True,0.0,False,0.0009671000007074326,True,False,7.375990000989994,False,0.12078940001083538
p2-371-2,5,0.5,1.0,25.0,0.02,True,125,False,False,-69.76211760880095,-69.76211760880095,True,False,11.235018788718968,False,0.00014260000898502767,True,False,11.235018788718968,False,0.0003397999971639365,True,True,0.0,False,0.0010825000063050538,True,False,1.8214148315498022,False,0.15452360000927
p2-372-0,5,0.5,1.0,50.0,0.005,True,21,False,True,-89.06008911328057,-89.06008911328058,True,True,0.0,True,3.8700003642588854e-05,True,True,0.0,True,0.00010919998749159276,True,True,0.0,True,7.049998384900391e-05,True,True,0.0,True,0.02367160000721924
p2-372-1,5,0.5,1.0,50.0,0.005,True,23,False,True,-88.3169531538436,-88.3169531538436,True,True,0.0,True,4.339998122304678e-05,True,True,0.0,True,0.00011240001185797155,True,True,0.0,True,7.499998901039362e-05,True,True,0.0,True,0.02474870000150986
p2-372-2,5,0.5,1.0,50.0,0.005,True,23,False,True,-94.32317806347334,-94.32317806347334,True,True,0.0,True,7.079998613335192e-05,True,True,0.0,True,0.00017749998369254172,True,True,0.0,True,0.00010340000153519213,True,True,0.0,True,0.02646579997963272
p2-373-0,5,0.5,1.0,50.0,0.01,True,35,False,True,-77.43943894048655,-77.43943894048655,True,False,11.620751167527473,False,4.730001091957092e-05,True,False,11.620751167527473,False,0.0001331999956164509,True,True,0.0,True,0.0002975999959744513,True,True,0.0,True,0.03746679998585023
p2-373-1,5,0.5,1.0,50.0,0.01,True,35,False,True,-85.83800675738706,-85.83800675738706,True,True,0.0,True,4.7200010158121586e-05,True,True,0.0,True,0.0001412999990861863,True,True,0.0,True,8.709999383427203e-05,True,True,0.0,True,0.04043009999440983
p2-373-2,5,0.5,1.0,50.0,0.01,True,26,False,False,-49.06238097664324,-49.06238097664324,True,True,0.0,False,4.260000423528254e-05,True,True,0.0,False,0.00012539999443106353,True,True,0.0,False,8.179998258128762e-05,True,True,0.0,False,0.030716200009919703
p2-374-0,5,0.5,1.0,50.0,0.02,True,76,False,False,-71.28067587663995,-71.28067587663995,True,False,0.20271222764046115,False,9.010001667775214e-05,True,False,0.20271222764046115,False,0.0002595999976620078,True,True,0.0,False,0.0005476000078488141,True,False,2.046970153676753,False,0.089672599977348
p2-374-1,5,0.5,1.0,50.0,0.02,True,56,False,True,-71.76421982233843,-71.76421982233843,True,True,0.0,True,6.170000415295362e-05,True,True,0.0,True,0.00017870002193376422,True,True,0.0,True,0.000374700000975281,True,False,3.4556948686382754,False,0.06693479997920804
p2-374-2,5,0.5,1.0,50.0,0.02,True,58,False,False,-69.43792819574834,-69.43792819574834,True,False,9.683283542764393,False,7.189999450929463e-05,True,False,9.683283542764393,False,0.00016870000399649143,False,False,,False,8.849997539073229e-05,True,False,2.155697804471572,False,0.06543379998765886
p2-375-0,5,0.5,1.0,100.0,0.005,True,23,False,True,-96.9009462570833,-96.90094625708332,True,True,0.0,True,3.9700011257082224e-05,True,True,0.0,True,0.0001272000081371516,True,True,0.0,True,7.819998427294195e-05,True,True,0.0,True,0.026621199998771772
p2-375-1,5,0.5,1.0,100.0,0.005,True,22,False,True,-98.6863296135174,-98.6863296135174,True,True,0.0,True,3.709999145939946e-05,True,True,0.0,True,0.00011210000957362354,True,True,0.0,True,7.179999374784529e-05,True,True,0.0,True,0.027785499987658113
p2-375-2,5,0.5,1.0,100.0,0.005,True,21,False,True,-100.33922743234571,-100.33922743234571,True,True,0.0,True,3.6999990697950125e-05,True,True,0.0,True,0.00010959999053739011,True,True,0.0,True,7.270000060088933e-05,True,True,0.0,True,0.023123999999370426
p2-376-0,5,0.5,1.0,100.0,0.01,True,21,False,True,-86.31992321891397,-86.31992321891397,True,True,0.0,True,3.589998232200742e-05,True,True,0.0,True,0.00010989999282173812,True,True,0.0,True,6.799999391660094e-05,True,True,0.0,True,0.023417300020810217
p2-376-1,5,0.5,1.0,100.0,0.01,True,23,False,False,-89.2837040412515,-89.2837040412515,True,True,0.0,False,3.9300008211284876e-05,True,True,0.0,False,0.00040240000816993415,True,True,0.0,False,9.610000415705144e-05,True,True,0.0,False,0.027067899995017797
p2-376-2,5,0.5,1.0,100.0,0.01,True,25,False,True,-91.27753568902538,-91.27753568902538,True,True,0.0,True,4.230000195093453e-05,True,True,0.0,True,0.00012989999959245324,False,False,,False,6.880000000819564e-05,True,True,0.0,True,0.027123200008645654
p2-377-0,5,0.5,1.0,100.0,0.02,True,30,False,True,-79.29774950663672,-79.29774950663672,True,True,0.0,True,4.4400017941370606e-05,True,True,0.0,True,0.00013390000094659626,True,True,0.0,True,8.369999704882503e-05,True,True,0.0,True,0.038009799987776205
p2-377-1,5,0.5,1.0,100.0,0.02,True,34,False,True,-77.23508461303894,-77.23508461303892,True,True,0.0,True,4.930002614855766e-05,True,True,0.0,True,0.0001568000006955117,True,True,0.0,True,8.880000677891076e-05,True,True,0.0,True,0.039467800001148134
p2-377-2,5,0.5,1.0,100.0,0.02,True,26,False,True,-72.33145963476817,-72.33145963476817,True,True,0.0,True,4.39999857917428e-05,True,True,0.0,True,0.00012580002658069134,True,True,0.0,True,8.299999171867967e-05,True,True,0.0,True,0.028970299987122416
p2-378-0,5,1.0,0.8,25.0,0.005,True,49,False,False,-61.68923933692216,-61.689239336922164,True,False,1.5737525092297986,False,7.410001126118004e-05,True,True,0.0,False,0.00020360000780783594,True,True,0.0,False,0.0005338000191841274,True,False,1.2970856208943502,False,0.058392500010086223
p2-378-1,5,1.0,0.8,25.0,0.005,True,56,False,False,-65.30211625251907,-65.30211625251907,True,False,3.8176169943581044,False,5.889998283237219e-05,True,False,3.5807884395627525,False,0.0001516000193078071,True,True,0.0,False,0.001559700001962483,True,False,1.589953736740263,False,0.06532229998265393
p2-378-2,5,1.0,0.8,25.0,0.005,True,90,False,False,-75.7600307381728,-75.7600307381728,True,False,3.207880649811628,True,8.800000068731606e-05,True,False,7.858418718373244,False,0.00020950002362951636,True,True,0.0,False,0.0006744000129401684,True,False,4.935733073743549,False,0.10329609998734668
p2-379-0,5,1.0,0.8,25.0,0.01,True,103,False,False,-49.71855639373729,-49.71855639373729,True,False,0.7660921078178191,False,9.519999730400741e-05,True,False,6.530733827471266,False,0.0001970999874174595,True,True,0.0,False,0.0016891999985091388,True,False,3.530265935522884,False,0.11882819997845218
p2-379-1,5,1.0,0.8,25.0,0.01,True,41,False,False,-36.10809479308609,-36.10809479308609,True,False,1.3285105085792779,False,6.459999713115394e-05,True,False,3.03219283514197,False,0.00012680000509135425,True,True,0.0,False,0.0004208000027574599,True,True,0.0,False,0.04675060001318343
p2-379-2,5,1.0,0.8,25.0,0.01,True,90,False,False,-50.904812385998056,-50.904812385998056,True,True,0.0,False,8.140000863932073e-05,True,False,4.105390935065145,False,0.0002714000002015382,True,True,0.0,False,0.001320900017162785,True,False,2.3966776160336423,False,0.10444399999687448
p2-380-0,5,1.0,0.8,25.0,0.02,True,67,False,False,-37.370626744699535,-37.370626744699535,True,False,0.8893780291469113,False,6.689998554065824e-05,True,False,2.9228099547265174,False,0.00015440001152455807,True,True,0.0,False,0.0002654999843798578,True,False,2.0038256980693205,False,0.0784945999912452
p2-380-1,5,1.0,0.8,25.0,0.02,True,76,True,False,-40.46337875445979,-40.47583732073411,True,False,0.1926531463006782,False,7.420001202262938e-05,True,False,0.1926531463006782,False,0.00017270000535063446,True,True,0.0,False,0.009352699998999014,True,False,3.9621873019174174,False,0.08978680000291206
p2-380-2,5,1.0,0.8,25.0,0.02,True,141,False,False,-50.85438513893765,-50.854385138937644,True,False,3.3198376723885374,False,0.0001241000136360526,True,False,4.953749350642184,False,0.0002617000136524439,True,True,0.0,False,0.002460499992594123,True,False,5.817463359428444,False,0.17395480000413954
p2-381-0,5,1.0,0.8,50.0,0.005,True,24,False,True,-52.40145441518016,-52.40145441518016,True,True,0.0,True,4.189999890513718e-05,True,False,4.351632004973766,False,0.0001142999972216785,True,True,0.0,True,0.0001863999932538718,True,True,0.0,True,0.025745499995537102
p2-381-1,5,1.0,0.8,50.0,0.005,True,34,False,True,-71.52083139827312,-71.52083139827312,True,True,0.0,True,4.370001261122525e-05,True,False,2.3103284858466253,False,0.0001233000075444579,True,True,0.0,True,0.0002542000147514045,True,False,3.4162621558928095,False,0.03741339998668991
p2-381-2,5,1.0,0.8,50.0,0.005,True,21,False,False,-45.62573866562697,-45.62573866562697,True,True,0.0,False,5.1099981646984816e-05,True,False,8.654880108123365,False,9.590000263415277e-05,True,True,0.0,False,0.00020619999850168824,True,True,0.0,False,0.023661899991566315
p2-382-0,5,1.0,0.8,50.0,0.01,True,41,False,True,-53.45072406485044,-53.45072406485044,True,False,2.464834025089573,False,5.0700007705017924e-05,True,False,7.173478717475589,False,0.00012840001727454364,True,True,0.0,True,0.00035730001400224864,True,False,3.6994096392236813,False,0.04561370000010356
p2-382-1,5,1.0,0.8,50.0,0.01,True,37,False,True,-50.84455211946216,-50.84455211946216,True,False,1.3603495179978964,False,5.7600002037361264e-05,True,False,3.1374288413577958,False,0.0001762000028975308,True,True,0.0,True,0.000748499995097518,True,True,0.0,True,0.045119300018996
p2-382-2,5,1.0,0.8,50.0,0.01,True,38,False,False,-69.41220120864324,-69.41220120864324,True,True,0.0,False,5.2000017603859305e-05,True,False,2.656281794117419,False,0.00015060001169331372,True,True,0.0,False,0.0004771999956574291,True,False,2.3149618665421485,False,0.04227299999911338
p2-383-0,5,1.0,0.8,50.0,0.02,True,66,False,False,-42.601843540653434,-42.601843540653434,True,False,3.7549770673838196,False,6.959997699595988e-05,True,True,0.0,False,0.00015419998089782894,True,True,0.0,False,0.0004106000124011189,True,False,2.41298018288429,False,0.07675869998638518
p2-383-1,5,1.0,0.8,50.0,0.02,True,42,False,False,-42.18274809826076,-42.18274809826076,True,True,0.0,False,5.250002141110599e-05,True,False,5.320568334143488,False,0.00012569999671541154,True,True,0.0,False,0.00018659999477677047,True,True,0.0,False,0.047472999984165654
p2-383-2,5,1.0,0.8,50.0,0.02,True,131,False,False,-65.03471719251617,-65.03471719251617,True,False,2.641109472384329,False,0.000132200017105788,True,False,4.506302952095055,False,0.0002542000147514045,True,True,0.0,False,0.0017610999930184335,True,False,7.161573019936405,False,0.15444050001678988
p2-384-0,5,1.0,0.8,100.0,0.005,True,16,False,True,-45.064682870526696,-45.064682870526696,True,True,0.0,True,4.800001624971628e-05,True,False,2.8606291138123012,False,0.00012550002429634333,True,True,0.0,True,0.00020789998234249651,True,True,0.0,True,0.020066400000359863
p2-384-1,5,1.0,0.8,100.0,0.005,True,29,False,True,-80.4817715535862,-80.4817715535862,True,True,0.0,True,4.3400010326877236e-05,True,False,3.0561892116025007,False,0.00013780000153928995,True,True,0.0,True,0.00021729999571107328,True,False,0.8363391802254085,False,0.034048100002110004
p2-384-2,5,1.0,0.8,100.0,0.005,True,26,False,True,-77.49442108255215,-77.49442108255215,True,True,0.0,True,4.659997648559511e-05,True,True,0.0,True,0.0001244999875780195,True,True,0.0,True,0.00020280000171624124,True,False,4.398957214029963,False,0.0293132999795489
p2-385-0,5,1.0,0.8,100.0,0.01,True,35,False,True,-76.42305465582297,-76.42305465582298,True,True,0.0,True,4.5199994929134846e-05,True,True,0.0,True,0.0001269000058528036,True,True,0.0,True,0.00020039998344145715,True,True,0.0,True,0.03962900000624359
p2-385-1,5,1.0,0.8,100.0,0.01,True,28,False,False,-69.6732070900356,-69.67320709003559,True,True,0.0,False,6.220000796020031e-05,True,False,2.841400472087983,True,0.00012769998284056783,True,True,0.0,False,0.0002001000102609396,True,True,0.0,False,0.03244589999667369
p2-385-2,5,1.0,0.8,100.0,0.01,True,28,False,False,-67.99796091198183,-67.99796091198183,True,True,0.0,False,4.2400002712383866e-05,True,False,3.1927709508722018,False,0.00018000000272877514,True,True,0.0,False,0.0002406999992672354,True,True,0.0,False,0.03270060001523234
p2-386-0,5,1.0,0.8,100.0,0.02,True,55,True,False,-64.3004562239192,-64.82790332696008,True,True,0.0,False,5.810000584460795e-05,True,False,2.442543728971316,False,0.00015789997996762395,True,True,0.0,False,0.009727700002258644,True,False,5.001146967646953,False,0.06325819998164661
p2-386-1,5,1.0,0.8,100.0,0.02,True,48,True,False,-50.24222476575929,-50.284214902465166,True,True,0.0,False,5.7199998991563916e-05,True,True,0.0,False,0.00013619998935610056,True,True,0.0,False,0.009430900012375787,True,True,0.0,False,0.05361880001146346
p2-386-2,5,1.0,0.8,100.0,0.02,True,16,False,True,-26.40668459718456,-26.40668459718456,True,True,0.0,True,3.580001066438854e-05,True,True,0.0,True,8.939998224377632e-05,True,True,0.0,True,0.00012159999459981918,True,True,0.0,True,0.018279099982464686
p2-387-0,5,1.0,0.9,25.0,0.005,True,52,False,True,-80.43522438336679,-80.43522438336677,True,True,0.0,True,6.0999998822808266e-05,True,False,4.5410253321239225,False,0.00015309997252188623,True,True,0.0,True,0.0002626999921631068,True,False,8.38790795667505,False,0.06254400001489557
p2-387-1,5,1.0,0.9,25.0,0.005,True,57,False,True,-65.81086381989755,-65.81086381989755,True,False,2.76485966001578,False,6.029999349266291e-05,True,False,2.76485966001578,False,0.000149200001033023,True,True,0.0,True,0.00029949998133815825,True,False,2.071263255026217,False,0.06607650002115406
p2-387-2,5,1.0,0.9,25.0,0.005,True,69,False,False,-63.86653576256552,-63.86653576256552,True,False,5.603713536361596,False,7.510001887567341e-05,True,False,5.603713536361596,False,0.00017169999773614109,True,True,0.0,False,0.00029490000451914966,True,False,4.979641004006389,False,0.07764310002676211
p2-388-0,5,1.0,0.9,25.0,0.01,True,66,False,False,-54.471724982634456,-54.471724982634456,True,False,3.8364514100099854,False,6.729998858645558e-05,True,False,4.067424784780037,False,0.00016140000661835074,True,True,0.0,False,0.00032369999098591506,True,False,5.687771100199917,False,0.07561469997745007
p2-388-1,5,1.0,0.9,25.0,0.01,True,114,False,False,-64.51137194456847,-64.51137194456847,True,False,3.4354690812593773,False,0.00011419999646022916,True,False,6.02620728394232,False,0.00026000000070780516,True,True,0.0,False,0.0008865999989211559,True,False,6.366050099397036,False,0.13418719999026507
p2-388-2,5,1.0,0.9,25.0,0.01,True,107,False,False,-63.6541557723458,-63.6541557723458,True,False,4.3701218095340195,False,9.660000796429813e-05,True,False,5.537751389671769,False,0.00022110002464614809,True,True,0.0,False,0.0005884999991394579,True,False,5.712722798923899,False,0.12165320001076907
p2-389-0,5,1.0,0.9,25.0,0.02,True,171,False,False,-57.2744988249654,-57.2744988249654,True,False,4.7242568982588224,False,0.00017159999697469175,True,False,4.7242568982588224,False,0.00045590000809170306,True,True,0.0,False,0.0010936000035144389,True,False,7.076528305216094,False,0.2144529000215698
p2-389-1,5,1.0,0.9,25.0,0.02,True,143,False,False,-53.23708479610794,-53.237084796107936,True,False,1.2488003970208652,False,0.00012760001118294895,True,False,5.17562800520875,False,0.000281400018138811,True,True,0.0,False,0.0016092000005301088,True,False,3.931041842397775,False,0.21383039999636821
p2-389-2,5,1.0,0.9,25.0,0.02,True,182,True,False,-62.6849521286555,-63.94416018630497,True,False,2.6161009840318457,False,0.00020179999410174787,True,False,2.6161009840318457,False,0.000443900004029274,True,True,0.0,False,0.02076760001364164,True,False,8.55633085859791,False,0.23833900000317954
p2-390-0,5,1.0,0.9,50.0,0.005,True,28,False,True,-62.254999548525646,-62.254999548525646,True,True,0.0,True,4.639997496269643e-05,True,False,4.430827155319605,False,0.00013000000035390258,True,True,0.0,True,0.00020139999105595052,True,True,0.0,True,0.03143480001017451
p2-390-1,5,1.0,0.9,50.0,0.005,True,43,False,False,-77.78770799998702,-77.78770799998702,True,True,0.0,False,5.639999289996922e-05,True,False,4.580379334620389,False,0.00014910000027157366,True,True,0.0,False,0.0008607000054325908,True,False,0.6231694992271173,False,0.05032990002655424
p2-390-2,5,1.0,0.9,50.0,0.005,True,37,False,True,-72.79621144226752,-72.79621144226752,True,True,0.0,True,5.1499984692782164e-05,True,False,7.7505163733185185,False,0.0001303000026382506,True,True,0.0,True,0.0002004000125452876,True,False,6.553151887059158,False,0.04907939999247901
p2-391-0,5,1.0,0.9,50.0,0.01,True,46,False,True,-59.71189035954177,-59.71189035954177,True,True,0.0,True,6.199997733347118e-05,True,False,4.125846132890686,False,0.00014620000729337335,True,True,0.0,True,0.00026790000265464187,True,True,0.0,True,0.051846399990608916
p2-391-1,5,1.0,0.9,50.0,0.01,True,38,False,True,-60.5438087203201,-60.543808720320094,True,True,0.0,True,4.779998562298715e-05,True,True,0.0,True,0.00013240001862868667,True,True,0.0,True,0.00014630000805482268,True,True,0.0,True,0.04433600002084859
p2-391-2,5,1.0,0.9,50.0,0.01,True,38,False,False,-52.06568799313834,-52.06568799313834,True,True,0.0,False,5.2499992307275534e-05,True,False,4.388279805368718,False,0.00014940000255592167,True,True,0.0,False,0.0002103000006172806,True,True,0.0,False,0.04330850002588704
p2-392-0,5,1.0,0.9,50.0,0.02,True,61,True,False,-45.32965644637861,-45.63610998831848,True,False,0.3102840976822989,False,6.510000093840063e-05,True,True,0.0,False,0.00015140001778490841,True,False,0.3102840976822989,False,0.007866600004490465,True,False,5.501917177165318,False,0.072648700006539
p2-392-1,5,1.0,0.9,50.0,0.02,True,61,True,False,-42.66771735052387,-42.868578625513976,True,False,5.490997907869101,False,6.650001159869134e-05,True,False,0.2610961437658972,False,0.00016690001939423382,True,True,0.0,False,0.009327000007033348,True,False,2.3520751264133253,False,0.07168220001040027
p2-392-2,5,1.0,0.9,50.0,0.02,True,72,True,False,-45.73632062296432,-45.907411829913364,True,False,3.0660993851609675,False,7.88999896030873e-05,True,False,7.077827821684352,False,0.00018160001491196454,True,True,0.0,False,0.009812300006160513,True,False,0.2450822902562848,False,0.08505759999388829
p2-393-0,5,1.0,0.9,100.0,0.005,True,33,False,True,-84.39898643887493,-84.39898643887494,True,True,0.0,True,5.1099981646984816e-05,True,False,3.145587230824745,False,0.0001367000222671777,True,True,0.0,True,0.0002592999953776598,True,True,0.0,True,0.03832469999906607
p2-393-1,5,1.0,0.9,100.0,0.005,True,34,False,True,-86.33671727913068,-86.33671727913068,True,True,0.0,True,4.730001091957092e-05,True,True,0.0,True,0.00013349999790079892,True,True,0.0,True,0.00021470000501722097,True,True,0.0,True,0.037509300018427894
p2-393-2,5,1.0,0.9,100.0,0.005,True,38,False,True,-87.55480450040443,-87.55480450040443,True,True,0.0,True,6.130000110715628e-05,True,False,9.720601266154432,False,0.00020280000171624124,True,True,0.0,True,0.0002744999947026372,True,False,1.282517857519224,False,0.04578939999919385
p2-394-0,5,1.0,0.9,100.0,0.01,True,28,False,False,-56.039544959861715,-56.039544959861715,True,True,0.0,False,5.289999535307288e-05,True,False,2.3629081651179433,False,0.00012650000280700624,True,True,0.0,False,0.00014969997573643923,True,True,0.0,False,0.032981399999698624
p2-394-1,5,1.0,0.9,100.0,0.01,True,38,False,True,-79.80907708317453,-79.80907708317454,True,True,0.0,True,5.0700007705017924e-05,True,True,0.0,True,0.0001382000045850873,True,True,0.0,True,0.00021329999435693026,True,True,0.0,True,0.0428261999913957
p2-394-2,5,1.0,0.9,100.0,0.01,True,28,False,True,-56.94828625314636,-56.94828625314636,True,True,0.0,True,5.570001667365432e-05,True,False,12.195819490408034,False,0.00016309999045915902,True,True,0.0,True,0.00023820000933483243,True,True,0.0,True,0.033302900003036484
p2-395-0,5,1.0,0.9,100.0,0.02,True,51,False,False,-53.01481057454444,-53.01481057454444,True,False,2.030662196905496,False,6.360001862049103e-05,True,False,4.988305615294635,False,0.00015089998487383127,True,True,0.0,False,0.00031269999453797936,True,False,2.8134970087111526,False,0.06076610001036897
p2-395-1,5,1.0,0.9,100.0,0.02,True,46,False,False,-66.11414905555421,-66.11414905555421,True,True,0.0,False,6.919997395016253e-05,True,True,0.0,False,0.00021040000137872994,True,True,0.0,False,0.0002108000044245273,True,True,0.0,False,0.0530113999848254
p2-395-2,5,1.0,0.9,100.0,0.02,True,42,False,True,-58.511581171979415,-58.511581171979415,True,True,0.0,True,5.2099989261478186e-05,True,False,4.324519565561133,False,0.00014919997192919254,True,True,0.0,True,0.0011442999821156263,True,True,0.0,True,0.0460746000171639
p2-396-0,5,1.0,1.0,25.0,0.005,True,48,False,True,-79.79272012375071,-79.79272012375071,True,True,0.0,True,6.670001312159002e-05,True,True,0.0,True,0.0001942999952007085,True,True,0.0,True,0.00010400000610388815,True,True,0.0,True,0.05518239998491481
p2-396-1,5,1.0,1.0,25.0,0.005,True,56,False,False,-80.21888406602588,-80.21888406602588,True,True,0.0,False,6.049999501556158e-05,True,True,0.0,False,0.00015659999917261302,True,True,0.0,False,0.0002457000082358718,True,False,1.0834801905318585,True,0.06205090001458302
p2-396-2,5,1.0,1.0,25.0,0.005,True,46,False,True,-84.37001657896654,-84.37001657896654,True,True,0.0,True,5.57999883312732e-05,True,True,0.0,True,0.00016080000204965472,True,True,0.0,True,9.350001346319914e-05,True,True,0.0,True,0.05194049997953698
p2-397-0,5,1.0,1.0,25.0,0.01,True,92,False,True,-72.76820165777418,-72.7682016577742,True,True,0.0,True,8.540000999346375e-05,True,True,0.0,True,0.0002094999945256859,True,True,0.0,True,0.00010989999282173812,True,False,4.126470766692719,False,0.10913860000437126
p2-397-1,5,1.0,1.0,25.0,0.01,True,56,False,False,-68.62056438716965,-68.62056438716965,True,False,0.24308045634253972,True,6.079999729990959e-05,True,False,0.24308045634253972,True,0.00015609999536536634,True,True,0.0,False,0.000298099999781698,True,False,0.24308045634253972,True,0.06386850000126287
p2-397-2,5,1.0,1.0,25.0,0.01,True,63,False,True,-69.95921467194867,-69.95921467194869,True,False,3.99789596522767,False,6.849999772384763e-05,True,False,3.99789596522767,False,0.00017599997227080166,True,True,0.0,True,0.00044150001485832036,True,False,0.4631253030615312,False,0.07015069999033585
p2-398-0,5,1.0,1.0,25.0,0.02,True,101,False,False,-56.4521440028895,-56.45214400288949,True,False,11.080546204264976,False,9.109999518841505e-05,True,False,19.974226893758,False,0.00023929998860694468,True,True,0.0,False,0.00047989998711273074,True,False,1.4194450071737208,True,0.12413929999456741
p2-398-1,5,1.0,1.0,25.0,0.02,True,109,True,False,-57.02018967612868,-57.368092473939534,True,False,0.27246030123087905,False,0.00010340000153519213,True,False,8.350049112239873,False,0.0002413999754935503,True,True,0.0,False,0.012047800002619624,True,False,0.10821205891750907,False,0.12624019998474978
p2-398-2,5,1.0,1.0,25.0,0.02,True,111,False,False,-58.66671553958386,-58.66671553958387,True,False,9.444915095703038,False,0.0001188000023830682,True,False,9.444915095703038,False,0.0003456000122241676,True,True,0.0,False,0.00015549999079667032,True,False,3.416809004800882,False,0.13318219999200664
p2-399-0,5,1.0,1.0,50.0,0.005,True,25,False,True,-82.1077777581252,-82.1077777581252,True,True,0.0,True,4.199999966658652e-05,True,True,0.0,True,0.00012349997996352613,True,True,0.0,True,7.630002801306546e-05,True,True,0.0,True,0.02875940001104027
p2-399-1,5,1.0,1.0,50.0,0.005,True,26,False,False,-83.14386436130802,-83.143864361308,True,True,0.0,False,4.909999552182853e-05,True,True,0.0,False,0.0001227000029757619,True,True,0.0,False,7.729997741989791e-05,True,True,0.0,False,0.030539699975633994
p2-399-2,5,1.0,1.0,50.0,0.005,True,25,False,True,-79.28022343284631,-79.28022343284631,True,True,0.0,True,4.099999205209315e-05,True,True,0.0,True,0.0001235000090673566,True,True,0.0,True,7.760000880807638e-05,True,True,0.0,True,0.028878899989649653
p2-400-0,5,1.0,1.0,50.0,0.01,True,31,False,True,-69.96201529761734,-69.96201529761736,True,True,0.0,True,5.8699981309473515e-05,True,True,0.0,True,0.00018709999858401716,True,True,0.0,True,0.00010689999908208847,True,True,0.0,True,0.035304199991514906
p2-400-1,5,1.0,1.0,50.0,0.01,True,31,False,False,-67.54029333537463,-67.54029333537464,True,False,14.146649841107582,False,4.569999873638153e-05,True,False,14.146649841107582,False,0.00014620000729337335,True,True,0.0,False,9.509999654255807e-05,True,True,0.0,False,0.03559430001769215
p2-400-2,5,1.0,1.0,50.0,0.01,True,28,False,True,-71.15826138338115,-71.15826138338113,True,True,0.0,True,4.3599982745945454e-05,True,True,0.0,True,0.0001314000110141933,True,True,0.0,True,7.890001870691776e-05,True,True,0.0,True,0.03109140001470223
p2-401-0,5,1.0,1.0,50.0,0.02,True,59,False,True,-60.53005223656629,-60.53005223656629,True,True,0.0,True,6.370001938194036e-05,True,True,0.0,True,0.00016110000433400273,True,True,0.0,True,0.0004002000205218792,True,True,0.0,True,0.06695290000061505
p2-401-1,5,1.0,1.0,50.0,0.02,True,36,False,False,-47.103863516534176,-47.103863516534176,True,True,0.0,False,4.6999979531392455e-05,True,True,0.0,False,0.00013380000018514693,False,False,,False,7.2900002123788e-05,True,True,0.0,False,0.04386299999896437
p2-401-2,5,1.0,1.0,50.0,0.02,True,60,False,False,-65.12889609128453,-65.12889609128452,True,False,1.3140152704471006,False,6.550000398419797e-05,True,False,1.3140152704471006,False,0.00016989998403005302,True,True,0.0,False,9.280000813305378e-05,True,True,0.0,False,0.06698360000154935
p2-402-0,5,1.0,1.0,100.0,0.005,True,22,False,True,-90.93115306039304,-90.93115306039304,True,True,0.0,True,3.779999678954482e-05,True,True,0.0,True,0.00011339999036863446,True,True,0.0,True,7.189999450929463e-05,True,True,0.0,True,0.02448049999657087
p2-402-1,5,1.0,1.0,100.0,0.005,True,20,False,True,-90.31197274077144,-90.31197274077144,True,True,0.0,True,4.390001413412392e-05,True,True,0.0,True,0.000149500003317371,True,True,0.0,True,8.300002082251012e-05,True,True,0.0,True,0.031093300000065938
p2-402-2,5,1.0,1.0,100.0,0.005,True,24,False,True,-90.0063938887581,-90.0063938887581,True,True,0.0,True,4.1099992813542485e-05,True,True,0.0,True,0.00011959997937083244,True,True,0.0,True,7.619999814778566e-05,True,True,0.0,True,0.027347900002496317
p2-403-0,5,1.0,1.0,100.0,0.01,True,24,False,True,-75.3065034863839,-75.3065034863839,True,True,0.0,True,3.999998443759978e-05,True,True,0.0,True,0.00012050001532770693,True,True,0.0,True,7.6299998909235e-05,True,True,0.0,True,0.0263727999990806
p2-403-1,5,1.0,1.0,100.0,0.01,True,23,False,True,-75.97324097036474,-75.97324097036474,True,True,0.0,True,4.150002496317029e-05,True,True,0.0,True,0.00012519999290816486,True,True,0.0,True,0.00013489997945725918,True,True,0.0,True,0.031239200005074963
p2-403-2,5,1.0,1.0,100.0,0.01,True,27,False,False,-80.17216164854986,-80.17216164854986,True,True,0.0,False,4.569999873638153e-05,True,True,0.0,False,0.0001399999891873449,True,True,0.0,False,8.72999953571707e-05,True,True,0.0,False,0.03340689998003654
p2-404-0,5,1.0,1.0,100.0,0.02,True,32,False,False,-62.94225923235648,-62.942259232356484,True,True,0.0,False,6.0399994254112244e-05,True,True,0.0,False,0.00021840000408701599,True,True,0.0,False,0.00012470001820474863,True,True,0.0,False,0.035316099994815886
p2-404-1,5,1.0,1.0,100.0,0.02,True,36,False,True,-67.14521912538756,-67.14521912538754,True,True,0.0,True,6.479999865405262e-05,True,True,0.0,True,0.00016299998969770968,True,True,0.0,True,9.689998114481568e-05,True,True,0.0,True,0.03970819999813102
p2-404-2,5,1.0,1.0,100.0,0.02,True,30,False,True,-69.22000669246191,-69.22000669246191,True,False,1.531266141525947,False,4.400001489557326e-05,True,False,1.531266141525947,False,0.00013000000035390258,True,True,0.0,True,8.149998029693961e-05,True,True,0.0,True,0.034994899993762374
p2-405-0,5,2.0,0.8,25.0,0.005,True,50,False,False,-48.88439227608207,-48.88439227608207,True,False,0.838393647659899,False,6.140000186860561e-05,True,False,0.838393647659899,False,0.00014150000060908496,True,True,0.0,False,0.0005803999956697226,True,False,3.941682012393237,False,0.058343199983937666
p2-405-1,5,2.0,0.8,25.0,0.005,True,66,False,False,-74.93421371964855,-74.93421371964855,True,True,0.0,False,6.859999848529696e-05,True,True,0.0,False,0.00018679999629966915,True,True,0.0,False,0.0011866999848280102,True,False,2.558863321180084,False,0.07403180000255816
p2-405-2,5,2.0,0.8,25.0,0.005,True,72,False,False,-74.29241637071628,-74.29241637071628,True,False,0.1693349962258992,False,7.599999662488699e-05,True,False,0.1693349962258992,False,0.00019160000374540687,True,True,0.0,False,0.0005573999951593578,True,False,4.107701701778964,False,0.08267220002016984
p2-406-0,5,2.0,0.8,25.0,0.01,True,94,False,False,-49.609098938191636,-49.609098938191636,True,False,3.843212849348845,False,8.830000297166407e-05,True,False,1.3007320479493671,False,0.00021830000332556665,True,True,0.0,False,0.001264399994397536,True,False,2.400804338173508,False,0.1115152999991551
p2-406-1,5,2.0,0.8,25.0,0.01,True,49,False,False,-38.50460465567645,-38.50460465567645,True,False,1.7851500971712184,False,7.51999905332923e-05,True,False,0.2976399563424934,False,0.00020710000535473228,True,True,0.0,False,0.0008516999951098114,True,False,1.2761933496036448,False,0.05863600000157021
p2-406-2,5,2.0,0.8,25.0,0.01,True,92,False,False,-49.02639795361191,-49.02639795361191,True,False,2.0756366854598767,False,8.81000014487654e-05,True,False,1.6140490741950018,False,0.00020790001144632697,True,True,0.0,False,0.0007364999910350889,True,False,1.5877020731428289,False,0.10457999998470768
p2-407-0,5,2.0,0.8,25.0,0.02,True,186,False,False,-55.47924207907552,-55.47924207907552,True,False,0.5237575778790102,False,0.00018350000027567148,True,False,6.072450370318236,False,0.00042830000165849924,True,True,0.0,False,0.0007158000080380589,True,False,4.467139776755317,False,0.2291960000002291
p2-407-1,5,2.0,0.8,25.0,0.02,True,96,True,False,-33.25955606368861,-33.34703216422555,True,False,0.008937143672916648,False,0.00010800000745803118,True,False,3.1735923888749618,False,0.0002686999796424061,True,True,0.0,False,0.012285599979804829,True,False,0.14523396355858154,False,0.11479709998820908
p2-407-2,5,2.0,0.8,25.0,0.02,True,90,False,False,-33.358752900167495,-33.358752900167495,True,False,0.8539272351223985,False,8.609998621977866e-05,True,False,6.090717633780564,False,0.00020130001939833164,True,True,0.0,False,0.0005762999935541302,True,False,3.0834970691945074,False,0.10534520001965575
p2-408-0,5,2.0,0.8,50.0,0.005,True,27,False,True,-54.290880909836986,-54.29088090983699,True,True,0.0,True,4.33000095654279e-05,True,False,2.2847550112969657,False,0.00012079998850822449,True,True,0.0,True,0.00018900001305155456,True,True,0.0,True,0.03052410000236705
p2-408-1,5,2.0,0.8,50.0,0.005,True,30,False,True,-62.78737064544187,-62.78737064544187,True,True,0.0,True,4.779998562298715e-05,True,True,0.0,True,0.0001370999962091446,True,True,0.0,True,0.0006093000120017678,True,True,0.0,True,0.03491859999485314
p2-408-2,5,2.0,0.8,50.0,0.005,True,43,False,True,-86.66404235503023,-86.66404235503023,True,True,0.0,True,5.3499999921768904e-05,True,False,3.135716794746955,False,0.00015279999934136868,True,True,0.0,True,0.0002379999787081033,True,False,3.559488490093372,False,0.0489201000018511
p2-409-0,5,2.0,0.8,50.0,0.01,True,67,False,False,-60.85467259853496,-60.85467259853496,True,False,4.652928106021633,False,6.979997851885855e-05,True,False,7.839509220903942,False,0.00019339998834766448,True,True,0.0,False,0.000623399973846972,True,False,2.9073719078524007,False,0.07968260001507588
p2-409-1,5,2.0,0.8,50.0,0.01,True,54,False,False,-55.91452991188345,-55.91452991188344,True,True,0.0,False,5.940001574344933e-05,True,True,0.0,False,0.0001635999942664057,True,True,0.0,False,0.0005184999899938703,True,False,1.103462687243045,False,0.06100389998755418
p2-409-2,5,2.0,0.8,50.0,0.01,True,43,False,True,-55.24143366108781,-55.24143366108781,True,True,0.0,True,5.549998604692519e-05,True,True,0.0,True,0.00014689998351968825,True,True,0.0,True,0.00028150001890026033,True,True,0.0,True,0.049718900001607835
p2-410-0,5,2.0,0.8,50.0,0.02,True,89,False,False,-44.76138648630798,-44.761386486307984,True,False,0.7883945204366611,False,8.730002446100116e-05,True,False,3.8667580430498347,False,0.00022190000163391232,True,True,0.0,False,0.0005330999847501516,True,False,5.865670635706522,False,0.10355190001428127
p2-410-1,5,2.0,0.8,50.0,0.02,True,121,False,False,-53.155326268932534,-53.155326268932534,True,False,3.6434000045284023,False,0.00010539998766034842,True,False,7.132096671755271,False,0.00024649998522363603,True,True,0.0,False,0.0008587999909650534,True,False,9.773940796632239,False,0.14881199999945238
p2-410-2,5,2.0,0.8,50.0,0.02,True,55,False,False,-33.30056163384869,-33.30056163384869,True,False,4.521242230585322,False,6.320001557469368e-05,True,False,0.802506836545902,False,0.00017069999012164772,True,True,0.0,False,0.00034729999606497586,True,True,0.0,False,0.06258620001608506
p2-411-0,5,2.0,0.8,100.0,0.005,True,30,False,False,-62.947429700672394,-62.947429700672394,True,False,0.9086088877192253,False,5.189998773857951e-05,True,True,0.0,False,0.00014620000729337335,True,True,0.0,False,0.000461199990240857,True,False,0.8011000250648337,False,0.03484490001574159
p2-411-1,5,2.0,0.8,100.0,0.005,True,35,False,True,-78.00762160705521,-78.00762160705523,True,True,0.0,True,4.9700000090524554e-05,True,False,4.233647082626959,False,0.00013849997776560485,True,True,0.0,True,0.00021579998428933322,True,True,0.0,True,0.04017419999581762
p2-411-2,5,2.0,0.8,100.0,0.005,True,36,False,True,-74.98534061369467,-74.98534061369469,True,True,0.0,True,5.1000009989365935e-05,True,False,1.8727622017474772,False,0.0001441999920643866,True,True,0.0,True,0.000288800016278401,True,False,1.8727622017474772,False,0.04288190000806935
p2-412-0,5,2.0,0.8,100.0,0.01,True,27,False,True,-52.86502261367962,-52.86502261367963,True,True,0.0,True,4.5599997974932194e-05,True,True,0.0,True,0.00013299999409355223,True,True,0.0,True,0.00021210001432336867,True,True,0.0,True,0.030970300023909658
p2-412-1,5,2.0,0.8,100.0,0.01,True,42,False,False,-80.36932185984791,-80.36932185984791,True,True,0.0,False,5.9200014220550656e-05,True,True,0.0,False,0.00016220001270994544,True,True,0.0,False,0.00036380000528879464,True,True,0.0,False,0.045888900000136346
p2-412-2,5,2.0,0.8,100.0,0.01,True,21,False,True,-48.8769610534586,-48.87696105345861,True,True,0.0,True,3.850000211969018e-05,True,True,0.0,True,0.00010670002666302025,True,True,0.0,True,0.0001711999939288944,True,True,0.0,True,0.025012900005094707
p2-413-0,5,2.0,0.8,100.0,0.02,True,36,False,True,-45.67547630426228,-45.67547630426228,True,True,0.0,True,4.980000085197389e-05,True,True,0.0,True,0.0001446999958716333,True,True,0.0,True,0.00016080000204965472,True,True,0.0,True,0.042771699983859435
p2-413-1,5,2.0,0.8,100.0,0.02,True,59,False,False,-48.106668450017565,-48.106668450017565,True,False,2.9068422278336,False,6.399999256245792e-05,True,False,5.574456103570974,False,0.00016689999029040337,True,True,0.0,False,0.000901099992915988,True,False,0.9620575150726083,False,0.06900059999316
p2-413-2,5,2.0,0.8,100.0,0.02,True,42,False,True,-50.332328949204246,-50.332328949204246,True,True,0.0,True,5.4100004490464926e-05,True,True,0.0,True,0.00015169999096542597,True,True,0.0,True,0.010433799994643778,True,False,4.032309950433309,False,0.048871399980271235
p2-414-0,5,2.0,0.9,25.0,0.005,True,51,False,False,-48.15198353729727,-48.15198353729726,True,False,0.9716953995259061,False,5.849997978657484e-05,True,False,4.727717554504984,False,0.00014600000577047467,True,True,0.0,False,0.0002686000079847872,True,False,1.0372841281965037,False,0.05796879998524673
p2-414-1,5,2.0,0.9,25.0,0.005,True,80,False,True,-68.38284986077831,-68.38284986077831,True,True,0.0,True,9.700001101009548e-05,True,True,0.0,True,0.0002683000057004392,True,True,0.0,True,0.00042959998245351017,True,False,5.4396148869150664,False,0.09505709999939427
p2-414-2,5,2.0,0.9,25.0,0.005,True,70,False,True,-63.81846189994,-63.81846189993999,True,False,2.839010940450116,False,7.790001109242439e-05,True,False,7.443688036948139,False,0.0001917000045068562,True,True,0.0,True,0.0002562000008765608,True,False,5.77070617823572,False,0.08037320000585169
p2-415-0,5,2.0,0.9,25.0,0.01,True,98,False,False,-54.68450704796456,-54.68450704796456,True,False,0.8165210689839597,False,0.00011000002268701792,True,False,0.8165210689839597,False,0.00027699998463504016,True,True,0.0,False,0.0010174000053666532,True,False,3.8942090015296174,False,0.11777469998924062
p2-415-1,5,2.0,0.9,25.0,0.01,True,150,False,False,-58.88253020473893,-58.882530204738934,True,False,4.9640063172415765,False,0.00012549999519251287,True,False,4.9640063172415765,False,0.00027230000705458224,True,True,0.0,False,0.0009092999971471727,True,False,7.903740048685108,False,0.17780870001297444
p2-415-2,5,2.0,0.9,25.0,0.01,True,82,False,False,-47.39594374030162,-47.395943740301625,True,False,2.428239625768292,False,7.959999493323267e-05,True,True,0.0,False,0.0001880000054370612,True,True,0.0,False,0.0004864000075031072,True,False,4.508995696497649,False,0.09628570001223125
p2-416-0,5,2.0,0.9,25.0,0.02,True,126,False,False,-37.95247711100552,-37.95247711100552,True,False,0.39125183369009875,False,0.0001100999943446368,True,False,3.259010238704761,False,0.0002403000253252685,True,True,0.0,False,0.0008632999961264431,True,False,4.6824515633161,False,0.1500569999916479
p2-416-1,5,2.0,0.9,25.0,0.02,True,107,True,False,-34.96050559906252,-35.50469078143085,True,False,2.166553396936358,False,9.919999865815043e-05,True,False,2.166553396936358,False,0.00022220000391826034,True,False,0.2545307932712788,False,0.011505900009069592,True,False,0.5405665227566132,False,0.12530750001315027
p2-416-2,5,2.0,0.9,25.0,0.02,True,180,True,False,-43.68007310784486,-44.29776516453306,True,False,3.831773511436424,False,0.00018179998733103275,True,False,12.848575042906475,False,0.00045449999743141234,True,True,0.0,False,0.01691700000083074,True,False,2.147699309702176,False,0.22241240000585094
p2-417-0,5,2.0,0.9,50.0,0.005,True,28,False,True,-47.29986003186873,-47.29986003186873,True,True,0.0,True,4.360001184977591e-05,True,False,3.8100384660047766,False,0.00012699997751042247,True,True,0.0,True,0.00020029998268000782,True,True,0.0,True,0.03295719999005087
p2-417-1,5,2.0,0.9,50.0,0.005,True,34,False,False,-55.994265382696135,-55.994265382696135,True,True,0.0,False,5.460000829771161e-05,True,True,0.0,False,0.00013669999316334724,True,True,0.0,False,0.00017220000154338777,True,False,2.5204911613933803,False,0.03835099999560043
p2-417-2,5,2.0,0.9,50.0,0.005,True,32,False,True,-54.244011841046074,-54.24401184104608,True,True,0.0,True,4.610000178217888e-05,True,False,6.883041263825362,False,0.00013119998038746417,True,True,0.0,True,0.00021299999207258224,True,True,0.0,True,0.03820739997900091
p2-418-0,5,2.0,0.9,50.0,0.01,True,51,False,False,-50.58969581353452,-50.58969581353452,True,False,3.273867756879582,False,6.170000415295362e-05,True,False,3.273867756879582,False,0.00016820000018924475,True,True,0.0,False,0.0009848000190686435,True,True,0.0,False,0.07953519999864511
p2-418-1,5,2.0,0.9,50.0,0.01,True,50,False,False,-52.15494127657014,-52.15494127657014,True,True,0.0,False,6.369999027810991e-05,True,True,0.0,False,0.00017790001584216952,True,True,0.0,False,0.00045380002120509744,True,True,0.0,False,0.06392970000160858
p2-418-2,5,2.0,0.9,50.0,0.01,True,36,False,True,-51.56986965954834,-51.56986965954834,True,True,0.0,True,5.169998621568084e-05,True,True,0.0,True,0.00014429999282583594,True,True,0.0,True,0.0002227999793831259,True,True,0.0,True,0.040144700004020706
p2-419-0,5,2.0,0.9,50.0,0.02,True,76,False,False,-35.55823117735116,-35.55823117735116,True,False,2.0318890673953405,False,7.85999873187393e-05,True,False,10.16705736438212,False,0.00019049999536946416,True,True,0.0,False,0.0004264999879524112,True,False,1.7564617478158198,False,0.08851070000673644
p2-419-1,5,2.0,0.9,50.0,0.02,True,90,False,False,-41.73048388397016,-41.730483883970166,True,False,1.7859701289760608,False,0.0001419999753125012,True,False,3.576692290477361,False,0.000294400000711903,True,True,0.0,False,0.0006495999987237155,True,False,4.547794927813186,False,0.1088795000105165
p2-419-2,5,2.0,0.9,50.0,0.02,True,142,False,False,-49.50174362315455,-49.50174362315455,True,False,4.263930580186894,False,0.00011839999933727086,True,False,9.524771510122264,False,0.0002927999885287136,True,True,0.0,False,0.0027473000227473676,True,False,12.26423199023671,False,0.1675812000175938
p2-420-0,5,2.0,0.9,100.0,0.005,True,37,False,False,-69.31126069365838,-69.3112606936584,True,False,0.6360239341140783,False,4.9700000090524554e-05,True,False,7.315193846515669,False,0.00014349998673424125,True,True,0.0,False,0.0003031000087503344,True,False,0.6360239341140783,False,0.042770400003064424
p2-420-1,5,2.0,0.9,100.0,0.005,True,33,False,False,-67.4259791520876,-67.42597915208759,True,True,0.0,False,4.990000161342323e-05,True,False,4.088116005798327,False,0.0001343000039923936,True,True,0.0,False,0.0008653999830130488,True,True,0.0,False,0.03559010001481511
p2-420-2,5,2.0,0.9,100.0,0.005,True,39,False,True,-72.4366491378768,-72.4366491378768,True,True,0.0,True,5.139998393133283e-05,True,False,8.69643915646214,False,0.00015459998394362628,True,True,0.0,True,0.0002507000172045082,True,True,0.0,True,0.04212389999884181
p2-421-0,5,2.0,0.9,100.0,0.01,True,36,False,False,-55.54463667450952,-55.54463667450952,True,False,3.4293987047401657,False,5.2499992307275534e-05,True,False,7.531448307822856,False,0.0001568000006955117,True,True,0.0,False,0.0003733999910764396,True,True,0.0,False,0.039741899992804974
p2-421-1,5,2.0,0.9,100.0,0.01,True,36,False,True,-55.35674017841225,-55.35674017841226,True,True,0.0,True,4.809998790733516e-05,True,False,4.345878663393485,False,0.0001419999753125012,True,True,0.0,True,0.0002938000252470374,True,True,0.0,True,0.039335999987088144
p2-421-2,5,2.0,0.9,100.0,0.01,True,31,False,True,-58.866184864350956,-58.86618486435096,True,True,0.0,True,6.19000056758523e-05,True,True,0.0,True,0.0001317000132985413,True,True,0.0,True,0.00026199998683296144,True,True,0.0,True,0.0363313999841921
p2-422-0,5,2.0,0.9,100.0,0.02,True,61,False,False,-54.99450342046431,-54.99450342046431,True,False,1.1149275975442947,False,6.660001236014068e-05,True,False,4.464889452545698,False,0.00020370000856928527,True,True,0.0,False,0.002252200007205829,True,False,2.1953677581403426,False,0.06997630000114441
p2-422-1,5,2.0,0.9,100.0,0.02,True,58,False,False,-51.54855045642911,-51.54855045642911,True,True,0.0,False,8.420000085607171e-05,True,False,5.6214656879135205,False,0.00033599999733269215,True,True,0.0,False,0.0005601999873761088,True,False,3.6705714305751798,False,0.06921469999360852
p2-422-2,5,2.0,0.9,100.0,0.02,True,67,False,False,-46.13389698950259,-46.13389698950259,True,False,0.21689477090008324,True,7.380000897683203e-05,True,False,0.21689477090008324,True,0.00017780001508072019,True,True,0.0,False,0.0004729999927803874,True,False,0.35795849128850676,False,0.0770724999892991
p2-423-0,5,2.0,1.0,25.0,0.005,True,46,False,False,-62.828965949877094,-62.8289659498771,True,False,9.426166330869961,False,5.629999213851988e-05,True,False,9.426166330869961,False,0.00017019998631440103,True,True,0.0,False,0.0005597000126726925,True,True,0.0,False,0.05222819998743944
p2-423-1,5,2.0,1.0,25.0,0.005,True,48,False,True,-65.34489170643147,-65.34489170643147,True,True,0.0,True,6.140000186860561e-05,True,True,0.0,True,0.0001720000000204891,True,True,0.0,True,0.0004902000073343515,True,False,2.3768416818646187,False,0.05303390001063235
p2-423-2,5,2.0,1.0,25.0,0.005,True,56,False,True,-70.12389192248763,-70.12389192248763,True,False,12.457032171297534,False,7.259999983943999e-05,True,False,12.457032171297534,False,0.00017809998826123774,True,True,0.0,True,0.00010009997640736401,True,False,0.9904506211896802,False,0.06318040000041947
p2-424-0,5,2.0,1.0,25.0,0.01,True,87,False,False,-58.58576416294922,-58.585764162949225,True,False,9.223831230319519,False,8.369999704882503e-05,True,False,9.223831230319519,False,0.00020760000916197896,True,True,0.0,False,0.0006318000087048858,True,False,5.369343737472711,False,0.10165060000144877
p2-424-1,5,2.0,1.0,25.0,0.01,True,88,False,False,-57.95411514971043,-57.95411514971043,True,False,9.660173905366563,False,0.00011259998427703977,True,False,9.660173905366563,False,0.0003102000046055764,True,True,0.0,False,0.0004828000091947615,True,False,1.0064009037999284,False,0.10088890002225526
p2-424-2,5,2.0,1.0,25.0,0.01,True,57,False,True,-56.87271451047306,-56.87271451047306,True,True,0.0,True,7.619999814778566e-05,True,False,8.681742632104147,False,0.00023350000265054405,True,True,0.0,True,0.0009104000055231154,True,False,1.867125563800343,False,0.06538559999899007
p2-425-0,5,2.0,1.0,25.0,0.02,True,114,False,False,-44.7131721742861,-44.7131721742861,True,False,1.3135657341117053,False,0.0001024999946821481,True,False,5.212599246919659,False,0.0002447000006213784,True,True,0.0,False,0.0009509999945294112,True,False,4.290878977826466,False,0.1336144999950193
p2-425-1,5,2.0,1.0,25.0,0.02,True,124,False,False,-48.629492746388834,-48.62949274638883,True,False,3.9401459497808418,False,0.00010869998368434608,True,False,8.564061374141573,False,0.0002643000043462962,True,True,0.0,False,0.000621499988483265,True,False,1.1201259594766526,False,0.15129810001235455
p2-425-2,5,2.0,1.0,25.0,0.02,True,119,False,False,-52.15442823070674,-52.15442823070674,True,False,5.344881416427739,False,0.00010750000365078449,True,False,12.608891893497457,False,0.00025499999173916876,True,True,0.0,False,0.0014036000065971166,True,False,4.0326574849541075,False,0.14097079998464324
p2-426-0,5,2.0,1.0,50.0,0.005,True,31,False,True,-71.07938370045744,-71.07938370045744,True,True,0.0,True,4.749998333863914e-05,True,False,10.625995586181396,False,0.00016209998284466565,True,True,0.0,True,9.539999882690609e-05,True,True,0.0,True,0.03428600000916049
p2-426-1,5,2.0,1.0,50.0,0.005,True,26,False,True,-71.93778299596805,-71.93778299596805,True,True,0.0,True,4.159999662078917e-05,True,True,0.0,True,0.00013159998343326151,True,True,0.0,True,8.249998791143298e-05,True,True,0.0,True,0.02945569998701103
p2-426-2,5,2.0,1.0,50.0,0.005,True,24,False,False,-60.270582346470086,-60.270582346470086,True,True,0.0,False,3.99000127799809e-05,True,True,0.0,False,0.00012139999307692051,True,True,0.0,False,7.999999797903001e-05,True,True,0.0,False,0.028550899995025247
p2-427-0,5,2.0,1.0,50.0,0.01,True,36,False,True,-57.02942139461304,-57.02942139461304,True,True,0.0,True,5.1499984692782164e-05,True,False,8.555111285039175,False,0.00015300000086426735,True,True,0.0,True,9.239997598342597e-05,True,True,0.0,True,0.038784499978646636
p2-427-1,5,2.0,1.0,50.0,0.01,True,29,False,True,-63.02880553910589,-63.02880553910589,True,True,0.0,True,4.329998046159744e-05,True,True,0.0,True,0.00012770001194439828,True,True,0.0,True,7.690000347793102e-05,True,True,0.0,True,0.03387559999828227
p2-427-2,5,2.0,1.0,50.0,0.01,True,42,False,False,-64.3241720532294,-64.3241720532294,True,True,0.0,False,5.529998452402651e-05,True,True,0.0,False,0.00017210000078193843,True,True,0.0,False,0.00010299999848939478,True,True,0.0,False,0.05022969999117777
p2-428-0,5,2.0,1.0,50.0,0.02,True,51,False,True,-49.726550083435654,-49.726550083435654,True,False,7.295814404570706,False,9.40999889280647e-05,True,False,7.295814404570706,False,0.00023010000586509705,True,True,0.0,True,0.0013181999966036528,True,False,0.5996088767947256,False,0.05836620001355186
p2-428-1,5,2.0,1.0,50.0,0.02,True,52,False,False,-51.791059207676014,-51.791059207676014,True,False,7.161780559846193,False,6.0699996538460255e-05,True,False,7.161780559846193,False,0.0001511000155005604,True,True,0.0,False,0.0003957000153604895,True,True,0.0,False,0.06151160001172684
p2-428-2,5,2.0,1.0,50.0,0.02,True,56,False,True,-52.69742492894408,-52.69742492894408,True,True,0.0,True,6.029999349266291e-05,True,True,0.0,True,0.0001598999951966107,True,True,0.0,True,0.0003268000145908445,True,True,0.0,True,0.06447250000201166
p2-429-0,5,2.0,1.0,100.0,0.005,True,27,False,True,-77.05569679206803,-77.05569679206803,True,True,0.0,True,4.320000880397856e-05,True,True,0.0,True,0.00013830000534653664,True,True,0.0,True,8.72999953571707e-05,True,True,0.0,True,0.03100250000716187
p2-429-1,5,2.0,1.0,100.0,0.005,True,29,False,False,-77.66194046757482,-77.66194046757482,True,True,0.0,False,4.4100015657022595e-05,True,True,0.0,False,0.00014330001431517303,True,True,0.0,False,8.890000754036009e-05,True,True,0.0,False,0.03387439998914488
p2-429-2,5,2.0,1.0,100.0,0.005,True,27,False,True,-81.9453841793635,-81.94538417936349,True,True,0.0,True,4.3100008042529225e-05,True,True,0.0,True,0.00014509999891743064,True,True,0.0,True,8.569998317398131e-05,True,True,0.0,True,0.030089100007899106
p2-430-0,5,2.0,1.0,100.0,0.01,True,27,False,True,-66.35500495388746,-66.35500495388746,True,True,0.0,True,5.020000389777124e-05,True,True,0.0,True,0.00013689999468624592,True,True,0.0,True,8.260001777671278e-05,True,True,0.0,True,0.029988900001626462
p2-430-1,5,2.0,1.0,100.0,0.01,True,24,False,True,-68.00872151253456,-68.00872151253456,True,True,0.0,True,3.9300008211284876e-05,True,True,0.0,True,0.00011870000162161887,True,True,0.0,True,7.470001582987607e-05,True,True,0.0,True,0.02760679999482818
p2-430-2,5,2.0,1.0,100.0,0.01,True,25,False,True,-65.34292935426997,-65.34292935426997,True,True,0.0,True,4.099999205209315e-05,True,True,0.0,True,0.00013959998614154756,True,True,0.0,True,7.949999417178333e-05,True,True,0.0,True,0.027472300018416718
p2-431-0,5,2.0,1.0,100.0,0.02,True,28,False,True,-60.049093156643636,-60.04909315664364,True,True,0.0,True,5.360000068321824e-05,True,True,0.0,True,0.00014139999984763563,True,True,0.0,True,8.420000085607171e-05,True,True,0.0,True,0.030114199995296076
p2-431-1,5,2.0,1.0,100.0,0.02,True,33,False,True,-51.19119123624655,-51.19119123624655,True,True,0.0,True,4.6900007873773575e-05,True,False,7.226084435517322,False,0.0001629000180400908,True,True,0.0,True,0.00015540001913905144,True,True,0.0,True,0.03876599998329766
p2-431-2,5,2.0,1.0,100.0,0.02,True,32,False,True,-58.237647517233285,-58.237647517233285,True,True,0.0,True,4.879999323748052e-05,True,True,0.0,True,0.00015219999477267265,True,True,0.0,True,9.310001041740179e-05,True,True,0.0,True,0.03578189999097958
p2-432-0,6,0.0,0.8,25.0,0.005,True,61,False,True,121.43646283545695,121.43646283545695,True,False,46.60905622023256,False,6.419999408535659e-05,True,False,2.2143089323420924,False,0.0001669999910518527,True,True,0.0,True,0.00023010000586509705,True,False,9.223117648890138,False,0.07898830002523027
p2-432-1,6,0.0,0.8,25.0,0.005,True,80,False,False,131.3544087353485,131.3544087353485,True,False,46.58362530212071,False,7.960002403706312e-05,True,False,4.190518376629967,False,0.00019389999215491116,True,True,0.0,False,0.0005362999800127,True,False,12.140630706582925,False,0.09013950001099147
p2-432-2,6,0.0,0.8,25.0,0.005,True,85,False,False,121.51644598675708,121.51644598675708,True,False,36.63620766203567,False,7.940002251416445e-05,True,False,8.29977542765721,False,0.0001928000128827989,True,True,0.0,False,0.0008653000113554299,True,False,7.1574685574845205,False,0.10116009999183007
p2-433-0,6,0.0,0.8,25.0,0.01,True,109,False,False,127.32922943907663,127.32922943907663,True,False,41.92372466531192,False,9.769998723641038e-05,True,False,6.4532210127861305,False,0.00021529998048208654,True,True,0.0,False,0.0009968999947886914,True,False,11.931558167304402,False,0.12699869999778457
p2-433-1,6,0.0,0.8,25.0,0.01,True,107,False,False,117.66170301796785,117.66170301796785,True,False,41.029452066700514,False,8.960001287050545e-05,True,False,0.653159306638031,False,0.0002066000015474856,True,True,0.0,False,0.0003890000225510448,True,False,10.148215491897389,False,0.12659179998445325
p2-433-2,6,0.0,0.8,25.0,0.01,True,85,False,False,116.41621321771058,116.41621321771058,True,False,31.628488503885848,False,8.080000407062471e-05,True,False,2.1229097316908963,False,0.0001897999900393188,True,True,0.0,False,0.0008202999888453633,True,False,5.821106735420443,False,0.09937199999694712
p2-434-0,6,0.0,0.8,25.0,0.02,True,96,False,False,124.61870450024182,124.61870450024182,True,False,33.10568225770706,False,0.0001073999737855047,True,False,7.2802057327705825,False,0.0002584999892860651,True,True,0.0,False,0.0009224999812431633,True,False,7.552992639705678,False,0.11135280001326464
p2-434-1,6,0.0,0.8,25.0,0.02,True,153,False,False,122.28821293316341,122.28821293316338,True,False,35.51558387581582,False,0.00011980000999756157,True,True,0.0,False,0.0002576999831944704,True,True,0.0,False,0.0005741000059060752,True,False,7.709228948786688,False,0.187082599994028
p2-434-2,6,0.0,0.8,25.0,0.02,True,73,False,False,108.3252785138227,108.32527851382268,True,False,26.923857514536877,False,7.190002361312509e-05,True,False,5.432142260364969,False,0.00016369999502785504,True,True,0.0,False,0.0008028000011108816,True,False,4.45589995582111,False,0.08974799999850802
p2-435-0,6,0.0,0.8,50.0,0.005,True,37,False,True,119.18041410971459,119.1804141097146,True,False,39.043944940031324,False,5.189998773857951e-05,True,False,4.9041744476085825,False,0.00013920001219958067,True,True,0.0,True,0.0002496000088285655,True,False,4.563235959016467,False,0.0430186000012327
p2-435-1,6,0.0,0.8,50.0,0.005,True,34,False,True,104.84453024810293,104.84453024810293,True,False,33.556039099936584,False,4.81999886687845e-05,True,False,2.5183594644374665,False,0.0001246000174432993,True,True,0.0,True,0.00023910001618787646,True,False,4.082562803879938,False,0.04267439999966882
p2-435-2,6,0.0,0.8,50.0,0.005,True,38,False,True,120.9730892136306,120.97308921363062,True,False,37.19752189150705,False,5.289999535307288e-05,True,False,11.169756915855771,False,0.00013760000001639128,True,True,0.0,True,0.0003164999943692237,True,False,6.952669288349227,False,0.04419429998961277
p2-436-0,6,0.0,0.8,50.0,0.01,True,54,False,True,125.16117324824175,125.16117324824174,True,False,33.533782021250616,False,6.260001100599766e-05,True,False,6.585076662758681,False,0.00015120001626200974,True,True,0.0,True,0.00039109998033382,True,False,9.443159192657347,False,0.06096940001589246
p2-436-1,6,0.0,0.8,50.0,0.01,True,57,False,True,126.94451397262134,126.94451397262134,True,False,42.32915674238933,False,6.33999879937619e-05,True,False,1.846797245624714,False,0.00016799999866634607,True,True,0.0,True,0.000229199999012053,True,False,8.838257195619406,False,0.06566120000206865
p2-436-2,6,0.0,0.8,50.0,0.01,True,45,False,True,129.00919837343773,129.00919837343773,True,False,29.696867340735395,False,5.5100012104958296e-05,True,False,12.607875502880887,False,0.00013810000382363796,True,True,0.0,True,0.0003316999936942011,True,False,4.5090890435197934,False,0.052141100022709
p2-437-0,6,0.0,0.8,50.0,0.02,True,77,False,False,129.96474774238365,129.96474774238365,True,False,39.08684931147522,False,7.720000576227903e-05,True,False,0.21173601324767333,False,0.0003415999817661941,True,True,0.0,False,0.0029269999940879643,True,False,11.76733348068953,False,0.08563139999751002
p2-437-1,6,0.0,0.8,50.0,0.02,True,124,False,False,150.23486852060793,150.23486852060793,True,False,41.40028997836987,False,0.0001309000072069466,True,False,6.148066080194724,False,0.00032079999800771475,True,True,0.0,False,0.0011168000055477023,True,False,8.676838531177765,False,0.1439832999894861
p2-437-2,6,0.0,0.8,50.0,0.02,True,57,False,False,108.48152988569194,108.48152988569193,True,False,26.75403761970506,False,6.230000872164965e-05,True,False,3.6931978752206334,False,0.000155999994603917,True,True,0.0,False,0.0003071000101044774,True,False,4.101344544024158,False,0.06580790001316927
p2-438-0,6,0.0,0.8,100.0,0.005,True,30,False,True,112.34418613885033,112.34418613885032,True,False,35.79834108453473,False,4.549999721348286e-05,True,False,5.355821261265859,False,0.0001233999792020768,True,True,0.0,True,0.0001984999980777502,True,False,4.048647103349779,False,0.03346649999730289
p2-438-1,6,0.0,0.8,100.0,0.005,True,30,False,True,112.792659371785,112.792659371785,True,False,35.634919568715176,False,4.539999645203352e-05,True,False,5.182379920822044,False,0.00012969999806955457,True,True,0.0,True,0.00019910000264644623,True,False,3.8009160849969277,False,0.03426349998335354
p2-438-2,6,0.0,0.8,100.0,0.005,True,38,False,True,128.42563625119288,128.42563625119288,True,False,39.59701259192124,False,4.949999856762588e-05,True,False,6.121071568546569,False,0.0001382000045850873,True,True,0.0,True,0.00025290000485256314,True,False,3.802699477317333,False,0.04260539999813773
p2-439-0,6,0.0,0.8,100.0,0.01,True,33,False,True,123.07114933870459,123.07114933870457,True,False,35.48442946956389,False,4.710000939667225e-05,True,False,8.733683869262578,False,0.00012790001346729696,True,True,0.0,True,0.0002500000118743628,True,False,3.0811248512583234,False,0.0372782000049483
p2-439-1,6,0.0,0.8,100.0,0.01,True,26,False,True,114.19262460542515,114.19262460542517,True,False,23.30737707771604,False,4.33000095654279e-05,True,False,8.28000013632466,False,0.0001126999850384891,True,True,0.0,True,0.00022909999825060368,True,False,3.450349443704823,False,0.02977160000591539
p2-439-2,6,0.0,0.8,100.0,0.01,True,28,False,True,120.58965289978471,120.58965289978471,True,False,27.365885752319144,False,4.3599982745945454e-05,True,False,5.742012676465251,False,0.00011920000542886555,True,True,0.0,True,0.00034149998100474477,True,False,3.4694605784206516,False,0.0333597999997437
p2-440-0,6,0.0,0.8,100.0,0.02,True,35,False,True,124.17666488210949,124.17666488210949,True,False,33.624420201636156,False,4.5900000259280205e-05,True,False,2.479168626550077,False,0.00012140002218075097,True,True,0.0,True,0.00024839999969117343,True,False,8.854406783189035,False,0.038249799981713295
p2-440-1,6,0.0,0.8,100.0,0.02,True,21,False,True,113.35777069141075,113.35777069141075,True,False,22.017125787696884,False,3.759999526664615e-05,True,False,5.609480723018052,False,0.00010050000855699182,True,True,0.0,True,0.0002537999826017767,True,False,2.5552665364148908,False,0.024313900008564815
p2-440-2,6,0.0,0.8,100.0,0.02,True,44,False,False,140.35247312654985,140.35247312654982,True,False,39.961412757112555,False,5.429997690953314e-05,True,False,0.523999617729487,False,0.00014029999147169292,True,True,0.0,False,0.00027039999258704484,True,False,8.166654681536329,False,0.05237369998940267
p2-441-0,6,0.0,0.9,25.0,0.005,True,78,False,True,115.89508894611683,115.89508894611684,True,False,62.572028229526495,False,7.880001794546843e-05,True,False,5.981705903707905,False,0.00018339999951422215,True,True,0.0,True,0.00023710000095888972,True,False,12.55607196781122,False,0.08990809999522753
p2-441-1,6,0.0,0.9,25.0,0.005,True,75,False,False,118.4719746651703,118.47197466517028,True,False,59.99541001555271,False,7.259999983943999e-05,True,False,9.153882874438295,False,0.0003496999852359295,True,True,0.0,False,0.00045239998144097626,True,False,13.262905051526289,False,0.08729250001488253
p2-441-2,6,0.0,0.9,25.0,0.005,True,74,False,False,119.23435030346955,119.23435030346955,True,False,59.20874790990884,False,7.229999755509198e-05,True,False,5.058210973820053,False,0.0001784999913070351,True,True,0.0,False,0.000953600014327094,True,False,9.141041476912065,False,0.08342399998218752
p2-442-0,6,0.0,0.9,25.0,0.01,True,123,False,False,126.28532104118557,126.28532104118555,True,False,63.231075780688144,False,0.00011789999553002417,True,False,0.60979067286965,False,0.00024049999774433672,True,True,0.0,False,0.0006779999821446836,True,False,11.047421448765107,False,0.14587370000663213
p2-442-1,6,0.0,0.9,25.0,0.01,True,139,False,False,137.77747929771274,137.77747929771274,True,False,63.624716629932976,False,0.00014849999570287764,True,False,1.5164988708890519,False,0.00034669999149627984,True,True,0.0,False,0.001575400005094707,True,False,6.4926412196583385,False,0.1662392000143882
p2-442-2,6,0.0,0.9,25.0,0.01,True,105,False,False,128.92935015101503,128.92935015101503,True,False,60.58172574689257,False,9.430001955479383e-05,True,False,4.274489012922373,False,0.00021389999892562628,True,True,0.0,False,0.0004490000137593597,True,False,9.970472896307768,False,0.1227288999943994
p2-443-0,6,0.0,0.9,25.0,0.02,True,164,False,False,133.62129455021017,133.62129455021014,True,False,54.44366510513504,False,0.00013879998004995286,True,False,5.4660817239065125,False,0.0002852999896276742,True,True,0.0,False,0.002823199989506975,True,False,3.7237898996831973,False,0.19234439998399466
p2-443-1,6,0.0,0.9,25.0,0.02,True,179,False,False,129.23341607437698,129.23341607437698,True,False,58.84063597793465,False,0.0001357999863103032,True,False,4.060721628773592,False,0.00029739999445155263,True,True,0.0,False,0.000979500007815659,True,False,15.580718010922226,False,0.21773219999158755
p2-443-2,6,0.0,0.9,25.0,0.02,True,166,False,False,148.98527826501785,148.98527826501785,True,False,64.20263331471423,False,0.0001446000242140144,True,False,7.900601425384082,False,0.00029379999614320695,True,True,0.0,False,0.0007885000086389482,True,False,12.973946483566493,False,0.20442069999990053
p2-444-0,6,0.0,0.9,50.0,0.005,True,36,False,False,131.27203679876567,131.27203679876567,True,False,58.29379442839897,False,5.160001455806196e-05,True,False,4.300633785183294,False,0.00014769998961128294,True,True,0.0,False,0.00022590000298805535,True,False,6.868583564925757,False,0.04057559999637306
p2-444-1,6,0.0,0.9,50.0,0.005,True,36,False,True,113.88966134707817,113.88966134707817,True,False,53.45737375770793,False,6.0399994254112244e-05,True,False,3.9160751744200724,False,0.00017549999756738544,True,True,0.0,True,0.00017559999832883477,True,False,6.1722556620656235,False,0.04335720001836307
p2-444-2,6,0.0,0.9,50.0,0.005,True,32,False,True,118.31691669235042,118.31691669235042,True,False,49.042015322136024,False,4.719998105429113e-05,True,False,12.768612031594103,False,0.00013180001405999064,True,True,0.0,True,0.0002437999937683344,True,False,3.9457244113608567,False,0.0367604999919422
p2-445-0,6,0.0,0.9,50.0,0.01,True,40,True,False,106.66118361954243,106.53343186605358,True,False,35.48686040810834,False,6.200000643730164e-05,True,False,4.955321379518452,False,0.0001689000055193901,True,True,0.0,False,0.01003479998325929,True,False,2.648539959686204,False,0.04718500000308268
p2-445-1,6,0.0,0.9,50.0,0.01,True,52,False,True,120.75888958326387,120.75888958326385,True,False,56.95903359093593,False,5.5500015150755644e-05,True,True,0.0,True,0.00014489999739453197,True,True,0.0,True,0.00021430000197142363,True,False,6.448745577094712,False,0.057667899993248284
p2-445-2,6,0.0,0.9,50.0,0.01,True,60,False,True,133.13256061343142,133.13256061343142,True,False,68.30708994286584,False,6.409999332390726e-05,True,True,0.0,True,0.00015919998986646533,True,True,0.0,True,0.0002865999995265156,True,False,19.089304495891554,False,0.06824950000736862
p2-446-0,6,0.0,0.9,50.0,0.02,True,125,False,True,150.855172251642,150.855172251642,True,False,74.85681597575771,False,0.00014059999375604093,True,False,4.429677928770616,False,0.00034550001146271825,True,True,0.0,True,0.0007600999961141497,True,False,6.888566363879818,False,0.1493880999914836
p2-446-1,6,0.0,0.9,50.0,0.02,True,139,False,False,146.09731617155526,146.09731617155526,True,False,79.60902393266358,False,0.00011930000619031489,True,True,0.0,False,0.0002731999848037958,True,True,0.0,False,0.00021050000214017928,True,False,24.35565058868937,False,0.1857198000070639
p2-446-2,6,0.0,0.9,50.0,0.02,True,61,False,False,126.70311038116827,126.70311038116826,True,False,48.869686428235894,False,8.169998181983829e-05,True,False,5.356400950088016,False,0.0002099999983329326,True,True,0.0,False,0.001166699978057295,True,False,6.115480261707518,False,0.0703592999780085
p2-447-0,6,0.0,0.9,100.0,0.005,True,32,False,True,112.4904944332157,112.4904944332157,True,False,54.768248921442336,False,4.81999886687845e-05,True,False,4.366714086111756,False,0.00012849998893216252,True,True,0.0,True,0.00014119999832473695,True,False,4.366714086111756,False,0.03590340001392178
p2-447-1,6,0.0,0.9,100.0,0.005,True,26,False,True,111.14806996449454,111.14806996449454,True,False,44.960626997973065,False,4.3100008042529225e-05,True,False,7.004353890490023,False,0.00012499999138526618,True,True,0.0,True,0.00019340001745149493,True,False,4.559580443506746,False,0.028107899997849017
p2-447-2,6,0.0,0.9,100.0,0.005,True,38,False,True,125.23303093934518,125.23303093934518,True,False,64.41721226911952,False,5.160001455806196e-05,True,False,4.080800798043697,False,0.00014290001126937568,True,True,0.0,True,0.00020080001559108496,True,False,4.700393900482112,False,0.042930399999022484
p2-448-0,6,0.0,0.9,100.0,0.01,True,40,False,False,144.93031764383534,144.93031764383534,True,False,68.31740799729278,False,5.310002597980201e-05,True,True,0.0,False,0.00016570001025684178,True,True,0.0,False,0.00022749998606741428,True,False,11.554982616972922,False,0.0452246000058949
p2-448-1,6,0.0,0.9,100.0,0.01,True,30,False,True,119.76675822135817,119.76675822135817,True,False,58.274719320328444,False,4.5199994929134846e-05,True,True,0.0,True,0.00012000001152046025,True,True,0.0,True,0.00013150001177564263,True,True,0.0,True,0.036390900000697
p2-448-2,6,0.0,0.9,100.0,0.01,True,33,False,True,121.51261732755133,121.51261732755131,True,False,56.18370210320525,False,4.7999987145885825e-05,True,True,0.0,True,0.00012680000509135425,True,True,0.0,True,0.00018599999020807445,True,False,6.225786003400842,False,0.03737360000377521
p2-449-0,6,0.0,0.9,100.0,0.02,True,44,False,True,140.6432625126868,140.64326251268682,True,False,60.0078909815486,False,5.509998300112784e-05,True,False,4.46614880336918,False,0.00015180002083070576,True,True,0.0,True,0.000305800000205636,True,False,15.437450315175937,False,0.05021590000251308
p2-449-1,6,0.0,0.9,100.0,0.02,True,52,False,False,149.65965644813238,149.65965644813238,True,False,63.43501130284517,False,6.200000643730164e-05,True,False,6.30607778357745,False,0.00015430001076310873,True,True,0.0,False,0.0003349999897181988,True,False,12.47717352376975,False,0.05725769998389296
p2-449-2,6,0.0,0.9,100.0,0.02,True,45,False,True,143.11386817704545,143.11386817704548,True,False,57.65481457532047,False,5.679999594576657e-05,True,False,5.678879645868335,False,0.00014459999511018395,True,True,0.0,True,0.0002179000002797693,True,False,12.191803814370076,False,0.052190400019753724
p2-450-0,6,0.0,1.0,25.0,0.005,True,34,False,True,123.04230860153058,123.04230860153056,True,True,0.0,True,4.6600005589425564e-05,True,True,0.0,True,0.00014409999130293727,True,True,0.0,True,0.0001303000026382506,True,True,0.0,True,0.03648609999800101
p2-450-1,6,0.0,1.0,25.0,0.005,True,29,False,True,124.16938473327087,124.16938473327086,True,True,0.0,True,4.429998807609081e-05,True,True,0.0,True,0.00012959999730810523,True,True,0.0,True,7.459998596459627e-05,True,True,0.0,True,0.03141930000856519
p2-450-2,6,0.0,1.0,25.0,0.005,True,37,False,False,124.12354254819495,124.12354254819496,False,False,,False,5.09000092279166e-05,False,False,,False,0.0001934999891091138,True,True,0.0,False,0.00017439998919144273,True,True,0.0,False,0.046859299996867776
p2-451-0,6,0.0,1.0,25.0,0.01,False,52,False,False,,,False,False,,False,,False,False,,False,,False,False,,False,,False,False,,False,
p2-451-1,6,0.0,1.0,25.0,0.01,True,88,False,False,137.3490262633275,137.3490262633275,True,False,3.7113950770334725,False,8.24000162538141e-05,True,False,3.7113950770334725,False,0.000229199999012053,True,True,0.0,False,0.000228899996727705,True,False,1.368524756612004,False,0.0986962000024505
p2-451-2,6,0.0,1.0,25.0,0.01,True,69,False,True,143.5007779780579,143.5007779780579,False,False,,False,6.940000457689166e-05,False,False,,False,0.0001838000025600195,True,True,0.0,True,0.0002644999767653644,True,False,0.7907819199044752,False,0.07882960001006722
p2-452-0,6,0.0,1.0,25.0,0.02,True,112,False,False,151.04475681027876,151.04475681027878,True,False,4.170979942035132,False,9.68000094871968e-05,True,False,4.170979942035132,False,0.00022950000129640102,True,True,0.0,False,0.00047470000572502613,True,False,3.975647573709182,False,0.13001039999653585
p2-452-1,6,0.0,1.0,25.0,0.02,True,116,False,False,154.05457445434297,154.05457445434297,False,False,,False,0.00011100000119768083,False,False,,False,0.00030759998480789363,True,True,0.0,False,0.001003599987598136,True,False,5.596696398788595,False,0.1319972999917809
p2-452-2,6,0.0,1.0,25.0,0.02,True,150,False,False,150.30805960830207,150.30805960830207,False,False,,False,0.00010750000365078449,False,False,,False,0.00025790001382119954,True,True,0.0,False,0.0003947000077459961,True,False,6.902374394959111,False,0.1761941000004299
p2-453-0,6,0.0,1.0,50.0,0.005,True,6,False,True,124.08662617005285,124.08662617005285,True,True,0.0,True,2.5299988919869065e-05,True,True,0.0,True,0.00010149998706765473,True,True,0.0,True,6.089999806135893e-05,True,True,0.0,True,0.006760500022210181
p2-453-1,6,0.0,1.0,50.0,0.005,True,8,False,True,128.54223802000902,128.54223802000902,True,True,0.0,True,2.7699978090822697e-05,True,True,0.0,True,0.00010109998402185738,True,True,0.0,True,6.029999349266291e-05,True,True,0.0,True,0.008732199989026412
p2-453-2,6,0.0,1.0,50.0,0.005,True,6,False,True,122.97380325413425,122.97380325413425,True,True,0.0,True,2.449998282827437e-05,True,True,0.0,True,0.00010559998918324709,True,True,0.0,True,8.739999611862004e-05,True,True,0.0,True,0.0064987000077962875
p2-454-0,6,0.0,1.0,50.0,0.01,False,11,False,False,,,False,False,,False,,False,False,,False,,False,False,,False,,False,False,,False,
p2-454-1,6,0.0,1.0,50.0,0.01,True,19,False,True,141.43868639164776,141.43868639164776,False,False,,False,2.989999484270811e-05,False,False,,False,0.00011679998715408146,True,True,0.0,True,0.00027639998006634414,True,True,0.0,True,0.021191800013184547
p2-454-2,6,0.0,1.0,50.0,0.01,True,19,False,True,140.01041129188215,140.01041129188215,True,True,0.0,True,3.579998156055808e-05,True,True,0.0,True,0.00011820002691820264,True,True,0.0,True,6.729998858645558e-05,True,True,0.0,True,0.02019120001932606
p2-455-0,6,0.0,1.0,50.0,0.02,True,49,False,True,150.54269564783758,150.54269564783758,True,True,0.0,True,5.440000677481294e-05,True,True,0.0,True,0.0001568000006955117,True,True,0.0,True,8.560001151636243e-05,True,False,0.9673726492686114,False,0.054554700007429346
p2-455-1,6,0.0,1.0,50.0,0.02,True,60,False,True,152.9892602007787,152.9892602007787,False,False,,False,5.57999883312732e-05,False,False,,False,0.00016339999274350703,True,True,0.0,True,0.00024670001585036516,True,False,1.4871218820472905,False,0.06497949999175034
p2-455-2,6,0.0,1.0,50.0,0.02,True,68,False,False,147.95250953007223,147.95250953007223,True,True,0.0,False,6.799999391660094e-05,True,True,0.0,False,0.00018440000712871552,True,True,0.0,False,9.099999442696571e-05,True,False,2.8677732636515145,False,0.07895889997598715
p2-456-0,6,0.0,1.0,100.0,0.005,True,6,False,True,128.0209574111979,128.0209574111979,True,True,0.0,True,2.5699991965666413e-05,True,True,0.0,True,9.759998647496104e-05,True,True,0.0,True,6.089999806135893e-05,True,True,0.0,True,0.006510300008812919
p2-456-1,6,0.0,1.0,100.0,0.005,True,6,False,True,123.91845705736978,123.91845705736978,True,True,0.0,True,2.370000584051013e-05,True,True,0.0,True,9.600000339560211e-05,True,True,0.0,True,5.7900004321709275e-05,True,True,0.0,True,0.006389500020304695
p2-456-2,6,0.0,1.0,100.0,0.005,True,6,False,True,125.42971966983609,125.42971966983608,True,True,0.0,True,3.0000024707987905e-05,True,True,0.0,True,0.00010460001067258418,True,True,0.0,True,5.980001878924668e-05,True,True,0.0,True,0.0065821000025607646
p2-457-0,6,0.0,1.0,100.0,0.01,True,6,False,True,138.57463488169265,138.57463488169265,True,True,0.0,True,2.340000355616212e-05,True,True,0.0,True,9.549999958835542e-05,True,True,0.0,True,5.959998816251755e-05,True,True,0.0,True,0.0064799000101629645
p2-457-1,6,0.0,1.0,100.0,0.01,True,6,False,True,136.74179125513615,136.74179125513615,True,True,0.0,True,2.340000355616212e-05,True,True,0.0,True,9.750001481734216e-05,True,True,0.0,True,5.6100019719451666e-05,True,True,0.0,True,0.00655170000391081
p2-457-2,6,0.0,1.0,100.0,0.01,True,6,False,True,138.03549185425095,138.03549185425095,True,True,0.0,True,2.2899999748915434e-05,True,True,0.0,True,9.509999654255807e-05,True,True,0.0,True,5.77000027988106e-05,True,True,0.0,True,0.006443199992645532
p2-458-0,6,0.0,1.0,100.0,0.02,True,18,False,True,153.62211357643824,153.62211357643824,True,True,0.0,True,3.5600009141489863e-05,True,True,0.0,True,0.00011580000864341855,True,True,0.0,True,0.00011799999629147351,True,True,0.0,True,0.020076500019058585
p2-458-1,6,0.0,1.0,100.0,0.02,True,10,False,True,147.45928324426788,147.45928324426788,True,True,0.0,True,2.789997961372137e-05,True,True,0.0,True,0.00010229999315924942,True,True,0.0,True,6.010002107359469e-05,True,True,0.0,True,0.01073420001193881
p2-458-2,6,0.0,1.0,100.0,0.02,True,14,False,False,154.67449558672723,154.67449558672723,True,True,0.0,False,3.160000778734684e-05,True,True,0.0,False,0.00010989999282173812,True,True,0.0,False,6.439999560825527e-05,True,True,0.0,False,0.015994999994290993
p2-459-0,6,0.5,0.8,25.0,0.005,True,62,False,False,-100.25570775941338,-100.2557077594134,True,False,2.3628532242515803,False,7.929999264888465e-05,True,False,2.786715341804623,False,0.0002423000114504248,True,True,0.0,False,0.0006093000120017678,True,False,4.664331799087165,False,0.07249699998646975
p2-459-1,6,0.5,0.8,25.0,0.005,True,58,False,False,-81.92210594683716,-81.92210594683716,True,False,2.506198051425983,False,6.220000796020031e-05,True,False,3.698000946897821,False,0.00015589999384246767,True,True,0.0,False,0.0003260000084992498,True,False,4.1186509656329235,False,0.0636817000049632
p2-459-2,6,0.5,0.8,25.0,0.005,True,96,False,False,-105.57561582478031,-105.57561582478031,True,True,0.0,False,9.030001820065081e-05,True,True,0.0,False,0.0002209999947808683,True,True,0.0,False,0.0005688999954145402,True,False,8.903313148352566,False,0.11306050000712276
p2-460-0,6,0.5,0.8,25.0,0.01,True,92,False,False,-77.66518341992752,-77.66518341992752,True,False,2.6495250653632496,False,8.700002217665315e-05,True,False,5.104450296271025,False,0.0002033999771811068,True,True,0.0,False,0.0008648000075481832,True,False,3.502507873691613,False,0.10505949999787845
p2-460-1,6,0.5,0.8,25.0,0.01,True,91,False,False,-81.77375427822344,-81.77375427822342,True,False,1.1967486490631103,False,8.640001760795712e-05,True,False,11.656079392452597,False,0.00021359999664127827,True,True,0.0,False,0.0011771999998018146,True,False,5.9346464467758295,False,0.10729689997970127
p2-460-2,6,0.5,0.8,25.0,0.01,True,84,False,False,-68.65266175785706,-68.65266175785706,True,False,0.905168871827243,False,0.0001314000110141933,True,False,6.068615573439317,False,0.00025969999842345715,True,True,0.0,False,0.0007205000147223473,True,False,3.5183279441115616,False,0.09593670000322163
p2-461-0,6,0.5,0.8,25.0,0.02,True,137,False,False,-60.72880372704756,-60.72880372704757,True,False,4.249947685052852,False,0.00011500000255182385,True,False,7.913101490183813,False,0.0002555999963078648,True,True,0.0,False,0.0019243999850004911,True,False,5.987887771894776,False,0.16422000000602566
p2-461-1,6,0.5,0.8,25.0,0.02,True,140,False,False,-70.2087667303895,-70.2087667303895,True,True,0.0,False,0.00014630000805482268,True,True,0.0,False,0.00035559997195377946,True,True,0.0,False,0.0008842000097502023,True,False,7.169189767713945,False,0.18121969999629073
p2-461-2,6,0.5,0.8,25.0,0.02,True,111,False,False,-53.161099392773835,-53.16109939277384,True,False,4.141920354043307,False,9.710001177154481e-05,True,True,0.0,False,0.00021260001813061535,True,True,0.0,False,0.0005844999977853149,True,False,3.389321288886123,False,0.12783530002343468
p2-462-0,6,0.5,0.8,50.0,0.005,True,30,False,True,-78.16895691212106,-78.16895691212106,True,True,0.0,True,4.6200002543628216e-05,True,False,1.6914307091525558,False,0.00012240000069141388,True,True,0.0,True,0.0004621999978553504,True,True,0.0,True,0.03501590000814758
p2-462-1,6,0.5,0.8,50.0,0.005,True,34,False,False,-85.39157742995681,-85.3915774299568,True,True,0.0,False,4.6900007873773575e-05,True,False,2.8890717156970567,False,0.00012710000737570226,True,True,0.0,False,0.0003501999890431762,True,False,4.234809942650429,False,0.04011279999394901
p2-462-2,6,0.5,0.8,50.0,0.005,True,25,False,True,-74.27795473444044,-74.27795473444044,True,True,0.0,True,4.080001963302493e-05,True,False,3.101015703395774,False,0.00010979999206028879,True,True,0.0,True,0.00018169998656958342,True,True,0.0,True,0.030073899979470298
p2-463-0,6,0.5,0.8,50.0,0.01,True,41,False,True,-66.8484505047102,-66.84845050471021,True,True,0.0,True,5.3499999921768904e-05,True,False,4.884981857525986,False,0.00013689999468624592,True,True,0.0,True,0.0006563000206369907,True,True,0.0,True,0.05348460000823252
p2-463-1,6,0.5,0.8,50.0,0.01,True,52,False,False,-91.75709361804539,-91.75709361804539,True,False,1.21708960386853,False,6.200000643730164e-05,True,False,6.771724256876681,False,0.00016450000111944973,True,True,0.0,False,0.00046999999904073775,True,False,4.8371896310641915,False,0.06020759997772984
p2-463-2,6,0.5,0.8,50.0,0.01,True,50,False,False,-71.36141824228254,-71.36141824228254,True,False,2.1794572170058757,False,5.85000088904053e-05,True,False,7.949973125525538,False,0.0001503000094089657,True,True,0.0,False,0.0016417999868281186,True,False,2.4696693989487244,False,0.05945339999743737
p2-464-0,6,0.5,0.8,50.0,0.02,True,64,False,False,-54.98759070709886,-54.98759070709886,True,False,3.850856681607816,False,6.670001312159002e-05,True,False,6.766669217587214,False,0.00015810001059435308,True,True,0.0,False,0.0010013999999500811,True,False,3.4680701662322733,False,0.07859759998973459
p2-464-1,6,0.5,0.8,50.0,0.02,True,93,False,False,-62.21025321091219,-62.210253210912185,True,False,0.4640574766434682,False,9.279997902922332e-05,True,False,3.6141284955246604,False,0.0002015999925788492,True,True,0.0,False,0.00046629999997094274,True,False,5.696778933985236,False,0.1050909000041429
p2-464-2,6,0.5,0.8,50.0,0.02,True,73,False,False,-61.33509141733231,-61.335091417332315,True,False,0.36238681051676735,False,8.58000130392611e-05,True,False,3.2449256661565187,False,0.00022379998699761927,True,True,0.0,False,0.000603899999987334,True,False,6.010659512961716,False,0.08503850002307445
p2-465-0,6,0.5,0.8,100.0,0.005,True,38,False,True,-115.0324480275585,-115.0324480275585,True,True,0.0,True,5.0000002374872565e-05,True,False,3.103558745332677,False,0.0001443000219296664,True,True,0.0,True,0.00020280000171624124,True,False,4.3690535163693625,False,0.044374999997671694
p2-465-1,6,0.5,0.8,100.0,0.005,True,21,False,True,-75.55459750652949,-75.55459750652949,True,True,0.0,True,3.9000005926936865e-05,True,False,3.176127480762659,False,0.00010730000212788582,True,True,0.0,True,0.0002342000079806894,True,True,0.0,True,0.023353900003712624
p2-465-2,6,0.5,0.8,100.0,0.005,True,31,False,True,-92.46013279369765,-92.46013279369764,True,True,0.0,True,5.319999763742089e-05,True,False,10.08383130978531,False,0.00019679998513311148,True,True,0.0,True,0.00032560000545345247,True,False,1.8331232769359218,False,0.036942799983080477
p2-466-0,6,0.5,0.8,100.0,0.01,True,33,False,False,-89.79341145114219,-89.79341145114218,True,True,0.0,False,5.050000618211925e-05,True,False,2.6205381377182704,False,0.00016240001423284411,True,True,0.0,False,0.0002663999912329018,True,True,0.0,False,0.03731620000326075
p2-466-1,6,0.5,0.8,100.0,0.01,True,36,False,True,-93.68565391519769,-93.68565391519769,True,True,0.0,True,4.610000178217888e-05,True,False,1.3727089533321504,False,0.00013529998250305653,True,True,0.0,True,0.00020859998767264187,True,True,0.0,True,0.03992480001761578
p2-466-2,6,0.5,0.8,100.0,0.01,True,24,False,True,-71.4605000648705,-71.4605000648705,True,True,0.0,True,3.819999983534217e-05,True,False,1.9220410783141375,False,0.00010730000212788582,True,True,0.0,True,0.00017869999282993376,True,True,0.0,True,0.02577259999816306
p2-467-0,6,0.5,0.8,100.0,0.02,True,50,False,False,-82.04890501120585,-82.04890501120586,True,False,0.9769383301804737,False,5.679999594576657e-05,True,False,3.851982971680073,False,0.00015469998470507562,True,True,0.0,False,0.0004904000088572502,True,False,4.103527130647407,False,0.055170999985421076
p2-467-1,6,0.5,0.8,100.0,0.02,True,51,True,False,-79.81240067049275,-80.01834079865822,True,True,0.0,False,5.9200014220550656e-05,True,False,5.588397687029769,False,0.00016039999900385737,True,True,0.0,False,0.00962900000740774,True,False,3.297112595340053,False,0.05632430000696331
p2-467-2,6,0.5,0.8,100.0,0.02,True,64,False,False,-100.28701262529759,-100.28701262529759,True,False,1.9044786603766255,False,8.639998850412667e-05,True,False,3.303188209148729,False,0.00025630000163801014,True,True,0.0,False,0.0007885999802965671,True,False,6.820572319838618,False,0.07497149999835528
p2-468-0,6,0.5,0.9,25.0,0.005,True,81,False,False,-99.14835516128402,-99.14835516128403,True,True,0.0,False,8.009999874047935e-05,True,True,0.0,False,0.00019500000053085387,True,True,0.0,False,0.0005743000074289739,True,False,10.581175400520252,False,0.0946962000161875
p2-468-1,6,0.5,0.9,25.0,0.005,True,87,False,False,-100.0384345075904,-100.0384345075904,True,True,0.0,False,8.530000923201442e-05,True,True,0.0,False,0.0002052999916486442,True,True,0.0,False,0.0005839999939780682,True,False,6.176342578495266,False,0.1024522999941837
p2-468-2,6,0.5,0.9,25.0,0.005,True,80,False,False,-104.73439130319557,-104.73439130319555,True,True,0.0,False,7.790001109242439e-05,True,True,0.0,False,0.00020310000400058925,True,True,0.0,False,0.00032060002558864653,True,False,10.626463394373673,False,0.09400419998564757
p2-469-0,6,0.5,0.9,25.0,0.01,True,109,False,False,-86.44657874420919,-86.44657874420919,True,False,1.186128521536503,True,9.68000094871968e-05,True,False,9.167210764386695,False,0.00022360001457855105,True,True,0.0,False,0.0005821999802719802,True,False,10.922874896308045,False,0.1283547000202816
p2-469-1,6,0.5,0.9,25.0,0.01,True,111,False,False,-84.29575311355305,-84.29575311355303,True,False,3.729605658582898,False,9.690001024864614e-05,True,True,0.0,False,0.0002136999974027276,True,True,0.0,False,0.0004564999835565686,True,False,7.712797296665741,False,0.13130940002156422
p2-469-2,6,0.5,0.9,25.0,0.01,True,122,False,False,-94.57112663003717,-94.57112663003717,True,False,2.354463915606374,False,0.00010490001295693219,True,True,0.0,False,0.0002477999951224774,True,True,0.0,False,0.0005179999861866236,True,False,9.999813083243012,False,0.1452597000170499
p2-470-0,6,0.5,0.9,25.0,0.02,True,172,False,False,-65.12860166475896,-65.12860166475896,True,False,5.439836201528401,False,0.00016219998360611498,True,False,8.066709698485745,False,0.00029669998912140727,True,True,0.0,False,0.0007772000099066645,True,False,9.427951183181492,False,0.20928680000361055
p2-470-1,6,0.5,0.9,25.0,0.02,True,216,True,False,-77.47923360516708,-77.48305531579234,True,False,1.958399594961378,False,0.00020119998953305185,True,False,4.61133529879568,False,0.0004695000243373215,True,True,0.0,False,0.01811569998972118,True,False,11.451800951420623,False,0.2676811999990605
p2-470-2,6,0.5,0.9,25.0,0.02,True,169,False,False,-62.64463667082627,-62.64463667082627,True,False,1.3417462572328418,False,0.0001367000222671777,True,False,1.3417462572328418,False,0.00028780000866390765,True,True,0.0,False,0.0009956000139936805,True,False,2.649741505371722,False,0.2072831999976188
p2-471-0,6,0.5,0.9,50.0,0.005,True,47,False,True,-104.22662733427956,-104.22662733427956,True,True,0.0,True,5.800000508315861e-05,True,False,7.7287180068188235,False,0.00015619999612681568,True,True,0.0,True,0.00023320000036619604,True,False,7.0503970529821345,False,0.054114900005515665
p2-471-1,6,0.5,0.9,50.0,0.005,True,43,False,True,-106.51137516925667,-106.51137516925667,True,True,0.0,True,5.729999975301325e-05,True,False,7.326527350967552,False,0.00015929999062791467,True,True,0.0,True,0.0007199000101536512,True,False,5.729120708211681,False,0.04670889998669736
p2-471-2,6,0.5,0.9,50.0,0.005,True,36,False,True,-94.37176191011396,-94.37176191011396,True,True,0.0,True,4.8999994760379195e-05,True,False,15.53866232148465,False,0.00015180002083070576,True,True,0.0,True,0.00021749999723397195,True,True,0.0,True,0.041287300002295524
p2-472-0,6,0.5,0.9,50.0,0.01,True,51,False,True,-96.89537616634922,-96.89537616634922,True,True,0.0,True,6.0699996538460255e-05,True,False,4.171422046141672,False,0.0001604999997653067,True,True,0.0,True,0.00028619999648071826,True,False,6.372434810737346,False,0.060756899998523295
p2-472-1,6,0.5,0.9,50.0,0.01,True,65,False,False,-104.23379881601639,-104.23379881601639,True,False,1.3840795809049098,True,8.13000078778714e-05,True,False,1.3840795809049098,True,0.00023990002227947116,True,True,0.0,False,0.0003819999983534217,True,True,0.0,False,0.07735449998290278
p2-472-2,6,0.5,0.9,50.0,0.01,True,66,False,True,-99.67797503915676,-99.67797503915676,True,True,0.0,True,8.129997877404094e-05,True,False,9.027255966026118,False,0.00024210000992752612,True,True,0.0,True,0.0004569999873638153,True,False,9.713884134464138,False,0.07571639999514446
p2-473-0,6,0.5,0.9,50.0,0.02,True,110,False,False,-67.98620826283567,-67.98620826283569,True,False,2.0522812800114423,False,0.00011130000348202884,True,False,5.091598217654678,False,0.00021609998657368124,True,True,0.0,False,0.0026928000152111053,True,False,6.619042235779759,False,0.1266436000005342
p2-473-1,6,0.5,0.9,50.0,0.02,True,121,False,True,-89.13966002046298,-89.13966002046298,True,False,1.750028835043139,False,0.00010759997530840337,True,False,4.041430538834732,False,0.00023209999199025333,True,True,0.0,True,0.00035249997745268047,True,False,9.101766742071447,False,0.14449700000113808
p2-473-2,6,0.5,0.9,50.0,0.02,True,123,False,False,-89.05546320226908,-89.05546320226907,True,True,0.0,False,0.00011140000424347818,True,False,6.8620545723666595,False,0.00025240000104531646,True,True,0.0,False,0.0006806000019423664,True,False,9.881516229539642,False,0.14922870000009425
p2-474-0,6,0.5,0.9,100.0,0.005,True,35,False,True,-106.69649615806806,-106.69649615806807,True,True,0.0,True,4.990000161342323e-05,True,True,0.0,True,0.00013760000001639128,True,True,0.0,True,0.00021070000366307795,True,False,5.938943459570339,False,0.04190310000558384
p2-474-1,6,0.5,0.9,100.0,0.005,True,35,False,True,-104.63997985549021,-104.63997985549021,True,True,0.0,True,4.9299997044727206e-05,True,False,3.853169380083955,False,0.00013189998571760952,True,True,0.0,True,0.0002077000099234283,True,False,5.872763228487358,False,0.038583099987590685
p2-474-2,6,0.5,0.9,100.0,0.005,True,33,False,True,-97.09864320731145,-97.09864320731145,True,True,0.0,True,5.57999883312732e-05,True,False,7.657129451819856,False,0.00014449999434873462,True,True,0.0,True,0.00022449999232776463,True,True,0.0,True,0.042688499990617856
p2-475-0,6,0.5,0.9,100.0,0.01,True,38,False,False,-87.09071551724858,-87.09071551724858,True,False,1.2734599189291345,True,5.259999306872487e-05,True,True,0.0,False,0.0001480999926570803,True,True,0.0,False,0.00023259999579750001,True,False,2.1855228519561933,False,0.042568800010485575
p2-475-1,6,0.5,0.9,100.0,0.01,True,34,False,True,-92.549645144163,-92.54964514416298,True,True,0.0,True,4.959999932907522e-05,True,True,0.0,True,0.00013800000306218863,True,True,0.0,True,0.00020900001982226968,True,True,0.0,True,0.03748349999659695
p2-475-2,6,0.5,0.9,100.0,0.01,True,41,False,True,-93.75666409519235,-93.75666409519235,True,True,0.0,True,5.339999916031957e-05,True,False,7.682793220465527,False,0.00015219999477267265,True,True,0.0,True,0.00021840000408701599,True,False,4.140472937019098,False,0.04909440001938492
p2-476-0,6,0.5,0.9,100.0,0.02,True,62,False,True,-91.52404289893391,-91.52404289893391,True,True,0.0,True,8.310002158395946e-05,True,False,7.813928519411689,False,0.0002476000227034092,True,True,0.0,True,0.0007431999838445336,True,False,9.19923317064935,False,0.09718499999144115
p2-476-1,6,0.5,0.9,100.0,0.02,True,58,False,False,-106.1566935875414,-106.1566935875414,True,True,0.0,False,6.729998858645558e-05,True,False,4.476388099968091,False,0.00018670002464205027,True,True,0.0,False,0.000314799981424585,True,False,5.033126578142841,False,0.064640500000678
p2-476-2,6,0.5,0.9,100.0,0.02,True,45,False,False,-66.85256605251548,-66.85256605251548,True,True,0.0,False,6.290001329034567e-05,True,False,4.447746675810713,False,0.0001731000083964318,True,True,0.0,False,0.00028119998751208186,True,True,0.0,False,0.051114500005496666
p2-477-0,6,0.5,1.0,25.0,0.005,True,41,False,True,-107.67668424170381,-107.67668424170381,True,False,14.868879683618275,False,6.880000000819564e-05,True,False,14.868879683618275,False,0.000159399991389364,True,True,0.0,True,9.2999980552122e-05,True,True,0.0,True,0.048292099992977455
p2-477-1,6,0.5,1.0,25.0,0.005,True,52,False,True,-108.00528425986325,-108.00528425986326,True,False,17.279566237913627,False,7.48000165913254e-05,True,False,17.279566237913627,False,0.00022689998149871826,True,True,0.0,True,0.00011819999781437218,True,True,0.0,True,0.05906299999332987
p2-477-2,6,0.5,1.0,25.0,0.005,True,49,False,False,-105.58708753236967,-105.58708753236968,True,True,0.0,False,5.549998604692519e-05,True,True,0.0,False,0.000155999994603917,True,True,0.0,False,9.010001667775214e-05,True,True,0.0,False,0.06004310000571422
p2-478-0,6,0.5,1.0,25.0,0.01,True,93,False,True,-102.92886073931965,-102.92886073931965,True,False,16.20032668414771,False,0.00010500001371838152,True,False,16.20032668414771,False,0.00021779999951831996,True,True,0.0,True,0.00011590000940486789,True,False,6.0372861702602165,False,0.10661930000060238
p2-478-1,6,0.5,1.0,25.0,0.01,True,77,False,False,-94.12113294586507,-94.12113294586507,True,False,11.739697025912719,False,7.470001582987607e-05,True,False,11.739697025912719,False,0.00018470000941306353,True,True,0.0,False,0.0005617999995592982,True,False,0.9587614749106592,False,0.08662940000067465
p2-478-2,6,0.5,1.0,25.0,0.01,True,89,False,False,-95.594704068216,-95.594704068216,True,False,3.3089104436818815,False,8.570001227781177e-05,True,False,3.3089104436818815,False,0.00021379999816417694,True,True,0.0,False,0.00049640002544038,True,False,0.029230380448822757,False,0.10454519998165779
p2-479-0,6,0.5,1.0,25.0,0.02,True,116,False,False,-80.10817644878685,-80.10817644878685,True,False,13.46972722077264,False,0.0001016999885905534,True,False,13.46972722077264,False,0.00025170002481900156,True,True,0.0,False,0.0008308000105898827,True,False,0.4702415780101319,False,0.13595440000062808
p2-479-1,6,0.5,1.0,25.0,0.02,True,137,False,False,-78.7229528410833,-78.7229528410833,True,False,11.99844947666331,False,0.00011779999476857483,True,False,11.99844947666331,False,0.0002668999950401485,True,True,0.0,False,0.0017371999856550246,True,False,3.604768064478506,False,0.16271960001904517
p2-479-2,6,0.5,1.0,25.0,0.02,True,135,False,False,-83.49287034456775,-83.49287034456775,True,False,3.519722550936038,False,0.00011529997573234141,True,False,11.226808012745408,False,0.0002617000136524439,True,True,0.0,False,0.0008197000133804977,True,False,2.8187809318055344,False,0.1589817999920342
p2-480-0,6,0.5,1.0,50.0,0.005,True,26,False,True,-109.07231187586513,-109.07231187586511,True,True,0.0,True,4.230000195093453e-05,True,True,0.0,True,0.00013080000644549727,True,True,0.0,True,7.530002039857209e-05,True,True,0.0,True,0.028010600013658404
p2-480-1,6,0.5,1.0,50.0,0.005,True,30,False,False,-92.93219122291634,-92.93219122291636,True,True,0.0,False,4.469999112188816e-05,True,True,0.0,False,0.00013649999164044857,True,True,0.0,False,8.50000069476664e-05,True,True,0.0,False,0.033253700006753206
p2-480-2,6,0.5,1.0,50.0,0.005,True,27,False,True,-109.09730491689591,-109.09730491689591,True,True,0.0,True,4.230000195093453e-05,True,True,0.0,True,0.00013100000796839595,True,True,0.0,True,7.719997665844858e-05,True,True,0.0,True,0.030340800003614277
p2-481-0,6,0.5,1.0,50.0,0.01,True,37,False,True,-102.36693919350908,-102.36693919350908,True,True,0.0,True,5.050000618211925e-05,True,True,0.0,True,0.00014730001566931605,True,True,0.0,True,8.520000847056508e-05,True,True,0.0,True,0.042164500016951934
p2-481-1,6,0.5,1.0,50.0,0.01,True,38,False,True,-97.17423345650836,-97.17423345650835,True,False,15.852465975066835,False,4.919999628327787e-05,True,False,15.852465975066835,False,0.00015320000238716602,True,True,0.0,True,8.949998300522566e-05,True,True,0.0,True,0.042448599997442216
p2-481-2,6,0.5,1.0,50.0,0.01,True,44,False,False,-98.58501574118264,-98.58501574118264,True,True,0.0,False,7.090001599863172e-05,True,True,0.0,False,0.00026390000130049884,True,True,0.0,False,0.00047679999261163175,True,True,0.0,False,0.05002759999479167
p2-482-0,6,0.5,1.0,50.0,0.02,True,67,False,False,-89.71039278375214,-89.71039278375214,True,True,0.0,False,7.40000104997307e-05,True,True,0.0,False,0.0001883000077214092,True,True,0.0,False,0.00036269999691285193,True,False,1.1082350142519601,False,0.07800880001741461
p2-482-1,6,0.5,1.0,50.0,0.02,True,71,False,False,-88.31622835981598,-88.31622835981597,True,False,12.731771919168438,False,8.789999992586672e-05,True,False,12.731771919168438,False,0.00024850000045262277,True,True,0.0,False,0.0005173000099603087,True,False,6.387965070411781,False,0.08577940001850948
p2-482-2,6,0.5,1.0,50.0,0.02,True,74,False,False,-89.55894355814233,-89.55894355814233,True,False,13.786465724488139,False,9.539999882690609e-05,True,False,13.786465724488139,False,0.0002621999883558601,True,True,0.0,False,0.0004015000013168901,True,True,0.0,False,0.08536139997886494
p2-483-0,6,0.5,1.0,100.0,0.005,True,24,False,True,-127.04030349824009,-127.04030349824009,True,True,0.0,True,4.089999129064381e-05,True,True,0.0,True,0.00012390001211315393,True,True,0.0,True,7.429998368024826e-05,True,True,0.0,True,0.030974799999967217
p2-483-1,6,0.5,1.0,100.0,0.005,True,21,False,False,-60.77100614262501,-60.77100614262501,True,True,0.0,False,4.0000013541430235e-05,True,True,0.0,False,0.00014300001203082502,True,True,0.0,False,8.50000069476664e-05,True,True,0.0,False,0.024105100019369274
p2-483-2,6,0.5,1.0,100.0,0.005,True,24,False,True,-120.81019405643484,-120.81019405643484,True,True,0.0,True,4.0799990529194474e-05,True,True,0.0,True,0.00012309997691772878,True,True,0.0,True,7.48000165913254e-05,True,True,0.0,True,0.03428739999071695
p2-484-0,6,0.5,1.0,100.0,0.01,True,24,False,False,-89.42726522650435,-89.42726522650435,True,True,0.0,False,4.33000095654279e-05,True,True,0.0,False,0.00012779998360201716,True,True,0.0,False,8.990001515485346e-05,True,True,0.0,False,0.026042499986942858
p2-484-1,6,0.5,1.0,100.0,0.01,True,26,False,True,-109.527671136625,-109.527671136625,True,True,0.0,True,4.81999886687845e-05,True,True,0.0,True,0.0001804000057745725,True,True,0.0,True,9.400001727044582e-05,True,True,0.0,True,0.03390499998931773
p2-484-2,6,0.5,1.0,100.0,0.01,True,28,False,True,-105.1510281172618,-105.1510281172618,True,True,0.0,True,9.520002640783787e-05,True,True,0.0,True,0.0001663000148255378,True,True,0.0,True,9.499999578110874e-05,True,True,0.0,True,0.03485600001295097
p2-485-0,6,0.5,1.0,100.0,0.02,True,29,False,False,-81.3713883770526,-81.3713883770526,True,True,0.0,False,4.6900007873773575e-05,True,True,0.0,False,0.00014750001719221473,True,True,0.0,False,9.600000339560211e-05,True,True,0.0,False,0.03295849999994971
p2-485-1,6,0.5,1.0,100.0,0.02,True,37,False,True,-92.88455620422732,-92.88455620422732,True,True,0.0,True,5.2799994591623545e-05,True,True,0.0,True,0.0001553000183776021,True,True,0.0,True,9.050001972354949e-05,True,True,0.0,True,0.04481970000779256
p2-485-2,6,0.5,1.0,100.0,0.02,True,33,False,True,-94.6181979142187,-94.61819791421868,True,True,0.0,True,5.880001117475331e-05,True,True,0.0,True,0.00020539999241009355,True,True,0.0,True,0.00011220001033507288,True,True,0.0,True,0.03833009998197667
p2-486-0,6,1.0,0.8,25.0,0.005,True,80,False,False,-89.87429902131231,-89.87429902131231,True,False,0.029089227153377806,False,0.00010740000288933516,True,False,5.012875279889926,False,0.00028330000350251794,True,True,0.0,False,0.003113300015684217,True,True,0.0,False,0.09224990001530387
p2-486-1,6,1.0,0.8,25.0,0.005,True,69,False,False,-73.61072002252021,-73.6107200225202,True,True,0.0,False,6.809999467805028e-05,True,False,2.5313449379195134,True,0.00017109999316744506,True,True,0.0,False,0.00039629999082535505,True,False,6.140029709426273,False,0.08852889999980107
p2-486-2,6,1.0,0.8,25.0,0.005,True,62,False,False,-80.35905386328484,-80.35905386328486,True,False,1.3432691429959789,False,7.139999070204794e-05,True,False,2.8941104188617004,False,0.0001795999996829778,True,True,0.0,False,0.005629200022667646,True,False,1.4699239086876759,False,0.08183479998842813
p2-487-0,6,1.0,0.8,25.0,0.01,True,131,False,False,-89.71923613215444,-89.71923613215442,True,False,4.442227333915255,False,0.00011029999586753547,True,False,7.104661679396486,False,0.0002753000007942319,True,True,0.0,False,0.0008427999855484813,True,False,11.31417352653213,False,0.15389799998956732
p2-487-1,6,1.0,0.8,25.0,0.01,True,121,True,False,-79.73797565518106,-79.79515709320154,True,False,3.173074401162822,False,0.00010189999011345208,True,False,3.173074401162822,False,0.0002528999757487327,True,True,0.0,False,0.012396299978718162,True,False,8.971814587817548,False,0.1476453999930527
p2-487-2,6,1.0,0.8,25.0,0.01,True,143,False,False,-76.58096533835142,-76.58096533835142,True,True,0.0,False,0.00013810000382363796,True,False,1.4225094989909337,False,0.0002680000034160912,True,True,0.0,False,0.0007570000016130507,True,False,8.870116541152996,False,0.16975689999526367
p2-488-0,6,1.0,0.8,25.0,0.02,True,225,False,False,-65.74723776878699,-65.74723776878697,True,False,2.9096106560204475,False,0.00023860001238062978,True,False,5.718251754391574,False,0.00047980001545511186,True,True,0.0,False,0.0032328999950550497,True,False,5.73441760494844,False,0.28606380001292564
p2-488-1,6,1.0,0.8,25.0,0.02,True,147,False,False,-57.93218132581554,-57.932181325815534,True,False,1.8316391323345584,False,0.0001244999875780195,True,False,4.09622179593476,False,0.0002901000261772424,True,True,0.0,False,0.001153399993199855,True,False,7.635676817706532,False,0.17438700000639074
p2-488-2,6,1.0,0.8,25.0,0.02,True,104,False,False,-45.669219677144596,-45.669219677144596,True,False,2.9770518814818416,False,9.560000034980476e-05,True,False,0.7875299610749948,False,0.0002196999848820269,True,True,0.0,False,0.0013269000046420842,True,False,3.4271529426933895,False,0.12190599998575635
p2-489-0,6,1.0,0.8,50.0,0.005,True,31,False,True,-64.9728248396946,-64.9728248396946,True,True,0.0,True,4.659997648559511e-05,True,False,4.139745741589223,False,0.0001304999750573188,True,True,0.0,True,0.00024320001830346882,True,True,0.0,True,0.03517899999860674
p2-489-1,6,1.0,0.8,50.0,0.005,True,22,False,True,-55.26763825068474,-55.26763825068474,True,True,0.0,True,5.15999854542315e-05,True,False,4.7854241280826955,False,0.00015349997556768358,True,True,0.0,True,0.0003497999859973788,True,True,0.0,True,0.02693699998781085
p2-489-2,6,1.0,0.8,50.0,0.005,True,45,False,False,-95.81084765211031,-95.81084765211031,True,True,0.0,False,5.870001041330397e-05,True,True,0.0,False,0.00015419998089782894,True,True,0.0,False,0.0002804000105243176,True,False,3.3648227698919726,True,0.05438510002568364
p2-490-0,6,1.0,0.8,50.0,0.01,True,54,False,False,-77.72692100633977,-77.72692100633977,True,False,0.3355076591153505,True,6.230000872164965e-05,True,False,2.6543968306282437,False,0.000162799988174811,True,True,0.0,False,0.0007526999979745597,True,False,4.901396719269911,False,0.061950900009833276
p2-490-1,6,1.0,0.8,50.0,0.01,True,51,False,False,-77.88121671166273,-77.88121671166273,True,False,0.9448861265880595,False,6.049999501556158e-05,True,False,2.005662172558374,False,0.00017040001694113016,True,True,0.0,False,0.00044919998617842793,True,False,2.299465542956753,False,0.05607719998806715
p2-490-2,6,1.0,0.8,50.0,0.01,True,65,False,False,-79.62816451252982,-79.6281645125298,True,True,0.0,False,8.769999840296805e-05,True,False,3.1709755801805954,False,0.0002677000011317432,True,True,0.0,False,0.000916499993763864,True,False,6.466615608665663,False,0.07844749998184852
p2-491-0,6,1.0,0.8,50.0,0.02,True,57,False,False,-51.91377944444577,-51.91377944444577,True,False,2.0820965466859676,False,6.2700011767447e-05,True,False,3.0437122908860417,False,0.00016029999824240804,True,True,0.0,False,0.0004512000014074147,True,False,4.7933165352958085,False,0.06672879998222925
p2-491-1,6,1.0,0.8,50.0,0.02,True,65,True,False,-49.807332861053716,-50.18554368397024,True,False,0.34327082343844495,False,8.379999781027436e-05,True,False,4.112362394295921,False,0.00022390001686289907,True,True,0.0,False,0.011291100003290921,True,False,0.49006088365524647,True,0.07348429999547079
p2-491-2,6,1.0,0.8,50.0,0.02,True,69,False,False,-46.92501708708929,-46.92501708708929,True,False,1.5776097934422495,False,6.980000762268901e-05,True,False,3.0192849085332156,False,0.00017139999545179307,True,True,0.0,False,0.0004850999976042658,True,False,1.5919673904407787,False,0.08150780000141822
p2-492-0,6,1.0,0.8,100.0,0.005,True,44,False,False,-107.61763700273072,-107.61763700273073,True,False,1.0745634136071942,True,6.620000931434333e-05,True,False,4.009335826638861,False,0.00022380001610144973,True,True,0.0,False,0.0004919999919366091,True,False,3.407586580642459,False,0.0499489999783691
p2-492-1,6,1.0,0.8,100.0,0.005,True,28,False,True,-81.05538880476561,-81.0553888047656,True,True,0.0,True,7.219999679364264e-05,True,False,3.10155765511972,False,0.00018239999189972878,True,True,0.0,True,0.00029379999614320695,True,True,0.0,True,0.033099599997512996
p2-492-2,6,1.0,0.8,100.0,0.005,True,29,False,True,-79.89105336638772,-79.89105336638771,True,True,0.0,True,4.300000728107989e-05,True,False,5.709067079360366,False,0.00011809999705292284,True,True,0.0,True,0.0002513999934308231,True,True,0.0,True,0.03347539997776039
p2-493-0,6,1.0,0.8,100.0,0.01,True,31,False,False,-76.61398161140157,-76.61398161140156,True,True,0.0,False,4.569999873638153e-05,True,True,0.0,False,0.00013420000323094428,True,True,0.0,False,0.0002179000002797693,True,True,0.0,False,0.03515290000359528
p2-493-1,6,1.0,0.8,100.0,0.01,True,34,False,True,-70.29569726662135,-70.29569726662135,True,True,0.0,True,4.649997572414577e-05,True,False,10.706427161721436,False,0.00013410000246949494,True,True,0.0,True,0.00021479997667483985,True,False,2.4420415496993115,False,0.0393294999958016
p2-493-2,6,1.0,0.8,100.0,0.01,True,38,False,True,-86.46405613963488,-86.46405613963489,True,True,0.0,True,5.1300012273713946e-05,True,False,1.48919630803627,False,0.00015589999384246767,True,True,0.0,True,0.0002893999917432666,True,False,2.6955080625467502,False,0.0462790000019595
p2-494-0,6,1.0,0.8,100.0,0.02,True,41,False,True,-49.78586272759667,-49.78586272759667,True,True,0.0,True,5.440000677481294e-05,True,False,6.105192793787417,False,0.00015529998927377164,True,True,0.0,True,0.0002806000120472163,True,False,0.7764412803763676,False,0.05065009999088943
p2-494-1,6,1.0,0.8,100.0,0.02,True,59,False,False,-70.29034652413763,-70.29034652413763,True,False,2.8059945273300144,False,7.22000258974731e-05,True,False,7.618525735269785,False,0.0001784000196494162,True,True,0.0,False,0.00036269999691285193,True,False,5.7784268344668845,False,0.06655199997476302
p2-494-2,6,1.0,0.8,100.0,0.02,True,34,False,True,-57.456237530172686,-57.456237530172686,True,True,0.0,True,4.780001472681761e-05,True,False,3.210763381400618,False,0.0001306000049225986,True,True,0.0,True,0.00020559999393299222,True,False,1.8147507206878473,False,0.03911750001134351
p2-495-0,6,1.0,0.9,25.0,0.005,True,104,False,False,-106.98249488825847,-106.98249488825847,True,True,0.0,False,9.369998588226736e-05,True,False,4.160459624222355,False,0.00023609999334439635,True,True,0.0,False,0.0004518000059761107,True,False,5.101056060166329,False,0.12583319999976084
p2-495-1,6,1.0,0.9,25.0,0.005,True,60,False,False,-68.89025359513472,-68.89025359513472,True,False,1.8676054935956898,False,6.459999713115394e-05,True,False,5.579437170255439,False,0.0001632000203244388,True,True,0.0,False,0.00034420000156387687,True,False,2.000597717746217,True,0.06958429998485371
p2-495-2,6,1.0,0.9,25.0,0.005,True,82,False,False,-87.33430851421281,-87.3343085142128,True,True,0.0,False,8.490000618621707e-05,True,False,7.634880445197311,False,0.0002046000154223293,True,True,0.0,False,0.000388299988117069,True,False,7.166012482360657,False,0.09274120000191033
p2-496-0,6,1.0,0.9,25.0,0.01,True,116,False,False,-74.63875881336,-74.63875881336001,True,False,1.4925079244572004,False,9.690001024864614e-05,True,False,7.284908771790427,False,0.00022519999765791,True,True,0.0,False,0.0005350999999791384,True,False,6.60763571074952,False,0.13413459999719635
p2-496-1,6,1.0,0.9,25.0,0.01,True,104,False,False,-61.88282015296233,-61.88282015296233,True,False,0.9461273901629994,False,9.42000187933445e-05,True,False,4.20773921183163,False,0.00022590000298805535,True,True,0.0,False,0.0009627999970689416,True,False,1.5712920833939776,False,0.12039749999530613
p2-496-2,6,1.0,0.9,25.0,0.01,True,130,False,False,-72.7635677120867,-72.7635677120867,True,False,0.007854600955312208,False,0.00013529998250305653,True,False,0.007854600955312208,False,0.0003285999991931021,True,True,0.0,False,0.0008495999791193753,True,False,6.725896718156122,False,0.15569859999231994
p2-497-0,6,1.0,0.9,25.0,0.02,True,248,True,False,-68.65009104025818,-68.8788028812588,True,False,3.696463595646236,False,0.0001889999839477241,True,False,7.253998754784973,False,0.000394799979403615,True,True,0.0,False,0.016889499995158985,True,False,12.463726055202287,False,0.31281179998768494
p2-497-1,6,1.0,0.9,25.0,0.02,True,195,False,False,-59.9300346425511,-59.93003464255111,True,False,2.4871553224587046,False,0.0001598999951966107,True,False,6.535489141149597,False,0.0003237999917473644,True,True,0.0,False,0.0014642000023741275,True,False,9.997233079008794,False,0.24169689998961985
p2-497-2,6,1.0,0.9,25.0,0.02,True,257,False,False,-78.96021738370948,-78.96021738370948,True,False,4.216878330474671,False,0.0002400000230409205,True,False,10.297906436924649,False,0.0005290000117383897,True,True,0.0,False,0.0021437999967020005,True,False,12.811335827988174,False,0.3362186999875121
p2-498-0,6,1.0,0.9,50.0,0.005,True,42,False,False,-75.85707890849002,-75.85707890849002,True,True,0.0,False,5.509998300112784e-05,True,False,7.241873224112695,False,0.0001500000071246177,True,True,0.0,False,0.00024080000002868474,True,True,0.0,False,0.04811539998627268
p2-498-1,6,1.0,0.9,50.0,0.005,True,39,False,True,-78.89440417292406,-78.89440417292404,True,True,0.0,True,4.889999399892986e-05,True,False,2.9001391820226416,False,0.00014220000593923032,True,True,0.0,True,0.0002277999883517623,True,True,0.0,True,0.04466580000007525
p2-498-2,6,1.0,0.9,50.0,0.005,True,35,False,True,-82.21468421641872,-82.21468421641872,True,True,0.0,True,8.05000017862767e-05,True,True,0.0,True,0.00014109999756328762,True,True,0.0,True,0.00022139999782666564,True,True,0.0,True,0.038787500001490116
p2-499-0,6,1.0,0.9,50.0,0.01,True,56,False,True,-65.6616186900535,-65.6616186900535,True,False,0.48986409876673065,False,7.720000576227903e-05,True,False,2.8655259674603784,False,0.000162499985890463,True,True,0.0,True,0.00024009999469853938,True,False,3.320971464408629,False,0.06435569998575374
p2-499-1,6,1.0,0.9,50.0,0.01,True,63,False,False,-74.68786275811107,-74.68786275811105,True,False,0.23980070591269964,True,9.180000051856041e-05,True,False,4.592309590832841,False,0.0002580000145826489,True,True,0.0,False,0.0003583999932743609,True,False,2.2085586159482915,False,0.09248279998428188
p2-499-2,6,1.0,0.9,50.0,0.01,True,75,False,False,-84.09260967294274,-84.09260967294273,True,True,0.0,False,7.609999738633633e-05,True,False,7.054201940315082,False,0.00021130000823177397,True,True,0.0,False,0.00041700000292621553,True,False,6.8995733940153485,False,0.11120829998981208
p2-500-0,6,1.0,0.9,50.0,0.02,True,136,False,False,-67.79480223107552,-67.79480223107552,True,False,3.120372029059496,False,0.00012159999459981918,True,False,7.634075375749212,False,0.0002680000034160912,True,True,0.0,False,0.0006858000124339014,True,False,11.110399835390702,False,0.15886820000014268
p2-500-1,6,1.0,0.9,50.0,0.02,True,58,False,False,-46.578417221450835,-46.578417221450835,True,True,0.0,False,6.250001024454832e-05,True,False,2.9110941888933723,False,0.0001579000090714544,True,True,0.0,False,0.0002796999760903418,True,False,5.391448471858169,False,0.06394400002318434
p2-500-2,6,1.0,0.9,50.0,0.02,True,127,False,False,-71.00112197610987,-71.00112197610987,True,False,2.61251238515041,False,0.0001382000045850873,True,False,5.5059412267630705,False,0.0003312000189907849,True,True,0.0,False,0.0037764000007882714,True,False,9.449394079857058,False,0.15197259999695234
p2-501-0,6,1.0,0.9,100.0,0.005,True,35,False,True,-92.7320868936387,-92.7320868936387,True,True,0.0,True,8.900000830180943e-05,True,False,8.336092937702333,False,0.0002027000009547919,True,True,0.0,True,0.00028360000578686595,True,True,0.0,True,0.04133659999934025
p2-501-1,6,1.0,0.9,100.0,0.005,True,43,False,False,-106.9553799402862,-106.9553799402862,True,True,0.0,False,5.979998968541622e-05,True,False,8.404766796507516,False,0.00016179998056031764,True,True,0.0,False,0.0002410000015515834,True,False,5.61107626156398,False,0.050110300013329834
p2-501-2,6,1.0,0.9,100.0,0.005,True,36,False,True,-90.66935898136674,-90.66935898136676,True,True,0.0,True,4.81999886687845e-05,True,False,3.950985956274323,False,0.00014779999037273228,True,True,0.0,True,0.0002786999975796789,True,True,0.0,True,0.04044229999999516
p2-502-0,6,1.0,0.9,100.0,0.01,True,40,False,True,-90.14983011968938,-90.14983011968938,True,True,0.0,True,5.1300012273713946e-05,True,True,0.0,True,0.00014819999341852963,True,True,0.0,True,0.0002798000059556216,True,False,5.685246269344361,False,0.04520250001223758
p2-502-1,6,1.0,0.9,100.0,0.01,True,38,False,True,-86.3473771865194,-86.3473771865194,True,True,0.0,True,5.210001836530864e-05,True,True,0.0,True,0.00014910000027157366,True,True,0.0,True,0.0002717000024858862,True,True,0.0,True,0.04217790000257082
p2-502-2,6,1.0,0.9,100.0,0.01,True,44,False,True,-93.38664112946593,-93.38664112946593,True,True,0.0,True,7.040001219138503e-05,True,False,8.953231338805963,False,0.00023669999791309237,True,True,0.0,True,0.0003200999926775694,True,True,0.0,True,0.04874819997348823
p2-503-0,6,1.0,0.9,100.0,0.02,True,60,False,False,-69.24355328254754,-69.24355328254752,True,True,0.0,False,6.53000024612993e-05,True,True,0.0,False,0.00017240000306628644,True,True,0.0,False,0.00042470000335015357,True,False,5.7112085252127045,False,0.07484159999876283
p2-503-1,6,1.0,0.9,100.0,0.02,True,67,False,False,-83.00656662257892,-83.00656662257893,True,True,0.0,False,7.229999755509198e-05,True,False,4.58501924176943,False,0.0001941000227816403,True,True,0.0,False,0.0006302999972831458,True,True,0.0,False,0.07673559998511337
p2-503-2,6,1.0,0.9,100.0,0.02,True,44,False,True,-56.827203689855445,-56.827203689855445,True,True,0.0,True,5.43000060133636e-05,True,True,0.0,True,0.00021170001127757132,True,True,0.0,True,0.00048450002213940024,True,True,0.0,True,0.05030649999389425
p2-504-0,6,1.0,1.0,25.0,0.005,True,40,False,True,-97.82973075334354,-97.82973075334354,True,True,0.0,True,5.059997783973813e-05,True,True,0.0,True,0.00015180002083070576,True,True,0.0,True,0.000322199979564175,True,True,0.0,True,0.048267200007103384
p2-504-1,6,1.0,1.0,25.0,0.005,True,46,False,True,-99.75477683942285,-99.75477683942285,True,True,0.0,True,5.729999975301325e-05,True,True,0.0,True,0.00017240000306628644,True,True,0.0,True,0.00010000000474974513,True,True,0.0,True,0.05127260001609102
p2-504-2,6,1.0,1.0,25.0,0.005,True,49,False,True,-96.22832970220698,-96.22832970220698,True,False,30.18066376417542,False,6.140000186860561e-05,True,False,30.18066376417542,False,0.0001731000083964318,True,True,0.0,True,0.00043829999049194157,True,True,0.0,True,0.05448120000073686
p2-505-0,6,1.0,1.0,25.0,0.01,True,98,False,False,-80.40037104699323,-80.40037104699323,True,False,10.047769397303696,False,9.82999918051064e-05,True,False,10.047769397303696,False,0.00022409998928196728,False,False,,False,0.00010830000974237919,True,False,1.6632395245470235,False,0.1149474999983795
p2-505-1,6,1.0,1.0,25.0,0.01,True,94,False,False,-88.17714467606213,-88.17714467606213,True,False,0.36094098413671816,False,8.779999916441739e-05,True,False,0.36094098413671816,False,0.0002209999947808683,True,True,0.0,False,0.0004422999918460846,True,False,0.36094098413671816,False,0.11117660001036711
p2-505-2,6,1.0,1.0,25.0,0.01,True,79,False,False,-83.05707935422987,-83.05707935422987,True,False,0.7950067756293322,False,7.860001642256975e-05,True,False,0.7950067756293322,False,0.00019180000526830554,True,True,0.0,False,0.00010259999544359744,True,False,1.932126207297813,False,0.09305589998257346
p2-506-0,6,1.0,1.0,25.0,0.02,True,167,False,False,-76.0037678797382,-76.0037678797382,True,False,0.5237180162395987,False,0.00013449997641146183,True,False,0.5237180162395987,False,0.00030849999166093767,True,True,0.0,False,0.0007132999890018255,True,False,3.86306174785517,False,0.20353930001147091
p2-506-1,6,1.0,1.0,25.0,0.02,True,150,False,False,-69.81358088729847,-69.81358088729847,True,False,6.6043510119555435,False,0.00015120001626200974,True,False,6.6043510119555435,False,0.0003772999916691333,True,True,0.0,False,0.002388499997323379,True,False,6.3259044151750885,False,0.18197669999790378
p2-506-2,6,1.0,1.0,25.0,0.02,True,149,False,False,-67.9908186387711,-67.9908186387711,True,False,9.224277919786466,False,0.0001221999991685152,True,False,17.476343295473214,False,0.0002896999940276146,True,True,0.0,False,0.0011041999969165772,True,False,5.869326450675622,False,0.1748823999951128
p2-507-0,6,1.0,1.0,50.0,0.005,True,28,False,False,-97.61657824040635,-97.61657824040635,True,True,0.0,False,4.509999416768551e-05,True,True,0.0,False,0.0001404999929945916,True,True,0.0,False,8.66000191308558e-05,True,True,0.0,False,0.03230030002305284
p2-507-1,6,1.0,1.0,50.0,0.005,True,27,False,True,-99.7641386303171,-99.76413863031712,True,True,0.0,True,4.3100008042529225e-05,True,True,0.0,True,0.00014290001126937568,True,True,0.0,True,7.82000133767724e-05,True,True,0.0,True,0.030665400001453236
p2-507-2,6,1.0,1.0,50.0,0.005,True,29,False,True,-102.67658438319502,-102.67658438319502,True,True,0.0,True,4.33000095654279e-05,True,True,0.0,True,0.00013669999316334724,True,True,0.0,True,8.570001227781177e-05,True,True,0.0,True,0.03804569999920204
p2-508-0,6,1.0,1.0,50.0,0.01,True,35,False,True,-90.3807490477172,-90.3807490477172,True,True,0.0,True,4.889999399892986e-05,True,True,0.0,True,0.0001469000126235187,True,True,0.0,True,9.109999518841505e-05,True,True,0.0,True,0.03871009999420494
p2-508-1,6,1.0,1.0,50.0,0.01,True,55,False,False,-88.75472965581314,-88.75472965581315,True,False,12.03826626627938,False,6.349998875521123e-05,True,False,12.03826626627938,False,0.00017949999892152846,True,True,0.0,False,0.00010409997776150703,True,True,0.0,False,0.061731800000416115
p2-508-2,6,1.0,1.0,50.0,0.01,True,37,False,True,-87.51870159444523,-87.51870159444523,True,True,0.0,True,4.9700000090524554e-05,True,True,0.0,True,0.00014720001490786672,True,True,0.0,True,0.0002523000002838671,True,True,0.0,True,0.045354200003203005
p2-509-0,6,1.0,1.0,50.0,0.02,True,74,False,False,-77.9953688163171,-77.9953688163171,True,False,10.019639726720527,False,7.639999967068434e-05,True,False,10.019639726720527,False,0.00019559997599571943,True,True,0.0,False,0.0001142999972216785,True,False,2.2066365529030207,False,0.08596460000262596
p2-509-1,6,1.0,1.0,50.0,0.02,True,68,False,False,-77.67676906842178,-77.67676906842178,True,False,10.025155217246976,False,0.0001221999991685152,True,False,10.025155217246976,False,0.0002770999853964895,True,True,0.0,False,0.00014719998580403626,True,True,0.0,False,0.07844990000012331
p2-509-2,6,1.0,1.0,50.0,0.02,True,80,False,False,-75.89891974573455,-75.89891974573455,True,False,2.350823844551428,False,7.85999873187393e-05,True,False,2.350823844551428,False,0.00019759999122470617,True,True,0.0,False,0.000461499992525205,True,False,2.1811244840232433,False,0.09434569999575615
p2-510-0,6,1.0,1.0,100.0,0.005,True,24,False,True,-113.89097086560314,-113.89097086560314,True,True,0.0,True,4.05999890062958e-05,True,True,0.0,True,0.00011709998943842947,True,True,0.0,True,7.210002513602376e-05,True,True,0.0,True,0.025589900003978983
p2-510-1,6,1.0,1.0,100.0,0.005,True,30,False,True,-108.86461452452455,-108.86461452452454,True,True,0.0,True,4.610000178217888e-05,True,True,0.0,True,0.00014700001338496804,True,True,0.0,True,0.00010390000534243882,True,True,0.0,True,0.03271359999780543
p2-510-2,6,1.0,1.0,100.0,0.005,True,27,False,True,-109.90284437160335,-109.90284437160335,True,True,0.0,True,4.650000482797623e-05,True,True,0.0,True,0.0001362999901175499,True,True,0.0,True,8.3099992480129e-05,True,True,0.0,True,0.0294632000150159
p2-511-0,6,1.0,1.0,100.0,0.01,True,30,False,True,-95.41875065938864,-95.41875065938862,True,True,0.0,True,4.610000178217888e-05,True,True,0.0,True,0.0001464999804738909,True,True,0.0,True,8.919998072087765e-05,True,True,0.0,True,0.03432690000045113
p2-511-1,6,1.0,1.0,100.0,0.01,True,26,False,True,-94.5917905475388,-94.5917905475388,True,True,0.0,True,4.5400025555863976e-05,True,True,0.0,True,0.00013679999392479658,True,True,0.0,True,8.38999985717237e-05,True,True,0.0,True,0.02936519999639131
p2-511-2,6,1.0,1.0,100.0,0.01,True,29,False,True,-95.06106496662585,-95.06106496662585,True,True,0.0,True,4.5199994929134846e-05,True,True,0.0,True,0.0001464999804738909,True,True,0.0,True,8.499997784383595e-05,True,True,0.0,True,0.03351979999570176
p2-512-0,6,1.0,1.0,100.0,0.02,True,31,False,True,-81.43549017554176,-81.43549017554174,True,True,0.0,True,4.3599982745945454e-05,True,True,0.0,True,0.0001328999933321029,True,True,0.0,True,7.959999493323267e-05,True,True,0.0,True,0.03477050000219606
p2-512-1,6,1.0,1.0,100.0,0.02,True,33,False,True,-75.97122661871224,-75.97122661871224,True,True,0.0,True,0.0002474999928381294,True,False,10.630752814716502,False,0.00022079999325796962,True,True,0.0,True,8.830000297166407e-05,True,True,0.0,True,0.0419943000015337
p2-512-2,6,1.0,1.0,100.0,0.02,True,30,False,False,-65.81878155690104,-65.81878155690104,True,True,0.0,False,4.569999873638153e-05,True,False,10.298736953501269,False,0.00013749999925494194,True,True,0.0,False,0.00011439999798312783,True,True,0.0,False,0.049035800009733066
p2-513-0,6,2.0,0.8,25.0,0.005,True,58,False,False,-65.28251902823818,-65.28251902823818,True,False,0.357904384252123,False,6.730001769028604e-05,True,False,4.847996739796507,False,0.00017889999435283244,True,True,0.0,False,0.0013495000021066517,True,False,0.15848092116227974,False,0.06406049997895025
p2-513-1,6,2.0,0.8,25.0,0.005,True,62,False,False,-68.44002921427072,-68.44002921427072,True,True,0.0,False,7.389998063445091e-05,True,False,4.185624503111185,False,0.00018140001338906586,True,True,0.0,False,0.0004534000181593001,True,False,2.317249307137942,False,0.07197960000485182
p2-513-2,6,2.0,0.8,25.0,0.005,True,73,False,False,-82.05719554745416,-82.05719554745416,True,False,1.8649248834440613,False,0.0002280999906361103,True,False,6.737002396452326,False,0.00021609998657368124,True,True,0.0,False,0.0008572000078856945,True,False,4.732179295055673,False,0.08475140001974069
p2-514-0,6,2.0,0.8,25.0,0.01,True,144,False,False,-68.9766869785914,-68.97668697859139,True,False,3.529019574817397,False,0.000152900000102818,True,False,8.864701035718106,False,0.0003735999925993383,True,True,0.0,False,0.0014949000033084303,True,False,6.728506323279731,False,0.17252830002689734
p2-514-1,6,2.0,0.8,25.0,0.01,True,81,False,False,-57.985663371387275,-57.98566337138728,True,False,1.0886489400219403,False,7.930002175271511e-05,True,False,1.4456993476710593,True,0.0001931999868247658,True,True,0.0,False,0.00039149998337961733,True,False,4.303268058136439,False,0.09200910001527518
p2-514-2,6,2.0,0.8,25.0,0.01,True,101,False,True,-62.11685290710614,-62.116852907106136,True,False,0.2045099647758306,False,9.799998952075839e-05,True,False,7.237340673593003,False,0.0002434000198263675,True,True,0.0,True,0.0013818999868817627,True,False,2.381456788563767,False,0.12775089999195188
p2-515-0,6,2.0,0.8,25.0,0.02,True,214,False,False,-59.37582969874882,-59.37582969874882,True,True,0.0,False,0.00016170000890269876,True,False,2.7781462003233415,False,0.000382099999114871,True,True,0.0,False,0.0010098999773617834,True,False,10.218369460129665,False,0.26782869998714887
p2-515-1,6,2.0,0.8,25.0,0.02,True,131,False,False,-44.88344970841198,-44.88344970841198,True,False,0.12255250545736374,False,0.00010920001659542322,True,False,0.12255250545736374,False,0.0002429999876767397,True,True,0.0,False,0.0010627000010572374,True,False,8.968254009488142,False,0.1584652999881655
p2-515-2,6,2.0,0.8,25.0,0.02,True,194,False,False,-47.44904879633182,-47.44904879633182,True,False,2.1536069756296,False,0.00019469999824650586,True,False,2.609423576817875,False,0.00042460000258870423,True,True,0.0,False,0.001775600016117096,True,False,4.6584390331104615,False,0.2376354000007268
p2-516-0,6,2.0,0.8,50.0,0.005,True,21,False,True,-47.57872870547732,-47.57872870547731,True,True,0.0,True,3.920000744983554e-05,True,False,2.1743569638151,False,0.00011059999815188348,True,True,0.0,True,0.000239099987084046,True,True,0.0,True,0.02359150000847876
p2-516-1,6,2.0,0.8,50.0,0.005,True,52,False,False,-90.52919915255022,-90.52919915255023,True,False,0.08645131668316708,False,6.150000263005495e-05,True,False,8.220129252442774,False,0.00018419997650198638,True,True,0.0,False,0.0011769999982789159,True,False,0.5479164548605553,False,0.05953810000210069
p2-516-2,6,2.0,0.8,50.0,0.005,True,47,False,False,-83.80982741378857,-83.80982741378855,True,True,0.0,False,6.180000491440296e-05,True,False,8.350709036724865,False,0.0001748999929986894,True,True,0.0,False,0.00025519999326206744,True,False,2.5098459545837812,False,0.05508360001840629
p2-517-0,6,2.0,0.8,50.0,0.01,True,71,False,False,-68.88095766291794,-68.88095766291794,True,False,0.11594939580113817,True,9.349998435936868e-05,True,False,6.05727083491481,False,0.00027000001864507794,True,True,0.0,False,0.0011544000008143485,True,False,3.4310116397637387,False,0.08133729998371564
p2-517-1,6,2.0,0.8,50.0,0.01,True,47,False,False,-56.199285363372425,-56.19928536337244,True,False,1.6060135153198374,False,5.8699981309473515e-05,True,False,1.6060135153198374,False,0.00016190001042559743,True,True,0.0,False,0.00044839998008683324,True,True,0.0,False,0.053870200004894286
p2-517-2,6,2.0,0.8,50.0,0.01,True,67,False,True,-67.0175388631163,-67.01753886311631,True,False,0.782964991294989,False,6.739998934790492e-05,True,False,3.7272466657469536,False,0.00017439998919144273,True,True,0.0,True,0.0003369000041857362,True,False,4.337019287226276,False,0.08109029999468476
p2-518-0,6,2.0,0.8,50.0,0.02,True,61,True,False,-47.40960646139817,-48.02157484910539,True,False,2.2718702500654544,False,6.550000398419797e-05,True,False,0.15578935751535283,False,0.00017790001584216952,True,True,0.0,False,0.009867899992968887,True,False,0.46657434511666906,False,0.07162909998442046
p2-518-1,6,2.0,0.8,50.0,0.02,True,154,True,False,-68.43337493488478,-68.9171527945634,True,False,0.4107625708172975,False,0.00013679999392479658,True,False,2.1896868295703484,False,0.00030360001255758107,True,True,0.0,False,0.015579999977489933,True,False,10.408633113388177,False,0.1998586000117939
p2-518-2,6,2.0,0.8,50.0,0.02,True,90,False,False,-53.25764755999796,-53.25764755999796,True,False,4.996813224872362,False,8.610001532360911e-05,True,False,5.320352617385041,False,0.00021299999207258224,True,True,0.0,False,0.002084999985527247,True,False,6.503115707512713,False,0.10635899999761023
p2-519-0,6,2.0,0.8,100.0,0.005,True,40,False,True,-92.5355094769163,-92.53550947691629,True,True,0.0,True,5.3499999921768904e-05,True,False,5.892359129181898,False,0.00015919998986646533,True,True,0.0,True,0.00024530000519007444,True,False,4.238290352306976,False,0.04622799999197014
p2-519-1,6,2.0,0.8,100.0,0.005,True,38,False,True,-89.44902942027899,-89.449029420279,True,True,0.0,True,5.110001075081527e-05,True,False,9.28086529640592,False,0.0001584000128787011,True,True,0.0,True,0.000238799984799698,True,True,0.0,True,0.04348759999265894
p2-519-2,6,2.0,0.8,100.0,0.005,True,39,False,True,-91.59954447381942,-91.59954447381944,True,True,0.0,True,8.249998791143298e-05,True,False,2.102980599451641,False,0.00022289998014457524,True,True,0.0,True,0.00033549999352544546,True,False,3.3136872264062163,False,0.045580699981655926
p2-520-0,6,2.0,0.8,100.0,0.01,True,41,False,False,-68.59090126365197,-68.59090126365197,True,False,0.8759849529350561,True,5.530001362785697e-05,True,False,5.432147361946733,False,0.0001537999778520316,True,True,0.0,False,0.00033629999961704016,True,True,0.0,False,0.04705850000027567
p2-520-1,6,2.0,0.8,100.0,0.01,True,43,False,True,-80.22486772012338,-80.2248677201234,True,True,0.0,True,8.339999476447701e-05,True,False,7.605341076437483,False,0.0002381000085733831,True,True,0.0,True,0.00033939999411813915,True,False,2.887433125479447,False,0.05068730001221411
p2-520-2,6,2.0,0.8,100.0,0.01,True,53,False,True,-92.03903305421545,-92.03903305421547,True,True,0.0,True,6.46000262349844e-05,True,True,0.0,True,0.00017899999511428177,True,True,0.0,True,0.0003787999739870429,True,False,3.801582969257737,False,0.0592696999956388
p2-521-0,6,2.0,0.8,100.0,0.02,True,44,False,False,-49.79722563606764,-49.79722563606764,True,False,2.2563270255300836,False,5.289999535307288e-05,True,False,1.23659128130015,False,0.00014910000027157366,True,True,0.0,False,0.0009285999985877424,True,False,0.39032163000052833,False,0.05249289999483153
p2-521-1,6,2.0,0.8,100.0,0.02,True,61,False,False,-61.73867389262753,-61.73867389262753,True,False,1.8208551758733122,False,7.989999721758068e-05,True,False,10.427566797691803,False,0.00019050002447329462,True,True,0.0,False,0.0007689000049140304,True,False,4.413694234357507,False,0.06942790001630783
p2-521-2,6,2.0,0.8,100.0,0.02,True,44,False,True,-49.75720255535317,-49.757202555353174,True,True,0.0,True,5.849997978657484e-05,True,False,2.8433285615547135,False,0.00015009997878223658,True,True,0.0,True,0.0002877999795600772,True,True,0.0,True,0.05045330000575632
p2-522-0,6,2.0,0.9,25.0,0.005,True,79,False,False,-80.96412013982683,-80.96412013982683,True,True,0.0,False,7.550002192147076e-05,True,False,8.162677149721759,False,0.0002060999977402389,True,True,0.0,False,0.00037480000173673034,True,False,6.758810805083414,False,0.09268559998599812
p2-522-1,6,2.0,0.9,25.0,0.005,True,105,False,False,-86.30199749693975,-86.30199749693976,True,False,0.7987349928899192,False,9.560000034980476e-05,True,False,5.127227931440231,False,0.0002470000181347132,True,True,0.0,False,0.0007545000116806477,True,False,8.925826604318061,False,0.125828599993838
p2-522-2,6,2.0,0.9,25.0,0.005,True,83,False,False,-72.68567724097555,-72.68567724097555,True,False,0.6927146814737739,False,8.180001168511808e-05,True,False,0.6927146814737739,False,0.00020819998462684453,True,True,0.0,False,0.0015045999898575246,True,False,2.4324006925294555,False,0.09862259999499656
p2-523-0,6,2.0,0.9,25.0,0.01,True,131,False,False,-65.55586294566692,-65.55586294566692,True,False,3.614024640948969,False,0.00014250000822357833,True,False,7.660916447060174,False,0.00037299998803064227,True,True,0.0,False,0.0012549000093713403,True,False,9.529511427126948,False,0.15716050000628456
p2-523-1,6,2.0,0.9,25.0,0.01,True,112,False,False,-59.78812938727056,-59.78812938727056,True,False,2.5985730111127836,False,0.00012400001287460327,True,False,9.306035480578444,False,0.0003487000067252666,True,True,0.0,False,0.0013864999928046018,True,False,6.134031959494735,False,0.1325520999962464
p2-523-2,6,2.0,0.9,25.0,0.01,True,138,False,False,-65.96772473615272,-65.96772473615272,True,False,0.11033100541460783,False,0.00012470001820474863,True,False,0.11033100541460783,False,0.0002775999892037362,True,True,0.0,False,0.0019634000200312585,True,False,4.293608755244605,False,0.17112050001742318
p2-524-0,6,2.0,0.9,25.0,0.02,True,278,False,False,-56.004783767509615,-56.00478376750962,True,False,1.4516421108673967,False,0.000249299977440387,True,False,1.4516421108673967,False,0.0005802999949082732,True,True,0.0,False,0.0062107999983709306,True,False,11.883803174527678,False,0.3657604000181891
p2-524-1,6,2.0,0.9,25.0,0.02,True,189,False,False,-46.62931647456618,-46.62931647456618,True,False,4.582382554247552,False,0.00015720000374130905,True,False,7.824590345152792,False,0.00034260001848451793,True,True,0.0,False,0.0016325000033248216,True,False,9.495251996049184,False,0.2340937999833841
p2-524-2,6,2.0,0.9,25.0,0.02,True,217,False,False,-54.59055569692556,-54.590555696925556,True,False,1.9840799190556098,False,0.0001723000023048371,True,False,1.9840799190556098,False,0.00037570000858977437,True,True,0.0,False,0.0012912999955005944,True,False,9.843460112712187,False,0.27161230001365766
p2-525-0,6,2.0,0.9,50.0,0.005,True,41,False,False,-68.68685074673188,-68.68685074673188,True,False,1.0842779962679572,True,6.799999391660094e-05,True,False,1.0842779962679572,True,0.00022380001610144973,True,True,0.0,False,0.0006260999944061041,True,False,1.0842779962679572,True,0.053012699994724244
p2-525-1,6,2.0,0.9,50.0,0.005,True,41,False,False,-59.73753565310325,-59.73753565310325,True,True,0.0,False,5.530001362785697e-05,True,False,7.210020048672959,False,0.00016379999578930438,True,True,0.0,False,0.00020429998403415084,True,True,0.0,False,0.048376699996879324
p2-525-2,6,2.0,0.9,50.0,0.005,True,75,False,False,-97.00572093941489,-97.00572093941487,True,False,2.9517547890027487,False,9.139999747276306e-05,True,False,0.8553932032755682,False,0.0002294000005349517,True,True,0.0,False,0.001669299992499873,True,False,8.029845286889042,False,0.08613829998648725
p2-526-0,6,2.0,0.9,50.0,0.01,True,90,False,False,-78.80311643784208,-78.80311643784208,True,False,1.2193203759426012,False,8.700002217665315e-05,True,False,9.8625750673435,False,0.0002237000153400004,True,True,0.0,False,0.0007280000136233866,True,False,10.98326662128315,False,0.10854809999000281
p2-526-1,6,2.0,0.9,50.0,0.01,True,83,False,False,-69.06053775654381,-69.06053775654381,True,False,2.5916554872866016,False,7.999999797903001e-05,True,False,0.5324169718427783,False,0.0003307999868411571,True,True,0.0,False,0.00039220001781359315,True,False,4.847904470552422,False,0.09748929998022504
p2-526-2,6,2.0,0.9,50.0,0.01,True,81,False,False,-72.73066204232524,-72.73066204232522,True,False,1.4969213679295166,False,8.009999874047935e-05,True,False,5.769476135259907,False,0.0002086999884340912,True,True,0.0,False,0.0003656999906525016,True,False,8.894207883444814,False,0.09522560000186786
p2-527-0,6,2.0,0.9,50.0,0.02,True,127,True,False,-55.85160322646193,-56.35951845590147,True,False,1.8970535813500575,False,0.00010830000974237919,True,False,4.252579306241685,False,0.00027039999258704484,True,True,0.0,False,0.014591800019843504,True,False,11.646065121543181,False,0.15129559999331832
p2-527-1,6,2.0,0.9,50.0,0.02,True,143,False,False,-58.10917019106383,-58.109170191063825,True,False,0.8824621214469985,False,0.00012389998300932348,True,False,6.573457052811811,False,0.00028180002118460834,True,True,0.0,False,0.0010127999994438142,True,False,14.421728684172521,False,0.17327719999593683
p2-527-2,6,2.0,0.9,50.0,0.02,True,158,False,False,-60.26590078668687,-60.26590078668687,True,True,0.0,False,0.0001275000104214996,True,False,3.351467441323919,False,0.00029409999842755497,True,True,0.0,False,0.0016530999855604023,True,False,6.676910243180934,False,0.19732269999803975
p2-528-0,6,2.0,0.9,100.0,0.005,True,42,False,False,-83.41912411541615,-83.41912411541617,True,False,0.9099751008432406,False,5.669999518431723e-05,True,False,5.4990209997031485,False,0.00016880000475794077,True,True,0.0,False,0.00034229998709633946,True,True,0.0,False,0.047973800014005974
p2-528-1,6,2.0,0.9,100.0,0.005,True,35,False,True,-77.35114832724986,-77.35114832724987,True,True,0.0,True,7.129998994059861e-05,True,False,2.8396944836917015,False,0.0002127000188920647,True,True,0.0,True,0.00031140001374296844,True,True,0.0,True,0.040842699992936105
p2-528-2,6,2.0,0.9,100.0,0.005,True,43,False,True,-94.91932163298667,-94.91932163298667,True,True,0.0,True,5.669999518431723e-05,True,True,0.0,True,0.0001640999980736524,True,True,0.0,True,0.00031939998734742403,True,False,5.646343629932133,False,0.0494495999882929
p2-529-0,6,2.0,0.9,100.0,0.01,True,47,False,False,-78.68803879070937,-78.68803879070937,True,True,0.0,False,5.870001041330397e-05,True,False,6.796554969628758,False,0.0001714999962132424,True,True,0.0,False,0.0002586999908089638,True,False,4.985505947290434,False,0.05181899998569861
p2-529-1,6,2.0,0.9,100.0,0.01,True,46,False,False,-74.8130594571262,-74.81305945712622,True,True,0.0,False,5.599998985417187e-05,True,False,4.593986933237133,False,0.00017559999832883477,True,True,0.0,False,0.0005523000145331025,True,True,0.0,False,0.052381499990588054
p2-529-2,6,2.0,0.9,100.0,0.01,True,46,False,True,-79.63407119756349,-79.63407119756349,True,True,0.0,True,6.650001159869134e-05,True,False,12.925328890349832,False,0.00023510001483373344,True,True,0.0,True,0.0002899999963119626,True,False,5.165205309534855,False,0.05322860000887886
p2-530-0,6,2.0,0.9,100.0,0.02,True,40,False,False,-45.66566225181457,-45.66566225181457,True,False,0.753032174129018,True,6.429999484680593e-05,True,False,0.753032174129018,True,0.0001475999888498336,True,True,0.0,False,0.0005842000246047974,True,False,0.753032174129018,True,0.046800099982647225
p2-530-1,6,2.0,0.9,100.0,0.02,True,48,False,False,-56.09976374186617,-56.09976374186616,True,False,4.3316086998812935,False,7.300000288523734e-05,True,False,7.562368279118452,False,0.00021769999875687063,True,True,0.0,False,0.00044499998330138624,True,True,0.0,False,0.05737169997883029
p2-530-2,6,2.0,0.9,100.0,0.02,True,54,True,True,-61.13193488125186,-62.673262389984956,True,False,1.0729264466339359,False,6.170000415295362e-05,True,False,11.929850743261618,False,0.00017170002683997154,True,True,0.0,True,0.01041129999794066,True,False,1.0729264466339359,False,0.06139340001391247
p2-531-0,6,2.0,1.0,25.0,0.005,True,42,False,True,-83.75839401695885,-83.75839401695885,True,True,0.0,True,5.460000829771161e-05,True,True,0.0,True,0.00015780000831000507,True,True,0.0,True,0.0002738999901339412,True,True,0.0,True,0.04689969998435117
p2-531-1,6,2.0,1.0,25.0,0.005,True,50,False,False,-80.0895983957351,-80.0895983957351,True,False,8.71145248045275,False,6.940000457689166e-05,True,False,8.71145248045275,False,0.00017789998673833907,True,True,0.0,False,0.00046999999904073775,True,True,0.0,False,0.05837670000619255
p2-531-2,6,2.0,1.0,25.0,0.005,True,55,False,True,-84.52355975270534,-84.52355975270534,True,True,0.0,True,6.580000626854599e-05,True,True,0.0,True,0.00019530000281520188,True,True,0.0,True,0.00034589998540468514,True,True,0.0,True,0.0614736000134144
p2-532-0,6,2.0,1.0,25.0,0.01,True,66,False,False,-59.790964302512194,-59.790964302512194,True,False,10.841378910892516,False,6.86999992467463e-05,True,False,10.841378910892516,False,0.00019580000662244856,False,False,,False,0.00011230001109652221,True,False,1.631824799384347,False,0.07659569999668747
p2-532-1,6,2.0,1.0,25.0,0.01,True,90,False,False,-69.81349288715558,-69.81349288715556,True,False,8.307022598647805,False,0.00010499998461455107,True,False,8.307022598647805,False,0.00023170001804828644,True,True,0.0,False,0.0007424000068567693,True,False,2.7034292412762113,False,0.12276410000049509
p2-532-2,6,2.0,1.0,25.0,0.01,True,108,False,False,-72.99656121786522,-72.99656121786522,True,False,3.216028082163092,False,9.270000737160444e-05,True,False,3.216028082163092,False,0.00022929999977350235,True,True,0.0,False,0.0003794000076595694,True,False,5.461140427207866,False,0.12221679999493062
p2-533-0,6,2.0,1.0,25.0,0.02,True,160,True,False,-51.58070049457957,-51.720019725806694,True,False,12.61976583004131,False,0.00013050000416114926,True,False,12.61976583004131,False,0.00030839999089948833,True,True,0.0,False,0.01605039997957647,True,False,5.22283294143692,False,0.19208889998844825
p2-533-1,6,2.0,1.0,25.0,0.02,True,237,True,False,-62.54641113109075,-62.604907995843234,True,False,3.0573093301476604,False,0.00018010000349022448,True,False,3.066571135905974,False,0.00039620001916773617,True,True,0.0,False,0.019581200001994148,True,False,6.198073347551087,False,0.30041630001505837
p2-533-2,6,2.0,1.0,25.0,0.02,True,154,False,False,-54.97041087049688,-54.97041087049688,True,False,7.657429680027384,False,0.00013110000872984529,True,False,7.657429680027384,False,0.00029379999614320695,True,True,0.0,False,0.0010206000006292015,True,False,5.532407194094709,False,0.18588189998990856
p2-534-0,6,2.0,1.0,50.0,0.005,True,29,False,True,-85.252362145308,-85.252362145308,True,True,0.0,True,4.39999857917428e-05,True,True,0.0,True,0.00014399999054148793,True,True,0.0,True,8.72999953571707e-05,True,True,0.0,True,0.03288440001779236
p2-534-1,6,2.0,1.0,50.0,0.005,True,28,False,True,-83.17341710632789,-83.17341710632789,True,True,0.0,True,4.370001261122525e-05,True,True,0.0,True,0.0001373999984934926,True,True,0.0,True,8.13000078778714e-05,True,True,0.0,True,0.030813799996394664
p2-534-2,6,2.0,1.0,50.0,0.005,True,32,False,False,-74.02563205334334,-74.02563205334334,True,True,0.0,False,4.709998029284179e-05,True,True,0.0,False,0.00015770000754855573,True,True,0.0,False,9.980000322684646e-05,True,True,0.0,False,0.03805200001806952
p2-535-0,6,2.0,1.0,50.0,0.01,True,54,False,True,-75.46548994799672,-75.46548994799672,True,True,0.0,True,7.839998579584062e-05,True,True,0.0,True,0.00027710001450031996,True,True,0.0,True,0.0008133999945130199,True,False,0.30408536742464776,False,0.0633261000039056
p2-535-1,6,2.0,1.0,50.0,0.01,True,44,False,True,-79.34023985352681,-79.34023985352682,True,True,0.0,True,9.059999138116837e-05,True,True,0.0,True,0.00024430002667941153,True,True,0.0,True,0.00014310001279227436,True,True,0.0,True,0.05244390000007115
p2-535-2,6,2.0,1.0,50.0,0.01,True,47,False,True,-76.72809071560057,-76.72809071560056,True,True,0.0,True,5.840000812895596e-05,True,True,0.0,True,0.00017309997929260135,True,True,0.0,True,9.759998647496104e-05,True,True,0.0,True,0.05480640000314452
p2-536-0,6,2.0,1.0,50.0,0.02,True,90,False,False,-61.39346507153607,-61.39346507153607,True,False,1.070361521964145,True,8.620001608505845e-05,True,False,7.061300862355992,False,0.00022270000772550702,True,True,0.0,False,0.0006378999969456345,True,False,6.7068648789267655,False,0.10735720000229776
p2-536-1,6,2.0,1.0,50.0,0.02,True,73,False,True,-61.142252393949235,-61.142252393949235,True,False,5.773197951807141,False,9.389998740516603e-05,True,False,5.773197951807141,False,0.000287900009425357,False,False,,False,0.00013440000475384295,True,True,0.0,True,0.08292449999134988
p2-536-2,6,2.0,1.0,50.0,0.02,True,94,False,False,-65.38216275527765,-65.38216275527765,True,True,0.0,False,0.00010689999908208847,True,True,0.0,False,0.0003328000020701438,False,False,,False,0.0001598999951966107,True,False,3.317399039774152,False,0.1157004999986384
p2-537-0,6,2.0,1.0,100.0,0.005,True,32,False,False,-84.78436751650007,-84.78436751650007,True,True,0.0,False,6.400002166628838e-05,True,True,0.0,False,0.0002339000056963414,True,True,0.0,False,0.00013520001084543765,True,True,0.0,False,0.03585640000528656
p2-537-1,6,2.0,1.0,100.0,0.005,True,33,False,True,-95.13624018253996,-95.13624018253998,True,True,0.0,True,4.609997267834842e-05,True,True,0.0,True,0.00015410000924021006,True,True,0.0,True,9.440002031624317e-05,True,True,0.0,True,0.03871430002618581
p2-537-2,6,2.0,1.0,100.0,0.005,True,29,False,True,-95.60857875335664,-95.60857875335664,True,True,0.0,True,4.6200002543628216e-05,True,True,0.0,True,0.00014369998825713992,True,True,0.0,True,8.570001227781177e-05,True,True,0.0,True,0.03232170001138002
p2-538-0,6,2.0,1.0,100.0,0.01,True,34,False,False,-87.60396385712396,-87.60396385712396,True,True,0.0,False,6.510000093840063e-05,True,True,0.0,False,0.00022819999139755964,True,True,0.0,False,0.00028860001475550234,True,True,0.0,False,0.03767459999653511
p2-538-1,6,2.0,1.0,100.0,0.01,True,32,False,True,-86.73843454206376,-86.73843454206376,True,True,0.0,True,4.6999979531392455e-05,True,True,0.0,True,0.00016239998512901366,True,True,0.0,True,9.190000128000975e-05,True,True,0.0,True,0.03723459999309853
p2-538-2,6,2.0,1.0,100.0,0.01,True,31,False,True,-79.5020244420941,-79.50202444209411,True,True,0.0,True,4.47999918833375e-05,True,False,10.297678952491708,False,0.00015089998487383127,True,True,0.0,True,8.999998681247234e-05,True,True,0.0,True,0.03448409997508861
p2-539-0,6,2.0,1.0,100.0,0.02,True,36,False,False,-70.24272567423529,-70.24272567423527,True,True,0.0,False,5.7900004321709275e-05,True,True,0.0,False,0.0002167999919038266,False,False,,False,0.0001066999975591898,True,True,0.0,False,0.04256080000777729
p2-539-1,6,2.0,1.0,100.0,0.02,True,36,False,True,-64.42605602597625,-64.42605602597625,True,False,9.86408914973915,False,4.7999987145885825e-05,True,False,17.777632614792182,False,0.0001677999971434474,True,True,0.0,True,9.439999121241271e-05,True,True,0.0,True,0.04061409999849275
p2-539-2,6,2.0,1.0,100.0,0.02,True,43,False,False,-68.45494505929408,-68.45494505929408,True,True,0.0,False,7.09999876562506e-05,True,True,0.0,False,0.0002528999757487327,True,True,0.0,False,0.0001404999929945916,True,True,0.0,False,0.04926180001348257
